OrderID,OrderDate,CustomerID,ProductCategory,Product,Quantity,Discount,Sales,Profit,PaymentMethod,OrderStatus,Loss_Flag
ORD00001,2025-08-27,CUST0258,Office Supplies,Printer,3.0,0.05,39900.0,7045.57,UPI,Shipped,Profit
ORD00002,2025-12-24,CUST0030,Accessories,Usb Hub,5.0,0.05,8550.0,3043.49,Cash on Delivery,Delivered,Profit
ORD00003,2026-07-15,CUST0333,Furniture,Cabinet,2.0,0.2,20800.0,3564.27,Card,Delivered,Profit
ORD00004,2026-02-18,CUST0576,Furniture,Desk,1.0,0.05,14250.0,2908.49,UPI,Delivered,Profit
ORD00005,2025-08-21,CUST0212,Office Supplies,Printer,3.0,0.1,37800.0,5141.35,NetBanking,Delivered,Profit
ORD00006,2025-10-21,CUST0579,Electronics,Monitor,3.0,0.05,51300.0,8241.56,UPI,Delivered,Profit
ORD00007,2025-11-05,CUST0127,Furniture,Bookshelf,3.0,0.3,23100.0,-17457.64,Cash on Delivery,Cancelled,Loss
ORD00008,2026-02-28,CUST0552,Office Supplies,Stapler,1.0,0.2,280.0,77.37,NetBanking,Delivered,Profit
ORD00009,2026-04-27,CUST0338,Office Supplies,Desk Organizer,2.0,0.05,1710.0,508.94,Card,Shipped,Profit
ORD00010,2026-04-06,CUST0195,Office Supplies,Stapler,2.0,0.0,700.0,240.0,Cash on Delivery,Delivered,Profit
ORD00011,2025-09-26,CUST0555,Electronics,Monitor,4.0,0.1,64800.0,9465.85,UPI,Shipped,Profit
ORD00012,2026-07-30,CUST0486,Electronics,Headphones,1.0,0.0,4500.0,1500.0,Cash on Delivery,Delivered,Profit
ORD00013,2026-02-23,CUST0484,Furniture,Desk,3.0,0.2,36000.0,5878.38,UPI,Delivered,Profit
ORD00014,2026-08-16,CUST0327,Furniture,Office Chair,1.0,0.05,8550.0,1997.29,UPI,Delivered,Profit
ORD00015,2026-05-04,CUST0525,Electronics,Monitor,1.0,0.05,17100.0,2920.21,NetBanking,Delivered,Profit
ORD00016,2025-12-14,CUST0192,Electronics,Laptop,2.0,0.15,93500.0,7920.6,UPI,Delivered,Profit
ORD00017,2026-05-23,CUST0583,Furniture,Office Chair,3.0,0.1,24300.0,4971.65,Card,Delivered,Profit
ORD00018,2026-02-21,CUST0460,Electronics,Headphones,1.0,0.1,4050.0,1137.49,UPI,Delivered,Profit
ORD00019,2025-11-29,CUST0503,Electronics,Headphones,2.0,0.1,8100.0,2537.24,NetBanking,Delivered,Profit
ORD00020,2026-03-13,CUST0214,Office Supplies,Printer,4.0,0.15,47600.0,6163.33,Card,Shipped,Profit
ORD00021,2025-11-01,CUST0166,Office Supplies,Desk Organizer,5.0,0.1,4050.0,1058.08,Cash on Delivery,Delivered,Profit
ORD00022,2026-05-07,CUST0378,Office Supplies,Stapler,5.0,0.15,1487.5,385.12,Cash on Delivery,Delivered,Profit
ORD00023,2025-12-30,CUST0385,Accessories,Usb Hub,5.0,0.05,8550.0,2868.99,Cash on Delivery,Shipped,Profit
ORD00024,2025-09-21,CUST0402,Electronics,Keyboard,2.0,0.0,5000.0,1600.0,NetBanking,Shipped,Profit
ORD00025,2026-02-08,CUST0449,Accessories,Mouse,1.0,0.0,1400.0,500.0,NetBanking,Shipped,Profit
ORD00026,2026-07-14,CUST0482,Electronics,Office Chair,4.0,0.0,36000.0,9200.0,UPI,Delivered,Profit
ORD00027,2026-07-21,CUST0200,Accessories,Usb Hub,4.0,0.05,6840.0,2310.29,NetBanking,Delivered,Profit
ORD00028,2026-01-14,CUST0064,Electronics,Keyboard,15.0,0.1,33750.0,10059.46,NetBanking,Delivered,Profit
ORD00029,2025-10-04,CUST0177,Accessories,Mouse,2.0,0.05,2660.0,903.86,NetBanking,Delivered,Profit
ORD00030,2025-09-20,CUST0359,Accessories,Webcam,2.0,0.05,7980.0,2063.3,Cash on Delivery,Delivered,Profit
ORD00031,2026-05-01,CUST0090,Accessories,Usb Hub,1.0,0.15,1530.0,491.47,NetBanking,Delivered,Profit
ORD00032,2026-03-14,CUST0125,Accessories,Usb Hub,2.0,0.2,2880.0,-730.55,NetBanking,Cancelled,Loss
ORD00033,2026-07-28,CUST0362,Office Supplies,Printer,2.0,0.1,25200.0,3802.3,Cash on Delivery,Delivered,Profit
ORD00034,2025-08-11,CUST0598,Electronics,Keyboard,1.0,0.05,2375.0,733.65,Cash on Delivery,Delivered,Profit
ORD00035,2026-04-23,CUST0470,Office Supplies,Printer,3.0,0.15,35700.0,4197.41,UPI,Delivered,Profit
ORD00036,2025-09-15,CUST0596,Electronics,Headphones,2.0,0.1,8100.0,2319.67,Card,Shipped,Profit
ORD00037,2026-08-06,CUST0540,Furniture,Cabinet,1.0,0.3,9100.0,408.21,NetBanking,Delivered,Profit
ORD00038,2026-05-11,CUST0374,Accessories,Webcam,2.0,0.1,7560.0,1719.24,Cash on Delivery,Delivered,Profit
ORD00039,2026-04-03,CUST0167,Accessories,Mouse,4.0,0.1,5040.0,1535.58,NetBanking,Delivered,Profit
ORD00040,2026-08-27,CUST0107,Accessories,Webcam,1.0,0.05,3990.0,1063.66,Cash on Delivery,Shipped,Profit
ORD00041,2026-07-27,CUST0305,Office Supplies,Printer,2.0,0.05,26600.0,4931.85,UPI,Delivered,Profit
ORD00042,2026-03-24,CUST0370,Office Supplies,Paper,2.0,0.15,765.0,113.91,UPI,Delivered,Profit
ORD00043,2026-07-01,CUST0340,Electronics,Laptop,1.0,0.0,55000.0,9000.0,UPI,Delivered,Profit
ORD00044,2025-12-09,CUST0279,Office Supplies,Desk Organizer,3.0,0.15,2295.0,544.5,Cash on Delivery,Delivered,Profit
ORD00045,2026-01-30,CUST0284,Office Supplies,Stapler,3.0,0.15,892.5,-120.41,UPI,Cancelled,Loss
ORD00046,2025-10-08,CUST0597,Electronics,Keyboard,3.0,0.3,5250.0,1324.49,Cash on Delivery,Shipped,Profit
ORD00047,2025-10-31,CUST0486,Office Supplies,Printer,3.0,0.2,33600.0,1949.86,NetBanking,Delivered,Profit
ORD00048,2026-02-15,CUST0415,Electronics,Laptop,15.0,0.1,243000.0,34082.1,NetBanking,Delivered,Profit
ORD00049,2026-06-15,CUST0475,Accessories,Webcam,1.0,0.15,3570.0,841.89,UPI,Delivered,Profit
ORD00050,2025-12-22,CUST0015,Accessories,Usb Hub,3.0,0.05,5130.0,1807.07,UPI,Delivered,Profit
ORD00051,2025-07-03,CUST0515,Electronics,Monitor,4.0,0.0,72000.0,14000.0,Cash on Delivery,Shipped,Profit
ORD00052,2026-03-28,CUST0372,Accessories,Mouse,10.0,0.0,14000.0,5000.0,Card,Delivered,Profit
ORD00053,2025-11-02,CUST0067,Electronics,Monitor,2.0,0.1,32400.0,4453.74,UPI,Delivered,Profit
ORD00054,2026-06-23,CUST0564,Accessories,Webcam,2.0,0.1,7560.0,1805.85,NetBanking,Delivered,Profit
ORD00055,2026-01-18,CUST0511,Electronics,Monitor,10.0,0.0,180000.0,35000.0,NetBanking,Delivered,Profit
ORD00056,2025-08-11,CUST0353,Electronics,Monitor,4.0,0.1,64800.0,10554.37,UPI,Delivered,Profit
ORD00057,2025-09-18,CUST0019,Electronics,Monitor,3.0,0.0,54000.0,10500.0,Cash on Delivery,Delivered,Profit
ORD00058,2026-02-22,CUST0527,Furniture,Cabinet,1.0,0.2,10400.0,1769.98,Card,Delivered,Profit
ORD00059,2026-01-29,CUST0062,Accessories,Backpack,1.0,0.2,1760.0,549.95,UPI,Delivered,Profit
ORD00060,2025-09-08,CUST0315,Office Supplies,Desk Organizer,2.0,0.1,1620.0,424.4,Cash on Delivery,Delivered,Profit
ORD00061,2026-03-03,CUST0242,Furniture,Desk,4.0,0.05,57000.0,11461.57,UPI,Delivered,Profit
ORD00062,2026-03-15,CUST0319,Electronics,Monitor,1.0,0.1,16200.0,2296.99,Cash on Delivery,Delivered,Profit
ORD00063,2026-06-26,CUST0276,Office Supplies,Printer,2.0,0.1,25200.0,3594.29,Cash on Delivery,Delivered,Profit
ORD00064,2025-12-18,CUST0428,Furniture,Cabinet,1.0,0.15,11050.0,-5348.47,Card,Cancelled,Loss
ORD00065,2025-11-05,CUST0004,Furniture,Cabinet,1.0,0.05,12350.0,2705.91,Card,Delivered,Profit
ORD00066,2026-07-19,CUST0050,Office Supplies,Desk Organizer,4.0,0.15,3060.0,838.81,Card,Delivered,Profit
ORD00067,2025-09-13,CUST0581,Electronics,Monitor,15.0,0.0,270000.0,52500.0,UPI,Delivered,Profit
ORD00068,2026-03-02,CUST0136,Furniture,Office Chair,2.0,0.05,17100.0,4128.59,Card,Delivered,Profit
ORD00069,2026-04-25,CUST0158,Office Supplies,Desk Organizer,1.0,0.0,900.0,280.0,Cash on Delivery,Delivered,Profit
ORD00070,2026-06-04,CUST0410,Accessories,Mouse,3.0,0.1,3780.0,1178.16,NetBanking,Delivered,Profit
ORD00071,2025-08-10,CUST0348,Accessories,Usb Hub,1.0,0.0,1800.0,650.0,Card,Delivered,Profit
ORD00072,2026-07-14,CUST0380,Accessories,Webcam,1.0,0.05,3990.0,1040.65,Card,Delivered,Profit
ORD00073,2026-02-19,CUST0043,Accessories,Webcam,1.0,0.05,3990.0,1053.8,NetBanking,Delivered,Profit
ORD00074,2025-11-20,CUST0521,Accessories,Backpack,2.0,0.15,3740.0,956.3,Card,Delivered,Profit
ORD00075,2025-09-23,CUST0502,Accessories,Webcam,2.0,0.0,8400.0,2400.0,NetBanking,Delivered,Profit
ORD00076,2025-08-16,CUST0273,Furniture,Desk,3.0,0.05,42750.0,8647.1,UPI,Delivered,Profit
ORD00077,2026-02-25,CUST0229,Electronics,Laptop,1.0,0.15,46750.0,2627.54,UPI,Delivered,Profit
ORD00078,2025-11-30,CUST0186,Electronics,Headphones,4.0,0.15,15300.0,4351.26,UPI,Shipped,Profit
ORD00079,2025-11-24,CUST0358,Furniture,Cabinet,1.0,0.1,11700.0,2234.53,UPI,Delivered,Profit
ORD00080,2025-10-25,CUST0223,Office Supplies,Stapler,4.0,0.1,1260.0,381.39,UPI,Delivered,Profit
ORD00081,2026-03-28,CUST0389,Office Supplies,Paper,6.0,0.05,2565.0,593.51,Cash on Delivery,Delivered,Profit
ORD00082,2026-01-14,CUST0307,Accessories,Usb Hub,2.0,0.05,3420.0,1211.81,UPI,Delivered,Profit
ORD00083,2025-12-16,CUST0209,Accessories,Mouse,6.0,0.05,7980.0,2687.39,Card,Delivered,Profit
ORD00084,2026-05-10,CUST0328,Electronics,Keyboard,2.0,0.1,4500.0,1236.52,Cash on Delivery,Delivered,Profit
ORD00085,2025-08-27,CUST0277,Electronics,Keyboard,2.0,0.1,4500.0,1204.47,NetBanking,Delivered,Profit
ORD00086,2026-07-23,CUST0137,Furniture,Bookshelf,2.0,0.1,19800.0,3728.08,Card,Shipped,Profit
ORD00087,2026-05-11,CUST0169,Accessories,Backpack,3.0,0.0,6600.0,2250.0,NetBanking,Delivered,Profit
ORD00088,2026-06-13,CUST0561,Accessories,Mouse,1.0,0.2,1120.0,311.65,UPI,Delivered,Profit
ORD00089,2026-02-08,CUST0307,Electronics,Laptop,2.0,0.1,99000.0,12769.91,Card,Delivered,Profit
ORD00090,2026-07-21,CUST0274,Electronics,Laptop,3.0,0.15,140250.0,-34976.24,UPI,Cancelled,Loss
ORD00091,2026-05-10,CUST0528,Electronics,Keyboard,1.0,0.1,2250.0,613.64,Card,Delivered,Profit
ORD00092,2025-08-01,CUST0181,Furniture,Office Chair,3.0,0.05,25650.0,-7434.27,NetBanking,Returned,Loss
ORD00093,2025-12-12,CUST0259,Electronics,Monitor,1.0,0.15,15300.0,1948.46,NetBanking,Delivered,Profit
ORD00094,2025-09-06,CUST0086,Accessories,Mouse,4.0,0.05,5320.0,1784.9,NetBanking,Delivered,Profit
ORD00095,2026-03-20,CUST0093,Electronics,Laptop,2.0,0.1,99000.0,9299.57,UPI,Delivered,Profit
ORD00096,2025-07-04,CUST0445,Electronics,Laptop,1.0,0.0,55000.0,9000.0,UPI,Delivered,Profit
ORD00097,2026-03-21,CUST0349,Electronics,Headphones,1.0,0.15,3825.0,986.19,Card,Delivered,Profit
ORD00098,2026-06-09,CUST0488,Furniture,Office Chair,2.0,0.1,16200.0,3706.94,NetBanking,Delivered,Profit
ORD00099,2026-06-28,CUST0526,Office Supplies,Desk Organizer,2.0,0.3,1260.0,218.08,NetBanking,Delivered,Profit
ORD00100,2026-04-27,CUST0127,Furniture,Desk,2.0,0.1,27000.0,4872.4,Cash on Delivery,Delivered,Profit
ORD00101,2026-03-02,CUST0483,Office Supplies,Stapler,3.0,0.2,840.0,191.65,NetBanking,Delivered,Profit
ORD00102,2026-06-10,CUST0059,Furniture,Desk,6.0,0.05,85500.0,18540.32,Card,Delivered,Profit
ORD00103,2026-01-31,CUST0310,Accessories,Usb Hub,5.0,0.1,8100.0,2652.94,UPI,Delivered,Profit
ORD00104,2026-02-10,CUST0143,Accessories,Mouse,5.0,0.0,7000.0,2500.0,Cash on Delivery,Delivered,Profit
ORD00105,2026-07-03,CUST0068,Office Supplies,Stapler,5.0,0.2,1400.0,393.65,UPI,Delivered,Profit
ORD00106,2025-08-31,CUST0165,Furniture,Cabinet,2.0,0.0,26000.0,6400.0,UPI,Delivered,Profit
ORD00107,2025-09-21,CUST0395,Office Supplies,Stapler,4.0,0.05,1330.0,432.28,UPI,Delivered,Profit
ORD00108,2025-09-15,CUST0029,Accessories,Mouse,3.0,0.0,4200.0,1500.0,Card,Delivered,Profit
ORD00109,2025-08-13,CUST0061,Electronics,Keyboard,3.0,0.2,6000.0,1616.79,UPI,Delivered,Profit
ORD00110,2025-11-20,CUST0177,Electronics,Laptop,5.0,0.1,247500.0,31987.81,NetBanking,Delivered,Profit
ORD00111,2025-07-22,CUST0076,Office Supplies,Stapler,3.0,0.0,1050.0,360.0,Card,Delivered,Profit
ORD00112,2025-11-27,CUST0563,Office Supplies,Stapler,3.0,0.1,945.0,296.8,UPI,Delivered,Profit
ORD00113,2026-06-07,CUST0201,Accessories,Webcam,2.0,0.15,7140.0,1477.7,Cash on Delivery,Delivered,Profit
ORD00114,2026-02-17,CUST0456,Furniture,Office Chair,2.0,0.1,16200.0,3579.87,Card,Delivered,Profit
ORD00115,2025-07-26,CUST0348,Furniture,Cabinet,2.0,0.1,23400.0,4717.47,Cash on Delivery,Delivered,Profit
ORD00116,2026-04-17,CUST0119,Furniture,Desk,1.0,0.1,13500.0,2609.29,UPI,Delivered,Profit
ORD00117,2025-12-19,CUST0190,Electronics,Monitor,2.0,0.0,36000.0,7000.0,UPI,Delivered,Profit
ORD00118,2025-07-29,CUST0565,Electronics,Keyboard,2.0,0.15,4250.0,1224.42,UPI,Delivered,Profit
ORD00119,2026-08-27,CUST0077,Office Supplies,Stapler,3.0,0.1,945.0,284.69,UPI,Delivered,Profit
ORD00120,2026-04-05,CUST0433,Furniture,Bookshelf,2.0,0.05,20900.0,4524.88,Cash on Delivery,Delivered,Profit
ORD00121,2025-08-28,CUST0163,Office Supplies,Stapler,1.0,0.2,280.0,76.34,UPI,Delivered,Profit
ORD00122,2026-03-04,CUST0098,Accessories,Webcam,3.0,0.05,11970.0,3182.11,Card,Delivered,Profit
ORD00123,2025-10-03,CUST0492,Electronics,Laptop,1.0,0.3,38500.0,-539.22,Cash on Delivery,Delivered,Loss
ORD00124,2025-11-12,CUST0087,Office Supplies,Desk Organizer,4.0,0.2,2880.0,704.25,Cash on Delivery,Delivered,Profit
ORD00125,2025-08-16,CUST0256,Electronics,Keyboard,3.0,0.1,6750.0,2036.49,Cash on Delivery,Shipped,Profit
ORD00126,2026-05-09,CUST0520,Accessories,Mouse,3.0,0.15,3570.0,1128.39,NetBanking,Delivered,Profit
ORD00127,2025-10-10,CUST0065,Accessories,Mouse,1.0,0.05,1330.0,443.96,NetBanking,Delivered,Profit
ORD00128,2025-09-10,CUST0231,Accessories,Backpack,3.0,0.15,5610.0,1673.87,Cash on Delivery,Delivered,Profit
ORD00129,2025-11-03,CUST0535,Office Supplies,Printer,5.0,0.2,56000.0,3158.36,NetBanking,Delivered,Profit
ORD00130,2026-08-31,CUST0248,Office Supplies,Paper,3.0,0.0,1350.0,330.0,Card,Shipped,Profit
ORD00131,2026-03-04,CUST0538,Electronics,Headphones,2.0,0.15,7650.0,1928.68,Cash on Delivery,Delivered,Profit
ORD00132,2025-07-09,CUST0151,Office Supplies,Stapler,2.0,0.2,560.0,141.23,NetBanking,Shipped,Profit
ORD00133,2025-12-14,CUST0206,Furniture,Cabinet,3.0,0.1,35100.0,7685.33,UPI,Shipped,Profit
ORD00134,2026-08-16,CUST0360,Electronics,Keyboard,1.0,0.15,2125.0,-377.62,Card,Returned,Loss
ORD00135,2025-09-23,CUST0391,Furniture,Office Chair,1.0,0.0,9000.0,2300.0,NetBanking,Delivered,Profit
ORD00136,2026-03-22,CUST0169,Furniture,Desk,2.0,0.15,25500.0,4674.02,NetBanking,Delivered,Profit
ORD00137,2026-04-27,CUST0146,Electronics,Laptop,3.0,0.3,115500.0,-1549.37,UPI,Delivered,Loss
ORD00138,2025-10-29,CUST0467,Accessories,Usb Hub,2.0,0.3,2520.0,694.65,UPI,Delivered,Profit
ORD00139,2025-07-18,CUST0330,Office Supplies,Stapler,6.0,0.0,2100.0,720.0,NetBanking,Delivered,Profit
ORD00140,2026-06-17,CUST0569,Electronics,Keyboard,3.0,0.0,7500.0,2400.0,Card,Delivered,Profit
ORD00141,2026-05-07,CUST0227,Furniture,Cabinet,1.0,0.15,11050.0,2056.56,Cash on Delivery,Delivered,Profit
ORD00142,2025-11-03,CUST0289,Electronics,Monitor,5.0,0.0,90000.0,-22273.47,UPI,Returned,Loss
ORD00143,2025-10-25,CUST0364,Office Supplies,Printer,3.0,0.15,35700.0,-23780.61,Cash on Delivery,Returned,Loss
ORD00144,2025-09-28,CUST0079,Accessories,Usb Hub,1.0,0.1,1620.0,553.86,Cash on Delivery,Delivered,Profit
ORD00145,2026-02-22,CUST0359,Electronics,Headphones,6.0,0.15,22950.0,-6813.29,Cash on Delivery,Returned,Loss
ORD00146,2026-03-15,CUST0370,Office Supplies,Printer,1.0,0.15,11900.0,1282.14,Card,Shipped,Profit
ORD00147,2025-12-05,CUST0598,Accessories,Usb Hub,1.0,0.05,1710.0,583.88,UPI,Delivered,Profit
ORD00148,2026-01-15,CUST0034,Electronics,Headphones,3.0,0.15,11475.0,3134.31,UPI,Delivered,Profit
ORD00149,2025-07-04,CUST0220,Accessories,Mouse,2.0,0.1,2520.0,848.36,Cash on Delivery,Delivered,Profit
ORD00150,2025-09-18,CUST0467,Office Supplies,Printer,2.0,0.0,28000.0,5600.0,Card,Delivered,Profit
ORD00151,2025-12-29,CUST0537,Office Supplies,Desk Organizer,1.0,0.05,855.0,244.75,UPI,Delivered,Profit
ORD00152,2026-03-09,CUST0442,Accessories,Usb Hub,1.0,0.2,1440.0,403.34,Cash on Delivery,Delivered,Profit
ORD00153,2025-11-07,CUST0189,Accessories,Webcam,2.0,0.1,7560.0,1851.84,Cash on Delivery,Delivered,Profit
ORD00154,2026-01-07,CUST0286,Furniture,Bookshelf,4.0,0.15,37400.0,4876.48,NetBanking,Delivered,Profit
ORD00155,2026-07-16,CUST0201,Office Supplies,Printer,3.0,0.15,35700.0,-15727.63,Cash on Delivery,Cancelled,Loss
ORD00156,2025-11-23,CUST0570,Electronics,Laptop,2.0,0.2,88000.0,6846.08,Cash on Delivery,Delivered,Profit
ORD00157,2026-05-22,CUST0474,Furniture,Cabinet,1.0,0.0,13000.0,3200.0,NetBanking,Delivered,Profit
ORD00158,2026-05-01,CUST0090,Furniture,Desk,3.0,0.2,36000.0,5088.01,NetBanking,Delivered,Profit
ORD00159,2025-07-26,CUST0456,Office Supplies,Stapler,3.0,0.2,840.0,243.17,Card,Delivered,Profit
ORD00160,2025-12-18,CUST0083,Office Supplies,Printer,2.0,0.0,28000.0,5600.0,Card,Delivered,Profit
ORD00161,2026-03-08,CUST0388,Electronics,Keyboard,1.0,0.1,2250.0,589.97,UPI,Delivered,Profit
ORD00162,2026-05-14,CUST0012,Office Supplies,Stapler,3.0,0.0,1050.0,360.0,Cash on Delivery,Delivered,Profit
ORD00163,2026-08-23,CUST0380,Furniture,Desk,3.0,0.2,36000.0,-17877.89,Cash on Delivery,Returned,Loss
ORD00164,2026-01-23,CUST0217,Accessories,Backpack,4.0,0.05,8360.0,2774.56,NetBanking,Delivered,Profit
ORD00165,2026-02-06,CUST0160,Office Supplies,Paper,4.0,0.15,1530.0,257.68,Cash on Delivery,Delivered,Profit
ORD00166,2026-02-07,CUST0439,Furniture,Office Chair,6.0,0.05,51300.0,12144.84,NetBanking,Delivered,Profit
ORD00167,2025-09-17,CUST0179,Electronics,Monitor,2.0,0.15,30600.0,3374.87,NetBanking,Delivered,Profit
ORD00168,2026-02-22,CUST0095,Office Supplies,Paper,2.0,0.2,720.0,123.61,Card,Delivered,Profit
ORD00169,2025-08-11,CUST0091,Accessories,Mouse,2.0,0.0,2800.0,1000.0,Card,Delivered,Profit
ORD00170,2026-04-03,CUST0535,Electronics,Monitor,2.0,0.0,36000.0,7000.0,Cash on Delivery,Delivered,Profit
ORD00171,2025-07-26,CUST0448,Office Supplies,Desk Organizer,3.0,0.0,2700.0,-634.95,Card,Returned,Loss
ORD00172,2026-06-26,CUST0455,Electronics,Monitor,5.0,0.15,76500.0,10364.72,NetBanking,Delivered,Profit
ORD00173,2025-09-20,CUST0354,Office Supplies,Desk Organizer,2.0,0.05,1710.0,516.68,UPI,Shipped,Profit
ORD00174,2025-09-26,CUST0083,Electronics,Monitor,2.0,0.2,28800.0,-11651.66,Cash on Delivery,Returned,Loss
ORD00175,2025-11-23,CUST0165,Electronics,Monitor,1.0,0.0,18000.0,3500.0,Card,Delivered,Profit
ORD00176,2025-10-07,CUST0413,Electronics,Laptop,2.0,0.05,104500.0,-44526.93,Cash on Delivery,Cancelled,Loss
ORD00177,2025-12-11,CUST0535,Office Supplies,Desk Organizer,2.0,0.1,1620.0,457.05,UPI,Delivered,Profit
ORD00178,2025-11-25,CUST0119,Office Supplies,Printer,5.0,0.15,59500.0,6418.35,UPI,Delivered,Profit
ORD00179,2025-07-03,CUST0085,Electronics,Monitor,1.0,0.0,18000.0,3500.0,Card,Shipped,Profit
ORD00180,2025-07-30,CUST0598,Office Supplies,Desk Organizer,4.0,0.1,3240.0,850.6,Card,Delivered,Profit
ORD00181,2026-08-22,CUST0408,Office Supplies,Printer,2.0,0.05,26600.0,4468.68,NetBanking,Delivered,Profit
ORD00182,2025-10-02,CUST0535,Electronics,Headphones,3.0,0.0,13500.0,4500.0,NetBanking,Delivered,Profit
ORD00183,2025-09-03,CUST0493,Office Supplies,Stapler,5.0,0.05,1662.5,97.96,NetBanking,Returned,Profit
ORD00184,2026-05-15,CUST0012,Electronics,Headphones,6.0,0.1,24300.0,7599.12,UPI,Delivered,Profit
ORD00185,2026-06-23,CUST0292,Accessories,Mouse,2.0,0.0,2800.0,-45.23,Card,Cancelled,Loss
ORD00186,2026-06-29,CUST0476,Electronics,Headphones,1.0,0.0,4500.0,-92.4,NetBanking,Cancelled,Loss
ORD00187,2025-10-04,CUST0263,Office Supplies,Stapler,4.0,0.2,1120.0,251.56,UPI,Delivered,Profit
ORD00188,2025-07-12,CUST0073,Accessories,Backpack,2.0,0.15,3740.0,1174.08,UPI,Delivered,Profit
ORD00189,2026-06-22,CUST0309,Office Supplies,Stapler,3.0,0.1,945.0,299.12,NetBanking,Delivered,Profit
ORD00190,2025-08-26,CUST0217,Electronics,Monitor,3.0,0.1,48600.0,6825.05,Cash on Delivery,Shipped,Profit
ORD00191,2026-04-23,CUST0217,Office Supplies,Printer,5.0,0.2,56000.0,3152.77,Cash on Delivery,Shipped,Profit
ORD00192,2025-08-27,CUST0209,Furniture,Cabinet,2.0,0.15,22100.0,3167.9,NetBanking,Delivered,Profit
ORD00193,2025-10-09,CUST0249,Electronics,Laptop,4.0,0.05,209000.0,28313.81,UPI,Delivered,Profit
ORD00194,2026-03-20,CUST0216,Furniture,Office Chair,5.0,0.0,45000.0,11500.0,Cash on Delivery,Delivered,Profit
ORD00195,2025-11-26,CUST0374,Accessories,Mouse,1.0,0.1,1260.0,424.48,Card,Shipped,Profit
ORD00196,2026-04-19,CUST0600,Office Supplies,Stapler,6.0,0.15,1785.0,471.67,Cash on Delivery,Delivered,Profit
ORD00197,2026-02-06,CUST0089,Electronics,Laptop,3.0,0.05,156750.0,21304.72,Card,Delivered,Profit
ORD00198,2026-03-11,CUST0490,Accessories,Mouse,1.0,0.1,1260.0,394.45,Card,Delivered,Profit
ORD00199,2025-11-07,CUST0555,Electronics,Monitor,2.0,0.1,32400.0,4270.58,UPI,Delivered,Profit
ORD00200,2025-12-23,CUST0187,Office Supplies,Printer,3.0,0.0,42000.0,8400.0,Card,Delivered,Profit
ORD00201,2025-11-03,CUST0111,Furniture,Office Chair,1.0,0.05,8550.0,-1209.76,NetBanking,Cancelled,Loss
ORD00202,2026-03-20,CUST0460,Electronics,Laptop,3.0,0.15,140250.0,8694.63,NetBanking,Delivered,Profit
ORD00203,2026-02-08,CUST0178,Office Supplies,Stapler,2.0,0.1,630.0,-169.25,NetBanking,Returned,Loss
ORD00204,2025-08-22,CUST0306,Furniture,Office Chair,2.0,0.1,16200.0,3349.72,Card,Shipped,Profit
ORD00205,2026-06-28,CUST0173,Accessories,Webcam,6.0,0.15,21420.0,4346.07,Card,Delivered,Profit
ORD00206,2025-07-01,CUST0426,Office Supplies,Desk Organizer,1.0,0.1,810.0,224.08,UPI,Delivered,Profit
ORD00207,2026-08-01,CUST0146,Electronics,Monitor,2.0,0.0,36000.0,-2285.46,Cash on Delivery,Cancelled,Loss
ORD00208,2026-03-30,CUST0357,Office Supplies,Desk Organizer,3.0,0.0,2700.0,840.0,NetBanking,Delivered,Profit
ORD00209,2025-11-04,CUST0154,Electronics,Keyboard,3.0,0.1,6750.0,1792.16,Card,Delivered,Profit
ORD00210,2025-10-26,CUST0143,Accessories,Webcam,2.0,0.05,7980.0,2164.64,UPI,Delivered,Profit
ORD00211,2025-11-04,CUST0065,Electronics,Headphones,1.0,0.2,3600.0,1017.49,Card,Delivered,Profit
ORD00212,2025-07-02,CUST0577,Accessories,Webcam,1.0,0.15,3570.0,900.58,UPI,Delivered,Profit
ORD00213,2026-07-26,CUST0556,Furniture,Desk,3.0,0.05,42750.0,9411.13,NetBanking,Delivered,Profit
ORD00214,2025-08-12,CUST0062,Electronics,Laptop,2.0,0.15,93500.0,10458.0,NetBanking,Delivered,Profit
ORD00215,2026-04-23,CUST0528,Electronics,Monitor,3.0,0.0,54000.0,10500.0,Cash on Delivery,Shipped,Profit
ORD00216,2025-09-02,CUST0067,Accessories,Webcam,1.0,0.0,4200.0,-555.85,UPI,Cancelled,Loss
ORD00217,2026-05-19,CUST0585,Electronics,Monitor,2.0,0.0,36000.0,7000.0,UPI,Shipped,Profit
ORD00218,2026-01-04,CUST0334,Furniture,Bookshelf,1.0,0.05,10450.0,2158.36,NetBanking,Delivered,Profit
ORD00219,2026-06-07,CUST0384,Furniture,Office Chair,3.0,0.1,24300.0,5452.84,UPI,Delivered,Profit
ORD00220,2026-08-31,CUST0145,Office Supplies,Printer,3.0,0.1,37800.0,4849.01,Cash on Delivery,Delivered,Profit
ORD00221,2025-12-20,CUST0355,Electronics,Laptop,1.0,0.2,44000.0,3765.11,UPI,Shipped,Profit
ORD00222,2026-04-13,CUST0383,Furniture,Office Chair,5.0,0.15,38250.0,7717.88,Cash on Delivery,Delivered,Profit
ORD00223,2025-11-21,CUST0492,Electronics,Headphones,5.0,0.05,21375.0,6677.26,Card,Delivered,Profit
ORD00224,2026-01-07,CUST0135,Furniture,Office Chair,3.0,0.1,24300.0,4815.65,Card,Delivered,Profit
ORD00225,2025-07-15,CUST0077,Electronics,Laptop,2.0,0.2,88000.0,6733.96,NetBanking,Delivered,Profit
ORD00226,2026-06-18,CUST0040,Electronics,Keyboard,5.0,0.2,10000.0,1895.09,UPI,Delivered,Profit
ORD00227,2025-09-02,CUST0173,Accessories,Usb Hub,2.0,0.0,3600.0,1300.0,Card,Delivered,Profit
ORD00228,2026-04-21,CUST0291,Furniture,Office Chair,1.0,0.2,7200.0,827.17,Cash on Delivery,Delivered,Profit
ORD00229,2025-07-07,CUST0426,Office Supplies,Printer,2.0,0.0,28000.0,5600.0,NetBanking,Delivered,Profit
ORD00230,2026-05-13,CUST0379,Office Supplies,Printer,4.0,0.1,50400.0,8257.8,Cash on Delivery,Delivered,Profit
ORD00231,2025-11-25,CUST0412,Accessories,Usb Hub,2.0,0.1,3240.0,1101.94,Card,Delivered,Profit
ORD00232,2025-10-14,CUST0400,Office Supplies,Stapler,2.0,0.0,700.0,240.0,UPI,Delivered,Profit
ORD00233,2026-07-14,CUST0557,Furniture,Cabinet,2.0,0.1,23400.0,4691.91,Cash on Delivery,Delivered,Profit
ORD00234,2026-04-29,CUST0363,Electronics,Keyboard,1.0,0.15,2125.0,628.84,NetBanking,Delivered,Profit
ORD00235,2026-05-30,CUST0063,Office Supplies,Desk Organizer,2.0,0.1,1620.0,447.13,UPI,Delivered,Profit
ORD00236,2026-04-17,CUST0468,Accessories,Backpack,1.0,0.1,1980.0,625.18,UPI,Delivered,Profit
ORD00237,2026-08-05,CUST0024,Furniture,Office Chair,2.0,0.15,15300.0,2369.46,Cash on Delivery,Delivered,Profit
ORD00238,2025-07-31,CUST0050,Office Supplies,Stapler,4.0,0.0,1400.0,480.0,Card,Delivered,Profit
ORD00239,2026-05-26,CUST0599,Office Supplies,Desk Organizer,1.0,0.3,630.0,137.69,Card,Delivered,Profit
ORD00240,2026-07-04,CUST0193,Furniture,Desk,4.0,0.2,48000.0,5835.48,Cash on Delivery,Delivered,Profit
ORD00241,2026-08-11,CUST0529,Office Supplies,Desk Organizer,3.0,0.05,2565.0,750.67,UPI,Delivered,Profit
ORD00242,2025-10-23,CUST0251,Furniture,Office Chair,4.0,0.0,36000.0,9200.0,Cash on Delivery,Delivered,Profit
ORD00243,2026-08-18,CUST0123,Electronics,Laptop,3.0,0.15,140250.0,14767.04,Card,Shipped,Profit
ORD00244,2026-01-14,CUST0597,Office Supplies,Stapler,2.0,0.0,700.0,240.0,NetBanking,Delivered,Profit
ORD00245,2025-12-26,CUST0104,Furniture,Bookshelf,4.0,0.15,37400.0,5262.6,Cash on Delivery,Delivered,Profit
ORD00246,2026-02-05,CUST0314,Office Supplies,Office Chair,1.0,0.1,8100.0,1668.51,NetBanking,Delivered,Profit
ORD00247,2025-12-22,CUST0177,Office Supplies,Desk Organizer,3.0,0.05,2565.0,61.4,UPI,Cancelled,Profit
ORD00248,2025-12-30,CUST0563,Furniture,Cabinet,2.0,0.0,26000.0,6400.0,NetBanking,Delivered,Profit
ORD00249,2026-05-10,CUST0215,Electronics,Headphones,1.0,0.1,4050.0,1142.89,UPI,Delivered,Profit
ORD00250,2026-05-22,CUST0162,Electronics,Keyboard,2.0,0.15,4250.0,1083.3,NetBanking,Delivered,Profit
ORD00251,2025-07-24,CUST0424,Electronics,Keyboard,3.0,0.1,6750.0,1988.44,NetBanking,Delivered,Profit
ORD00252,2026-07-25,CUST0401,Office Supplies,Stapler,1.0,0.15,297.5,-140.85,Cash on Delivery,Returned,Loss
ORD00253,2026-08-20,CUST0301,Electronics,Headphones,3.0,0.1,12150.0,3722.2,Card,Delivered,Profit
ORD00254,2026-01-24,CUST0490,Office Supplies,Paper,5.0,0.15,1912.5,-534.57,Card,Returned,Loss
ORD00255,2026-06-02,CUST0581,Office Supplies,Stapler,2.0,0.15,595.0,151.34,NetBanking,Delivered,Profit
ORD00256,2026-07-19,CUST0451,Electronics,Monitor,1.0,0.0,18000.0,3500.0,UPI,Delivered,Profit
ORD00257,2026-04-20,CUST0540,Office Supplies,Stapler,1.0,0.1,315.0,-94.76,Card,Returned,Loss
ORD00258,2026-08-15,CUST0325,Electronics,Keyboard,1.0,0.05,2375.0,706.44,NetBanking,Delivered,Profit
ORD00259,2026-05-17,CUST0057,Electronics,Keyboard,2.0,0.05,4750.0,1452.71,Card,Delivered,Profit
ORD00260,2025-08-05,CUST0536,Electronics,Monitor,15.0,0.15,229500.0,25411.94,UPI,Delivered,Profit
ORD00261,2026-03-11,CUST0155,Office Supplies,Desk Organizer,1.0,0.15,765.0,210.02,Cash on Delivery,Delivered,Profit
ORD00262,2025-12-17,CUST0543,Electronics,Laptop,5.0,0.05,261250.0,34600.3,UPI,Delivered,Profit
ORD00263,2026-02-18,CUST0291,Electronics,Headphones,1.0,0.05,4275.0,1388.47,UPI,Delivered,Profit
ORD00264,2025-07-04,CUST0253,Accessories,Mouse,3.0,0.15,3570.0,241.94,Cash on Delivery,Cancelled,Profit
ORD00265,2026-02-24,CUST0363,Furniture,Bookshelf,2.0,0.05,20900.0,-852.15,UPI,Cancelled,Loss
ORD00266,2026-06-18,CUST0295,Office Supplies,Printer,10.0,0.1,126000.0,16576.04,Cash on Delivery,Delivered,Profit
ORD00267,2026-03-11,CUST0158,Accessories,Webcam,3.0,0.05,11970.0,3315.0,Cash on Delivery,Delivered,Profit
ORD00268,2026-05-04,CUST0307,Electronics,Keyboard,1.0,0.0,2500.0,800.0,Card,Shipped,Profit
ORD00269,2026-06-25,CUST0559,Furniture,Bookshelf,4.0,0.15,37400.0,5124.35,Cash on Delivery,Delivered,Profit
ORD00270,2025-07-24,CUST0527,Accessories,Backpack,2.0,0.15,3740.0,1103.53,UPI,Delivered,Profit
ORD00271,2025-12-02,CUST0581,Furniture,Bookshelf,1.0,0.1,9900.0,1899.68,NetBanking,Delivered,Profit
ORD00272,2025-09-16,CUST0312,Electronics,Headphones,3.0,0.15,11475.0,3102.39,NetBanking,Delivered,Profit
ORD00273,2025-11-01,CUST0573,Office Supplies,Paper,1.0,0.1,405.0,79.65,UPI,Delivered,Profit
ORD00274,2025-09-01,CUST0556,Electronics,Headphones,2.0,0.1,8100.0,2328.43,UPI,Delivered,Profit
ORD00275,2025-08-19,CUST0537,Furniture,Bookshelf,6.0,0.15,56100.0,9805.29,UPI,Delivered,Profit
ORD00276,2025-08-13,CUST0273,Furniture,Bookshelf,2.0,0.0,22000.0,5200.0,Cash on Delivery,Delivered,Profit
ORD00277,2026-02-16,CUST0526,Electronics,Headphones,3.0,0.15,11475.0,3148.55,Cash on Delivery,Delivered,Profit
ORD00278,2026-02-09,CUST0120,Electronics,Laptop,6.0,0.15,280500.0,21094.6,UPI,Shipped,Profit
ORD00279,2026-05-14,CUST0224,Furniture,Desk,2.0,0.0,30000.0,7000.0,UPI,Delivered,Profit
ORD00280,2025-11-07,CUST0321,Electronics,Monitor,1.0,0.0,18000.0,3500.0,NetBanking,Delivered,Profit
ORD00281,2025-11-16,CUST0362,Accessories,Backpack,5.0,0.15,9350.0,7.56,UPI,Returned,Profit
ORD00282,2025-07-15,CUST0599,Office Supplies,Desk Organizer,3.0,0.15,2295.0,557.68,Cash on Delivery,Delivered,Profit
ORD00283,2025-09-27,CUST0007,Furniture,Bookshelf,1.0,0.1,9900.0,1823.54,Card,Delivered,Profit
ORD00284,2026-07-10,CUST0079,Furniture,Bookshelf,3.0,0.1,29700.0,5554.7,NetBanking,Delivered,Profit
ORD00285,2025-10-10,CUST0090,Office Supplies,Stapler,1.0,0.1,315.0,95.41,Cash on Delivery,Shipped,Profit
ORD00286,2026-06-18,CUST0229,Office Supplies,Printer,1.0,0.1,12600.0,1883.38,NetBanking,Delivered,Profit
ORD00287,2026-07-29,CUST0493,Accessories,Backpack,4.0,0.1,7920.0,2357.9,Card,Delivered,Profit
ORD00288,2025-11-25,CUST0233,Accessories,Mouse,1.0,0.1,1260.0,382.85,UPI,Delivered,Profit
ORD00289,2026-04-17,CUST0541,Electronics,Headphones,10.0,0.15,38250.0,9863.0,NetBanking,Delivered,Profit
ORD00290,2026-07-19,CUST0149,Accessories,Mouse,3.0,0.0,4200.0,1500.0,UPI,Delivered,Profit
ORD00291,2026-07-04,CUST0030,Office Supplies,Printer,1.0,0.1,12600.0,1766.21,UPI,Delivered,Profit
ORD00292,2026-01-23,CUST0018,Office Supplies,Stapler,3.0,0.15,892.5,239.35,NetBanking,Delivered,Profit
ORD00293,2026-01-16,CUST0463,Electronics,Monitor,3.0,0.05,51300.0,-24366.53,UPI,Returned,Loss
ORD00294,2026-06-10,CUST0311,Accessories,Backpack,3.0,0.0,6600.0,2250.0,NetBanking,Delivered,Profit
ORD00295,2026-04-28,CUST0192,Electronics,Laptop,4.0,0.1,198000.0,20646.25,Cash on Delivery,Delivered,Profit
ORD00296,2026-01-06,CUST0535,Office Supplies,Paper,2.0,0.0,900.0,220.0,UPI,Delivered,Profit
ORD00297,2026-08-31,CUST0143,Furniture,Cabinet,4.0,0.15,44200.0,-7221.14,UPI,Returned,Loss
ORD00298,2026-03-11,CUST0519,Office Supplies,Printer,2.0,0.1,25200.0,3492.42,UPI,Delivered,Profit
ORD00299,2025-11-09,CUST0228,Electronics,Monitor,6.0,0.0,108000.0,-31668.09,NetBanking,Returned,Loss
ORD00300,2025-12-11,CUST0359,Electronics,Keyboard,3.0,0.0,7500.0,2400.0,Card,Delivered,Profit
ORD00301,2025-07-06,CUST0521,Electronics,Keyboard,1.0,0.15,2125.0,540.0,NetBanking,Delivered,Profit
ORD00302,2025-09-28,CUST0442,Furniture,Bookshelf,2.0,0.15,18700.0,2762.17,Card,Delivered,Profit
ORD00303,2025-07-06,CUST0331,Office Supplies,Paper,5.0,0.2,1800.0,191.59,Card,Shipped,Profit
ORD00304,2026-08-20,CUST0102,Furniture,Cabinet,3.0,0.1,35100.0,6320.12,Cash on Delivery,Shipped,Profit
ORD00305,2026-05-03,CUST0581,Electronics,Monitor,1.0,0.0,18000.0,3500.0,NetBanking,Shipped,Profit
ORD00306,2026-03-02,CUST0094,Office Supplies,Paper,1.0,0.05,427.5,99.43,NetBanking,Delivered,Profit
ORD00307,2025-08-21,CUST0081,Electronics,Laptop,1.0,0.3,38500.0,632.82,Cash on Delivery,Delivered,Profit
ORD00308,2025-07-01,CUST0596,Electronics,Monitor,6.0,0.0,108000.0,21000.0,NetBanking,Delivered,Profit
ORD00309,2026-01-01,CUST0289,Furniture,Desk,2.0,0.15,25500.0,4086.26,Card,Shipped,Profit
ORD00310,2026-02-01,CUST0464,Electronics,Keyboard,2.0,0.1,4500.0,-1933.04,NetBanking,Returned,Loss
ORD00311,2025-10-13,CUST0400,Office Supplies,Paper,2.0,0.0,900.0,220.0,NetBanking,Delivered,Profit
ORD00312,2026-04-03,CUST0232,Electronics,Headphones,1.0,0.15,3825.0,1041.42,NetBanking,Delivered,Profit
ORD00313,2026-02-17,CUST0534,Furniture,Bookshelf,1.0,0.1,9900.0,1970.22,Card,Delivered,Profit
ORD00314,2026-08-25,CUST0488,Furniture,Desk,3.0,0.15,38250.0,7243.27,NetBanking,Delivered,Profit
ORD00315,2025-09-26,CUST0040,Office Supplies,Printer,2.0,0.2,22400.0,2865.94,Card,Delivered,Profit
ORD00316,2025-10-31,CUST0442,Office Supplies,Stapler,3.0,0.05,997.5,333.83,Cash on Delivery,Shipped,Profit
ORD00317,2026-07-12,CUST0121,Office Supplies,Paper,4.0,0.15,1530.0,272.26,NetBanking,Delivered,Profit
ORD00318,2025-12-28,CUST0431,Electronics,Laptop,2.0,0.2,88000.0,-60094.92,UPI,Cancelled,Loss
ORD00319,2026-07-13,CUST0520,Office Supplies,Stapler,3.0,0.1,945.0,296.91,Cash on Delivery,Delivered,Profit
ORD00320,2026-05-22,CUST0305,Electronics,Laptop,15.0,0.0,825000.0,135000.0,NetBanking,Delivered,Profit
ORD00321,2025-09-23,CUST0024,Electronics,Headphones,1.0,0.0,4500.0,1500.0,NetBanking,Shipped,Profit
ORD00322,2026-07-31,CUST0305,Electronics,Monitor,3.0,0.1,48600.0,-24739.96,Cash on Delivery,Cancelled,Loss
ORD00323,2026-01-09,CUST0442,Office Supplies,Printer,3.0,0.05,39900.0,7197.63,UPI,Shipped,Profit
ORD00324,2025-12-13,CUST0302,Accessories,Backpack,6.0,0.1,11880.0,-249.63,UPI,Cancelled,Loss
ORD00325,2025-11-14,CUST0544,Accessories,Usb Hub,6.0,0.3,7560.0,2376.11,UPI,Delivered,Profit
ORD00326,2026-07-27,CUST0536,Electronics,Laptop,1.0,0.05,52250.0,7384.5,Card,Delivered,Profit
ORD00327,2025-11-15,CUST0127,Office Supplies,Stapler,2.0,0.05,665.0,-114.29,Card,Cancelled,Loss
ORD00328,2025-11-24,CUST0141,Electronics,Laptop,2.0,0.1,99000.0,-26422.9,NetBanking,Cancelled,Loss
ORD00329,2026-07-10,CUST0284,Accessories,Webcam,1.0,0.0,4200.0,-130.09,Cash on Delivery,Cancelled,Loss
ORD00330,2025-07-26,CUST0431,Furniture,Desk,1.0,0.0,15000.0,3500.0,Card,Delivered,Profit
ORD00331,2025-08-14,CUST0521,Electronics,Keyboard,1.0,0.1,2250.0,595.33,UPI,Delivered,Profit
ORD00332,2025-10-26,CUST0463,Electronics,Headphones,4.0,0.0,18000.0,-191.98,UPI,Cancelled,Loss
ORD00333,2025-07-27,CUST0401,Office Supplies,Stapler,2.0,0.0,700.0,240.0,NetBanking,Delivered,Profit
ORD00334,2026-08-07,CUST0186,Accessories,Usb Hub,4.0,0.05,6840.0,2416.88,Card,Delivered,Profit
ORD00335,2026-07-02,CUST0219,Electronics,Keyboard,5.0,0.1,11250.0,-951.92,NetBanking,Cancelled,Loss
ORD00336,2026-06-26,CUST0161,Office Supplies,Stapler,2.0,0.1,630.0,195.42,Card,Delivered,Profit
ORD00337,2025-10-18,CUST0157,Accessories,Backpack,5.0,0.1,9900.0,-1806.34,NetBanking,Cancelled,Loss
ORD00338,2025-07-29,CUST0498,Electronics,Headphones,3.0,0.1,12150.0,3548.55,Card,Delivered,Profit
ORD00339,2025-09-12,CUST0494,Accessories,Usb Hub,2.0,0.1,3240.0,1028.49,NetBanking,Delivered,Profit
ORD00340,2026-04-03,CUST0359,Furniture,Cabinet,1.0,0.1,11700.0,2097.02,UPI,Delivered,Profit
ORD00341,2026-05-18,CUST0066,Electronics,Keyboard,2.0,0.05,4750.0,1455.15,NetBanking,Shipped,Profit
ORD00342,2026-01-28,CUST0274,Furniture,Desk,1.0,0.15,12750.0,1662.15,Card,Delivered,Profit
ORD00343,2025-11-12,CUST0048,Electronics,Monitor,1.0,0.1,16200.0,2512.25,Cash on Delivery,Delivered,Profit
ORD00344,2025-08-27,CUST0599,Office Supplies,Paper,1.0,0.15,382.5,74.56,NetBanking,Delivered,Profit
ORD00345,2026-05-17,CUST0030,Electronics,Headphones,6.0,0.0,27000.0,9000.0,UPI,Delivered,Profit
ORD00346,2026-01-05,CUST0489,Accessories,Mouse,15.0,0.15,17850.0,5579.16,NetBanking,Delivered,Profit
ORD00347,2025-09-18,CUST0213,Office Supplies,Printer,1.0,0.15,11900.0,1118.86,NetBanking,Delivered,Profit
ORD00348,2026-06-29,CUST0484,Furniture,Bookshelf,4.0,0.1,39600.0,7832.8,NetBanking,Shipped,Profit
ORD00349,2025-10-30,CUST0218,Electronics,Laptop,1.0,0.2,44000.0,-26190.62,UPI,Returned,Loss
ORD00350,2025-08-02,CUST0383,Furniture,Desk,1.0,0.0,15000.0,3500.0,NetBanking,Delivered,Profit
ORD00351,2026-02-23,CUST0482,Electronics,Monitor,4.0,0.05,68400.0,11899.2,UPI,Delivered,Profit
ORD00352,2026-05-03,CUST0359,Furniture,Cabinet,6.0,0.05,74100.0,16069.17,Cash on Delivery,Delivered,Profit
ORD00353,2026-07-14,CUST0482,Furniture,Bookshelf,3.0,0.0,33000.0,7800.0,NetBanking,Delivered,Profit
ORD00354,2025-07-01,CUST0491,Electronics,Headphones,1.0,0.05,4275.0,1309.93,UPI,Delivered,Profit
ORD00355,2025-08-11,CUST0315,Electronics,Headphones,3.0,0.2,10800.0,3038.84,Cash on Delivery,Delivered,Profit
ORD00356,2025-08-15,CUST0358,Furniture,Office Chair,2.0,0.0,18000.0,4600.0,NetBanking,Delivered,Profit
ORD00357,2026-08-02,CUST0099,Furniture,Office Chair,4.0,0.0,36000.0,9200.0,Card,Delivered,Profit
ORD00358,2026-01-12,CUST0144,Electronics,Headphones,1.0,0.1,4050.0,1149.83,UPI,Delivered,Profit
ORD00359,2026-01-21,CUST0441,Office Supplies,Stapler,3.0,0.1,945.0,283.96,NetBanking,Delivered,Profit
ORD00360,2025-09-28,CUST0149,Accessories,Usb Hub,3.0,0.0,5400.0,1950.0,NetBanking,Delivered,Profit
ORD00361,2026-05-02,CUST0105,Accessories,Usb Hub,3.0,0.1,4860.0,1559.37,NetBanking,Delivered,Profit
ORD00362,2025-07-15,CUST0181,Electronics,Headphones,2.0,0.05,8550.0,2711.79,NetBanking,Delivered,Profit
ORD00363,2025-09-18,CUST0396,Furniture,Cabinet,3.0,0.05,37050.0,-20998.51,Cash on Delivery,Cancelled,Loss
ORD00364,2025-08-19,CUST0476,Furniture,Office Chair,6.0,0.05,51300.0,11679.01,UPI,Delivered,Profit
ORD00365,2026-08-01,CUST0297,Electronics,Monitor,4.0,0.1,64800.0,8643.76,Cash on Delivery,Delivered,Profit
ORD00366,2026-07-29,CUST0533,Office Supplies,Paper,1.0,0.15,382.5,76.79,Cash on Delivery,Delivered,Profit
ORD00367,2026-08-14,CUST0275,Office Supplies,Stapler,1.0,0.1,315.0,101.25,Cash on Delivery,Delivered,Profit
ORD00368,2025-08-12,CUST0302,Furniture,Bookshelf,1.0,0.15,9350.0,1694.44,UPI,Delivered,Profit
ORD00369,2025-10-08,CUST0039,Office Supplies,Paper,10.0,0.3,3150.0,483.1,Card,Shipped,Profit
ORD00370,2025-07-20,CUST0015,Furniture,Bookshelf,3.0,0.2,26400.0,3248.42,NetBanking,Delivered,Profit
ORD00371,2026-07-04,CUST0316,Electronics,Keyboard,5.0,0.15,10625.0,3032.38,UPI,Delivered,Profit
ORD00372,2025-10-29,CUST0415,Office Supplies,Printer,2.0,0.1,25200.0,3410.72,UPI,Shipped,Profit
ORD00373,2025-08-02,CUST0036,Furniture,Office Chair,2.0,0.0,18000.0,4600.0,Card,Delivered,Profit
ORD00374,2026-03-02,CUST0065,Electronics,Monitor,2.0,0.1,32400.0,4464.7,UPI,Delivered,Profit
ORD00375,2026-03-11,CUST0092,Accessories,Backpack,2.0,0.0,4400.0,1500.0,UPI,Shipped,Profit
ORD00376,2026-07-02,CUST0201,Electronics,Laptop,1.0,0.1,49500.0,-21459.22,Card,Cancelled,Loss
ORD00377,2026-06-01,CUST0075,Accessories,Mouse,6.0,0.1,7560.0,2524.65,Cash on Delivery,Delivered,Profit
ORD00378,2025-12-26,CUST0169,Accessories,Usb Hub,2.0,0.15,3060.0,949.44,Cash on Delivery,Delivered,Profit
ORD00379,2026-08-29,CUST0509,Accessories,Webcam,1.0,0.05,3990.0,1062.95,NetBanking,Shipped,Profit
ORD00380,2026-07-17,CUST0486,Furniture,Office Chair,4.0,0.1,32400.0,6598.81,UPI,Delivered,Profit
ORD00381,2026-05-07,CUST0402,Office Supplies,Desk Organizer,3.0,0.1,2430.0,666.86,NetBanking,Delivered,Profit
ORD00382,2026-07-20,CUST0545,Electronics,Headphones,2.0,0.1,8100.0,2467.38,UPI,Shipped,Profit
ORD00383,2025-07-17,CUST0103,Furniture,Office Chair,2.0,0.15,15300.0,3370.34,Card,Shipped,Profit
ORD00384,2026-01-24,CUST0287,Accessories,Usb Hub,2.0,0.05,3420.0,1173.86,NetBanking,Delivered,Profit
ORD00385,2026-05-24,CUST0525,Electronics,Headphones,1.0,0.0,4500.0,1500.0,NetBanking,Delivered,Profit
ORD00386,2025-08-16,CUST0256,Office Supplies,Stapler,3.0,0.2,840.0,219.32,UPI,Delivered,Profit
ORD00387,2026-08-24,CUST0043,Electronics,Monitor,1.0,0.2,14400.0,-10792.44,Card,Cancelled,Loss
ORD00388,2025-11-01,CUST0390,Electronics,Laptop,1.0,0.1,49500.0,5028.4,Card,Delivered,Profit
ORD00389,2026-01-05,CUST0212,Furniture,Cabinet,3.0,0.2,31200.0,3827.91,Card,Delivered,Profit
ORD00390,2025-11-21,CUST0489,Furniture,Cabinet,1.0,0.15,11050.0,1634.96,Card,Delivered,Profit
ORD00391,2025-09-12,CUST0119,Accessories,Mouse,1.0,0.0,1800.0,650.0,Card,Delivered,Profit
ORD00392,2025-10-14,CUST0400,Electronics,Keyboard,3.0,0.0,7500.0,2400.0,UPI,Delivered,Profit
ORD00393,2026-06-22,CUST0126,Electronics,Monitor,5.0,0.0,90000.0,17500.0,UPI,Delivered,Profit
ORD00394,2025-10-12,CUST0353,Electronics,Keyboard,4.0,0.1,9000.0,-914.54,Card,Cancelled,Loss
ORD00395,2025-09-15,CUST0458,Electronics,Monitor,1.0,0.1,16200.0,-8357.62,NetBanking,Returned,Loss
ORD00396,2026-06-04,CUST0286,Accessories,Usb Hub,1.0,0.0,1800.0,650.0,Cash on Delivery,Shipped,Profit
ORD00397,2026-04-06,CUST0378,Furniture,Desk,6.0,0.15,76500.0,11902.95,Card,Delivered,Profit
ORD00398,2025-10-30,CUST0523,Furniture,Bookshelf,1.0,0.05,10450.0,2188.42,Cash on Delivery,Delivered,Profit
ORD00399,2025-09-26,CUST0292,Furniture,Office Chair,3.0,0.1,24300.0,4652.35,Card,Delivered,Profit
ORD00400,2026-05-23,CUST0459,Office Supplies,Stapler,1.0,0.05,332.5,105.46,Card,Delivered,Profit
ORD00401,2026-06-22,CUST0600,Office Supplies,Desk Organizer,4.0,0.05,3420.0,1000.26,UPI,Delivered,Profit
ORD00402,2025-12-15,CUST0081,Accessories,Webcam,2.0,0.0,8400.0,2400.0,NetBanking,Delivered,Profit
ORD00403,2026-06-05,CUST0021,Office Supplies,Printer,2.0,0.1,25200.0,4042.56,UPI,Delivered,Profit
ORD00404,2026-04-30,CUST0544,Office Supplies,Stapler,4.0,0.05,1330.0,444.75,NetBanking,Delivered,Profit
ORD00405,2025-10-10,CUST0016,Accessories,Mouse,3.0,0.1,3780.0,1150.12,Card,Shipped,Profit
ORD00406,2025-08-08,CUST0452,Accessories,Backpack,1.0,0.2,1760.0,500.01,Cash on Delivery,Delivered,Profit
ORD00407,2026-05-09,CUST0316,Accessories,Mouse,2.0,0.0,2800.0,1000.0,NetBanking,Shipped,Profit
ORD00408,2026-06-21,CUST0415,Electronics,Laptop,1.0,0.0,55000.0,9000.0,NetBanking,Delivered,Profit
ORD00409,2025-11-03,CUST0503,Electronics,Laptop,3.0,0.05,156750.0,-64087.53,Cash on Delivery,Returned,Loss
ORD00410,2026-01-22,CUST0024,Electronics,Monitor,1.0,0.15,15300.0,2072.46,Card,Delivered,Profit
ORD00411,2025-07-19,CUST0168,Office Supplies,Paper,2.0,0.0,900.0,220.0,Card,Delivered,Profit
ORD00412,2026-02-26,CUST0023,Electronics,Monitor,3.0,0.1,48600.0,6875.92,NetBanking,Delivered,Profit
ORD00413,2026-05-19,CUST0581,Office Supplies,Stapler,2.0,0.1,630.0,196.59,UPI,Shipped,Profit
ORD00414,2025-11-30,CUST0240,Office Supplies,Stapler,4.0,0.2,1120.0,-502.77,Cash on Delivery,Cancelled,Loss
ORD00415,2026-06-13,CUST0468,Furniture,Desk,2.0,0.0,30000.0,-688.63,Card,Cancelled,Loss
ORD00416,2026-08-19,CUST0009,Electronics,Headphones,2.0,0.15,7650.0,1919.19,NetBanking,Shipped,Profit
ORD00417,2026-06-04,CUST0314,Office Supplies,Printer,2.0,0.15,23800.0,-9932.1,NetBanking,Returned,Loss
ORD00418,2026-08-13,CUST0413,Office Supplies,Paper,1.0,0.1,405.0,74.78,Cash on Delivery,Delivered,Profit
ORD00419,2025-07-10,CUST0396,Furniture,Bookshelf,4.0,0.15,37400.0,5101.57,Card,Delivered,Profit
ORD00420,2026-02-17,CUST0014,Furniture,Desk,4.0,0.05,57000.0,12611.84,Cash on Delivery,Delivered,Profit
ORD00421,2025-11-23,CUST0033,Electronics,Laptop,2.0,0.05,104500.0,-51722.05,Cash on Delivery,Returned,Loss
ORD00422,2026-03-22,CUST0545,Electronics,Monitor,1.0,0.0,18000.0,3500.0,Cash on Delivery,Delivered,Profit
ORD00423,2026-02-05,CUST0117,Accessories,Webcam,2.0,0.05,7980.0,-1875.3,Card,Cancelled,Loss
ORD00424,2025-07-01,CUST0184,Electronics,Monitor,4.0,0.15,61200.0,8843.77,UPI,Delivered,Profit
ORD00425,2026-04-16,CUST0108,Furniture,Office Chair,1.0,0.2,7200.0,1393.87,NetBanking,Delivered,Profit
ORD00426,2026-07-25,CUST0428,Electronics,Monitor,5.0,0.15,76500.0,6983.7,NetBanking,Delivered,Profit
ORD00427,2025-11-27,CUST0176,Furniture,Bookshelf,2.0,0.05,20900.0,4460.49,Cash on Delivery,Delivered,Profit
ORD00428,2025-09-11,CUST0514,Electronics,Keyboard,3.0,0.05,7125.0,2094.01,Card,Shipped,Profit
ORD00429,2026-07-02,CUST0052,Furniture,Office Chair,2.0,0.2,14400.0,1704.79,Card,Shipped,Profit
ORD00430,2026-03-05,CUST0483,Furniture,Cabinet,3.0,0.0,39000.0,-17825.11,Cash on Delivery,Returned,Loss
ORD00431,2025-12-05,CUST0589,Electronics,Monitor,6.0,0.05,102600.0,18105.73,NetBanking,Delivered,Profit
ORD00432,2025-09-13,CUST0560,Accessories,Webcam,2.0,0.05,7980.0,2131.48,Cash on Delivery,Delivered,Profit
ORD00433,2026-03-25,CUST0387,Electronics,Monitor,2.0,0.2,28800.0,2872.09,UPI,Shipped,Profit
ORD00434,2026-08-06,CUST0131,Electronics,Keyboard,4.0,0.0,10000.0,3200.0,UPI,Shipped,Profit
ORD00435,2025-10-18,CUST0369,Furniture,Office Chair,4.0,0.05,34200.0,-13623.62,UPI,Returned,Loss
ORD00436,2025-10-25,CUST0018,Electronics,Keyboard,1.0,0.05,2375.0,740.55,Card,Delivered,Profit
ORD00437,2026-05-10,CUST0035,Office Supplies,Printer,1.0,0.0,14000.0,-6824.88,NetBanking,Returned,Loss
ORD00438,2026-08-29,CUST0158,Electronics,Laptop,1.0,0.15,46750.0,4614.74,NetBanking,Delivered,Profit
ORD00439,2025-12-08,CUST0242,Accessories,Backpack,1.0,0.05,2090.0,677.16,Card,Delivered,Profit
ORD00440,2026-05-30,CUST0090,Office Supplies,Stapler,2.0,0.15,595.0,-211.8,Card,Returned,Loss
ORD00441,2025-12-17,CUST0113,Furniture,Cabinet,1.0,0.05,12350.0,2771.37,Card,Shipped,Profit
ORD00442,2026-07-24,CUST0556,Electronics,Monitor,1.0,0.3,12600.0,-552.54,Cash on Delivery,Delivered,Loss
ORD00443,2025-12-03,CUST0166,Electronics,Keyboard,1.0,0.05,2375.0,725.07,Card,Delivered,Profit
ORD00444,2025-10-25,CUST0293,Electronics,Laptop,4.0,0.1,198000.0,-54115.05,UPI,Cancelled,Loss
ORD00445,2025-07-27,CUST0199,Furniture,Bookshelf,2.0,0.1,19800.0,3949.64,UPI,Delivered,Profit
ORD00446,2025-12-22,CUST0244,Electronics,Monitor,6.0,0.0,108000.0,21000.0,Cash on Delivery,Shipped,Profit
ORD00447,2026-08-07,CUST0479,Office Supplies,Printer,5.0,0.05,66500.0,12261.38,UPI,Delivered,Profit
ORD00448,2025-12-26,CUST0300,Office Supplies,Desk Organizer,5.0,0.0,4500.0,1400.0,NetBanking,Delivered,Profit
ORD00449,2026-06-22,CUST0476,Accessories,Backpack,4.0,0.2,7040.0,1868.4,UPI,Delivered,Profit
ORD00450,2026-08-27,CUST0442,Office Supplies,Desk Organizer,2.0,0.0,1800.0,75.35,Cash on Delivery,Cancelled,Profit
ORD00451,2026-03-15,CUST0180,Office Supplies,Desk Organizer,1.0,0.15,765.0,-63.32,Cash on Delivery,Cancelled,Loss
ORD00452,2026-08-21,CUST0341,Office Supplies,Stapler,2.0,0.1,630.0,-244.17,Card,Returned,Loss
ORD00453,2025-11-29,CUST0103,Furniture,Cabinet,1.0,0.05,12350.0,-2086.61,Cash on Delivery,Returned,Loss
ORD00454,2026-07-10,CUST0165,Furniture,Office Chair,3.0,0.1,24300.0,5489.87,NetBanking,Shipped,Profit
ORD00455,2026-05-22,CUST0079,Electronics,Keyboard,6.0,0.05,14250.0,4217.91,Card,Delivered,Profit
ORD00456,2026-07-24,CUST0204,Electronics,Monitor,3.0,0.0,54000.0,10500.0,NetBanking,Delivered,Profit
ORD00457,2026-05-05,CUST0518,Furniture,Cabinet,1.0,0.05,12350.0,-3530.41,NetBanking,Returned,Loss
ORD00458,2025-11-17,CUST0304,Furniture,Bookshelf,2.0,0.2,17600.0,2501.79,NetBanking,Delivered,Profit
ORD00459,2025-09-02,CUST0443,Electronics,Headphones,3.0,0.1,12150.0,-5352.05,Cash on Delivery,Cancelled,Loss
ORD00460,2025-09-08,CUST0329,Electronics,Monitor,10.0,0.2,144000.0,9693.25,Cash on Delivery,Delivered,Profit
ORD00461,2026-02-28,CUST0503,Office Supplies,Paper,2.0,0.15,765.0,132.98,UPI,Delivered,Profit
ORD00462,2026-07-28,CUST0056,Accessories,Backpack,2.0,0.0,4400.0,1500.0,Card,Delivered,Profit
ORD00463,2025-10-22,CUST0431,Accessories,Backpack,3.0,0.0,6600.0,2250.0,NetBanking,Delivered,Profit
ORD00464,2026-01-07,CUST0490,Furniture,Cabinet,2.0,0.0,26000.0,6400.0,Cash on Delivery,Delivered,Profit
ORD00465,2026-06-04,CUST0161,Electronics,Monitor,1.0,0.0,18000.0,3500.0,Cash on Delivery,Delivered,Profit
ORD00466,2025-10-07,CUST0298,Electronics,Laptop,1.0,0.1,49500.0,5611.4,UPI,Delivered,Profit
ORD00467,2026-03-14,CUST0526,Electronics,Laptop,1.0,0.1,49500.0,5016.67,NetBanking,Delivered,Profit
ORD00468,2026-07-12,CUST0447,Furniture,Cabinet,5.0,0.0,65000.0,16000.0,NetBanking,Shipped,Profit
ORD00469,2026-08-10,CUST0305,Office Supplies,Printer,5.0,0.1,63000.0,10318.73,Card,Delivered,Profit
ORD00470,2026-01-28,CUST0476,Office Supplies,Paper,5.0,0.1,2025.0,419.86,Card,Delivered,Profit
ORD00471,2025-12-17,CUST0406,Furniture,Cabinet,1.0,0.1,11700.0,2344.51,Card,Returned,Profit
ORD00472,2026-06-01,CUST0208,Accessories,Backpack,4.0,0.1,7920.0,2574.15,Cash on Delivery,Delivered,Profit
ORD00473,2025-12-01,CUST0330,Office Supplies,Desk Organizer,1.0,0.0,900.0,280.0,UPI,Delivered,Profit
ORD00474,2026-06-27,CUST0315,Accessories,Webcam,10.0,0.05,39900.0,10531.78,Cash on Delivery,Delivered,Profit
ORD00475,2026-03-19,CUST0131,Electronics,Monitor,3.0,0.05,51300.0,8936.11,NetBanking,Delivered,Profit
ORD00476,2026-04-03,CUST0227,Furniture,Cabinet,5.0,0.05,61750.0,13423.6,Cash on Delivery,Delivered,Profit
ORD00477,2025-11-22,CUST0203,Furniture,Office Chair,1.0,0.1,8100.0,1878.32,Cash on Delivery,Delivered,Profit
ORD00478,2026-02-04,CUST0410,Office Supplies,Paper,4.0,0.0,1800.0,440.0,NetBanking,Shipped,Profit
ORD00479,2025-08-26,CUST0538,Electronics,Keyboard,6.0,0.05,14250.0,4256.16,Card,Delivered,Profit
ORD00480,2026-06-07,CUST0498,Accessories,Webcam,1.0,0.2,3360.0,788.8,Card,Delivered,Profit
ORD00481,2026-01-16,CUST0393,Office Supplies,Stapler,2.0,0.0,700.0,240.0,UPI,Delivered,Profit
ORD00482,2026-07-08,CUST0052,Electronics,Monitor,1.0,0.1,16200.0,-8142.82,NetBanking,Returned,Loss
ORD00483,2025-08-16,CUST0158,Furniture,Bookshelf,4.0,0.0,44000.0,10400.0,Card,Delivered,Profit
ORD00484,2025-07-20,CUST0075,Electronics,Laptop,3.0,0.05,156750.0,21231.32,Card,Delivered,Profit
ORD00485,2026-06-23,CUST0208,Electronics,Laptop,15.0,0.05,783750.0,110045.41,NetBanking,Delivered,Profit
ORD00486,2025-08-21,CUST0516,Furniture,Desk,2.0,0.05,28500.0,6031.46,Cash on Delivery,Delivered,Profit
ORD00487,2026-04-25,CUST0556,Accessories,Usb Hub,5.0,0.15,7650.0,2103.88,UPI,Delivered,Profit
ORD00488,2026-08-20,CUST0335,Electronics,Laptop,4.0,0.0,220000.0,36000.0,Cash on Delivery,Delivered,Profit
ORD00489,2026-02-25,CUST0074,Electronics,Headphones,3.0,0.0,13500.0,4500.0,UPI,Shipped,Profit
ORD00490,2026-02-07,CUST0106,Accessories,Webcam,3.0,0.1,11340.0,2782.79,NetBanking,Delivered,Profit
ORD00491,2025-07-29,CUST0025,Electronics,Headphones,1.0,0.05,4275.0,-1020.33,UPI,Cancelled,Loss
ORD00492,2025-09-08,CUST0150,Electronics,Laptop,2.0,0.15,93500.0,10020.55,UPI,Delivered,Profit
ORD00493,2025-12-19,CUST0081,Office Supplies,Stapler,2.0,0.3,490.0,79.35,Cash on Delivery,Delivered,Profit
ORD00494,2026-01-31,CUST0560,Furniture,Desk,3.0,0.05,42750.0,9184.94,Card,Delivered,Profit
ORD00495,2026-05-15,CUST0502,Accessories,Usb Hub,2.0,0.0,3600.0,1300.0,Cash on Delivery,Delivered,Profit
ORD00496,2026-02-09,CUST0100,Office Supplies,Paper,3.0,0.05,1282.5,287.51,UPI,Delivered,Profit
ORD00497,2026-01-09,CUST0170,Office Supplies,Printer,3.0,0.05,39900.0,7438.88,Cash on Delivery,Delivered,Profit
ORD00498,2025-12-20,CUST0292,Furniture,Desk,2.0,0.15,25500.0,3648.54,NetBanking,Delivered,Profit
ORD00499,2026-01-11,CUST0059,Electronics,Laptop,4.0,0.1,198000.0,-44039.61,UPI,Cancelled,Loss
ORD00500,2025-07-27,CUST0334,Accessories,Mouse,3.0,0.15,3570.0,1074.14,UPI,Delivered,Profit
ORD00501,2025-08-03,CUST0483,Office Supplies,Printer,1.0,0.0,14000.0,-6237.65,Card,Returned,Loss
ORD00503,2026-07-08,CUST0207,Office Supplies,Printer,3.0,0.0,42000.0,8400.0,Card,Shipped,Profit
ORD00504,2025-09-22,CUST0134,Office Supplies,Stapler,3.0,0.05,997.5,316.12,Cash on Delivery,Delivered,Profit
ORD00505,2025-09-20,CUST0021,Electronics,Monitor,3.0,0.05,51300.0,8908.73,Cash on Delivery,Delivered,Profit
ORD00506,2025-08-19,CUST0131,Electronics,Monitor,1.0,0.1,16200.0,2503.96,Cash on Delivery,Delivered,Profit
ORD00507,2025-08-05,CUST0106,Furniture,Bookshelf,1.0,0.05,10450.0,2141.36,NetBanking,Shipped,Profit
ORD00508,2025-12-11,CUST0188,Electronics,Monitor,4.0,0.1,64800.0,8623.65,UPI,Delivered,Profit
ORD00509,2025-12-04,CUST0407,Furniture,Desk,1.0,0.0,15000.0,3500.0,Card,Delivered,Profit
ORD00510,2025-09-08,CUST0316,Electronics,Laptop,2.0,0.0,110000.0,18000.0,Card,Shipped,Profit
ORD00511,2025-09-21,CUST0019,Electronics,Headphones,6.0,0.05,25650.0,8224.79,Card,Delivered,Profit
ORD00512,2026-07-30,CUST0229,Electronics,Keyboard,4.0,0.1,9000.0,2735.29,Card,Delivered,Profit
ORD00513,2026-07-28,CUST0352,Accessories,Webcam,15.0,0.05,59850.0,15789.27,Cash on Delivery,Delivered,Profit
ORD00514,2025-08-27,CUST0108,Office Supplies,Stapler,3.0,0.1,945.0,281.86,NetBanking,Delivered,Profit
ORD00515,2026-07-21,CUST0394,Electronics,Laptop,1.0,0.05,52250.0,7677.2,UPI,Delivered,Profit
ORD00516,2026-06-20,CUST0156,Furniture,Cabinet,3.0,0.15,33150.0,5652.11,NetBanking,Delivered,Profit
ORD00517,2025-10-08,CUST0540,Electronics,Monitor,2.0,0.05,34200.0,-11599.72,Card,Cancelled,Loss
ORD00518,2026-06-05,CUST0338,Furniture,Office Chair,3.0,0.15,22950.0,3998.81,UPI,Delivered,Profit
ORD00519,2025-07-24,CUST0491,Accessories,Mouse,10.0,0.2,11200.0,3502.39,Cash on Delivery,Delivered,Profit
ORD00520,2025-08-09,CUST0432,Office Supplies,Stapler,5.0,0.15,1487.5,394.1,NetBanking,Delivered,Profit
ORD00521,2025-09-29,CUST0169,Furniture,Desk,1.0,0.2,12000.0,-7967.41,Cash on Delivery,Returned,Loss
ORD00522,2025-11-06,CUST0289,Electronics,Laptop,5.0,0.1,247500.0,31519.44,Cash on Delivery,Delivered,Profit
ORD00523,2026-02-11,CUST0510,Office Supplies,Desk Organizer,3.0,0.05,2565.0,763.44,NetBanking,Delivered,Profit
ORD00524,2025-07-14,CUST0228,Furniture,Bookshelf,2.0,0.15,18700.0,2458.51,NetBanking,Delivered,Profit
ORD00525,2026-08-24,CUST0382,Electronics,Laptop,4.0,0.2,176000.0,11064.01,UPI,Shipped,Profit
ORD00526,2025-12-18,CUST0557,Accessories,Mouse,1.0,0.1,1260.0,435.7,Card,Delivered,Profit
ORD00527,2026-07-17,CUST0509,Office Supplies,Desk Organizer,4.0,0.0,3600.0,1120.0,NetBanking,Delivered,Profit
ORD00528,2025-11-07,CUST0070,Office Supplies,Paper,4.0,0.2,1440.0,186.24,Card,Delivered,Profit
ORD00529,2026-04-22,CUST0583,Electronics,Keyboard,2.0,0.05,4750.0,213.18,Card,Returned,Profit
ORD00530,2025-07-13,CUST0243,Accessories,Mouse,3.0,0.0,4200.0,-176.18,Card,Cancelled,Loss
ORD00531,2026-03-22,CUST0501,Office Supplies,Desk Organizer,1.0,0.1,810.0,221.85,UPI,Shipped,Profit
ORD00532,2025-12-29,CUST0526,Electronics,Headphones,2.0,0.0,9000.0,-3830.26,UPI,Cancelled,Loss
ORD00533,2026-01-12,CUST0298,Electronics,Monitor,2.0,0.0,36000.0,7000.0,UPI,Delivered,Profit
ORD00534,2026-07-21,CUST0084,Electronics,Laptop,6.0,0.1,297000.0,26359.51,NetBanking,Delivered,Profit
ORD00535,2026-08-15,CUST0080,Electronics,Headphones,3.0,0.1,12150.0,3798.12,Card,Shipped,Profit
ORD00536,2025-12-21,CUST0302,Furniture,Desk,3.0,0.1,40500.0,7729.72,NetBanking,Shipped,Profit
ORD00537,2026-06-09,CUST0115,Furniture,Bookshelf,1.0,0.0,11000.0,2600.0,Card,Shipped,Profit
ORD00538,2025-12-10,CUST0462,Electronics,Monitor,1.0,0.1,16200.0,2491.94,Cash on Delivery,Delivered,Profit
ORD00539,2026-04-24,CUST0057,Office Supplies,Printer,1.0,0.0,14000.0,2800.0,NetBanking,Delivered,Profit
ORD00540,2026-06-01,CUST0516,Accessories,Webcam,5.0,0.0,21000.0,6000.0,UPI,Delivered,Profit
ORD00541,2025-07-11,CUST0031,Accessories,Mouse,1.0,0.0,1400.0,-582.52,NetBanking,Returned,Loss
ORD00542,2025-09-15,CUST0256,Electronics,Keyboard,4.0,0.1,9000.0,2539.13,Cash on Delivery,Delivered,Profit
ORD00543,2025-12-23,CUST0481,Furniture,Bookshelf,2.0,0.2,17600.0,2582.94,Cash on Delivery,Delivered,Profit
ORD00544,2026-07-25,CUST0081,Accessories,Webcam,1.0,0.15,3570.0,857.15,Card,Shipped,Profit
ORD00545,2025-08-03,CUST0179,Electronics,Laptop,6.0,0.1,297000.0,-207952.52,UPI,Cancelled,Loss
ORD00546,2026-07-15,CUST0398,Electronics,Monitor,2.0,0.05,34200.0,6020.64,Card,Delivered,Profit
ORD00547,2025-11-21,CUST0348,Furniture,Office Chair,2.0,0.15,15300.0,3327.02,Card,Delivered,Profit
ORD00548,2025-12-19,CUST0392,Electronics,Keyboard,2.0,0.15,4250.0,989.97,NetBanking,Delivered,Profit
ORD00549,2026-06-01,CUST0452,Office Supplies,Paper,4.0,0.1,1620.0,327.84,Card,Shipped,Profit
ORD00550,2026-07-05,CUST0278,Accessories,Backpack,6.0,0.15,11220.0,3512.45,Card,Delivered,Profit
ORD00551,2025-10-14,CUST0170,Furniture,Bookshelf,1.0,0.1,9900.0,1852.76,NetBanking,Delivered,Profit
ORD00552,2026-04-28,CUST0246,Electronics,Monitor,2.0,0.1,32400.0,4633.43,NetBanking,Shipped,Profit
ORD00553,2025-10-12,CUST0537,Office Supplies,Stapler,6.0,0.0,2100.0,720.0,Cash on Delivery,Delivered,Profit
ORD00554,2025-07-01,CUST0498,Accessories,Webcam,4.0,0.1,15120.0,4015.96,NetBanking,Delivered,Profit
ORD00555,2026-07-14,CUST0213,Electronics,Monitor,1.0,0.0,18000.0,3500.0,Card,Delivered,Profit
ORD00556,2026-06-27,CUST0026,Accessories,Webcam,3.0,0.0,12600.0,3600.0,Cash on Delivery,Delivered,Profit
ORD00557,2025-10-14,CUST0156,Office Supplies,Printer,5.0,0.05,66500.0,11831.33,Cash on Delivery,Delivered,Profit
ORD00558,2026-08-17,CUST0141,Electronics,Headphones,3.0,0.1,12150.0,1.59,Cash on Delivery,Cancelled,Profit
ORD00559,2026-03-13,CUST0560,Furniture,Desk,3.0,0.1,40500.0,7641.43,Cash on Delivery,Delivered,Profit
ORD00560,2025-10-28,CUST0195,Office Supplies,Paper,3.0,0.2,1080.0,-207.23,UPI,Returned,Loss
ORD00561,2026-04-15,CUST0216,Furniture,Office Chair,1.0,0.1,8100.0,1795.95,UPI,Delivered,Profit
ORD00562,2025-11-16,CUST0134,Office Supplies,Desk Organizer,4.0,0.05,3420.0,974.25,NetBanking,Delivered,Profit
ORD00563,2026-04-14,CUST0096,Electronics,Headphones,6.0,0.05,25650.0,7986.74,Card,Delivered,Profit
ORD00564,2026-08-30,CUST0497,Office Supplies,Printer,4.0,0.05,53200.0,-7951.38,NetBanking,Cancelled,Loss
ORD00565,2026-03-06,CUST0511,Furniture,Office Chair,2.0,0.2,14400.0,1822.24,NetBanking,Shipped,Profit
ORD00566,2025-11-02,CUST0503,Office Supplies,Printer,1.0,0.1,12600.0,1639.14,NetBanking,Delivered,Profit
ORD00567,2025-10-12,CUST0222,Office Supplies,Desk Organizer,4.0,0.1,3240.0,818.33,Card,Delivered,Profit
ORD00568,2025-11-27,CUST0132,Office Supplies,Desk Organizer,1.0,0.15,765.0,190.59,NetBanking,Delivered,Profit
ORD00569,2025-09-13,CUST0396,Furniture,Bookshelf,1.0,0.1,9900.0,1809.31,UPI,Delivered,Profit
ORD00570,2026-05-25,CUST0163,Office Supplies,Printer,3.0,0.1,37800.0,5315.48,Cash on Delivery,Delivered,Profit
ORD00571,2026-02-04,CUST0144,Office Supplies,Stapler,5.0,0.0,1750.0,600.0,Cash on Delivery,Delivered,Profit
ORD00572,2026-04-08,CUST0313,Office Supplies,Desk Organizer,2.0,0.1,1620.0,443.7,Cash on Delivery,Delivered,Profit
ORD00573,2025-09-25,CUST0130,Office Supplies,Printer,1.0,0.1,12600.0,2014.56,NetBanking,Delivered,Profit
ORD00574,2026-07-14,CUST0264,Accessories,Usb Hub,4.0,0.2,5760.0,1455.88,UPI,Delivered,Profit
ORD00575,2025-08-12,CUST0399,Furniture,Cabinet,3.0,0.1,35100.0,7627.83,UPI,Shipped,Profit
ORD00576,2025-10-01,CUST0596,Electronics,Headphones,3.0,0.0,13500.0,4500.0,Cash on Delivery,Delivered,Profit
ORD00577,2026-02-23,CUST0260,Electronics,Laptop,3.0,0.0,165000.0,27000.0,NetBanking,Delivered,Profit
ORD00578,2026-05-01,CUST0146,Furniture,Bookshelf,2.0,0.1,19800.0,3632.73,Card,Delivered,Profit
ORD00579,2026-06-04,CUST0334,Electronics,Laptop,1.0,0.15,46750.0,-25389.09,Cash on Delivery,Returned,Loss
ORD00580,2026-07-22,CUST0308,Office Supplies,Desk Organizer,10.0,0.1,8100.0,2137.08,Cash on Delivery,Delivered,Profit
ORD00581,2025-12-22,CUST0555,Accessories,Mouse,1.0,0.15,1190.0,-25.65,Cash on Delivery,Returned,Loss
ORD00582,2025-07-06,CUST0118,Electronics,Monitor,1.0,0.05,17100.0,3063.36,NetBanking,Delivered,Profit
ORD00583,2026-05-11,CUST0241,Office Supplies,Paper,2.0,0.0,900.0,220.0,Card,Delivered,Profit
ORD00584,2026-08-08,CUST0402,Office Supplies,Desk Organizer,1.0,0.0,900.0,280.0,Card,Delivered,Profit
ORD00585,2025-07-04,CUST0337,Furniture,Bookshelf,3.0,0.1,29700.0,6108.03,NetBanking,Delivered,Profit
ORD00586,2026-06-13,CUST0319,Office Supplies,Printer,2.0,0.05,26600.0,4421.34,Card,Delivered,Profit
ORD00587,2026-02-17,CUST0586,Furniture,Cabinet,1.0,0.1,11700.0,2332.74,NetBanking,Delivered,Profit
ORD00588,2025-10-15,CUST0489,Accessories,Mouse,1.0,0.2,1120.0,364.85,Cash on Delivery,Delivered,Profit
ORD00589,2025-07-10,CUST0444,Furniture,Office Chair,3.0,0.2,21600.0,4109.97,Card,Delivered,Profit
ORD00590,2025-12-04,CUST0065,Electronics,Keyboard,1.0,0.0,2500.0,800.0,Cash on Delivery,Delivered,Profit
ORD00591,2026-02-05,CUST0205,Furniture,Office Chair,1.0,0.1,8100.0,1543.95,Card,Delivered,Profit
ORD00592,2025-12-18,CUST0336,Accessories,Webcam,1.0,0.1,3780.0,869.68,Cash on Delivery,Delivered,Profit
ORD00593,2025-10-15,CUST0463,Electronics,Monitor,5.0,0.0,90000.0,17500.0,NetBanking,Delivered,Profit
ORD00594,2025-10-03,CUST0596,Electronics,Laptop,4.0,0.05,209000.0,28668.28,NetBanking,Delivered,Profit
ORD00595,2026-08-28,CUST0251,Furniture,Cabinet,3.0,0.0,39000.0,9600.0,UPI,Delivered,Profit
ORD00596,2026-06-03,CUST0067,Furniture,Office Chair,6.0,0.05,51300.0,-11212.54,Card,Returned,Loss
ORD00597,2026-02-26,CUST0163,Office Supplies,Stapler,1.0,0.2,280.0,81.98,Cash on Delivery,Delivered,Profit
ORD00598,2026-04-25,CUST0543,Office Supplies,Printer,5.0,0.05,66500.0,11295.4,Card,Delivered,Profit
ORD00599,2026-01-19,CUST0259,Electronics,Headphones,15.0,0.05,64125.0,20078.18,Cash on Delivery,Shipped,Profit
ORD00600,2025-10-03,CUST0286,Office Supplies,Desk Organizer,2.0,0.1,1620.0,431.21,Card,Delivered,Profit
ORD00601,2026-03-17,CUST0504,Furniture,Bookshelf,2.0,0.1,19800.0,3774.01,UPI,Delivered,Profit
ORD00602,2025-07-18,CUST0108,Accessories,Backpack,3.0,0.2,5280.0,1647.38,UPI,Delivered,Profit
ORD00603,2025-09-08,CUST0234,Office Supplies,Paper,10.0,0.1,4050.0,747.66,Cash on Delivery,Shipped,Profit
ORD00604,2025-10-02,CUST0343,Office Supplies,Printer,5.0,0.2,56000.0,4207.96,Card,Delivered,Profit
ORD00605,2025-09-30,CUST0397,Furniture,Cabinet,2.0,0.0,26000.0,6400.0,UPI,Shipped,Profit
ORD00606,2026-06-12,CUST0106,Electronics,Monitor,1.0,0.05,17100.0,2851.14,UPI,Delivered,Profit
ORD00607,2026-06-22,CUST0598,Office Supplies,Stapler,2.0,0.1,630.0,184.68,UPI,Delivered,Profit
ORD00608,2026-03-04,CUST0078,Furniture,Bookshelf,2.0,0.15,18700.0,2640.99,Card,Delivered,Profit
ORD00609,2025-08-17,CUST0332,Furniture,Bookshelf,5.0,0.1,49500.0,9490.06,NetBanking,Delivered,Profit
ORD00610,2026-04-19,CUST0474,Accessories,Usb Hub,6.0,0.1,9720.0,3278.41,UPI,Delivered,Profit
ORD00611,2025-10-19,CUST0559,Accessories,Backpack,3.0,0.05,6270.0,1987.46,UPI,Shipped,Profit
ORD00612,2026-06-23,CUST0213,Accessories,Webcam,2.0,0.0,8400.0,2400.0,NetBanking,Delivered,Profit
ORD00613,2026-03-22,CUST0405,Accessories,Backpack,3.0,0.1,5940.0,1937.1,UPI,Delivered,Profit
ORD00614,2025-08-25,CUST0350,Office Supplies,Printer,3.0,0.15,35700.0,5516.62,Cash on Delivery,Delivered,Profit
ORD00615,2026-02-09,CUST0592,Electronics,Headphones,10.0,0.1,40500.0,12242.37,Card,Delivered,Profit
ORD00616,2026-06-13,CUST0390,Furniture,Bookshelf,4.0,0.1,39600.0,7179.85,UPI,Shipped,Profit
ORD00617,2026-03-22,CUST0288,Accessories,Usb Hub,5.0,0.1,8100.0,2672.59,Cash on Delivery,Delivered,Profit
ORD00618,2025-07-18,CUST0037,Electronics,Monitor,3.0,0.1,48600.0,7697.35,NetBanking,Delivered,Profit
ORD00619,2026-02-17,CUST0298,Accessories,Mouse,3.0,0.15,3570.0,1202.63,Cash on Delivery,Delivered,Profit
ORD00620,2026-04-25,CUST0455,Accessories,Usb Hub,6.0,0.0,10800.0,3900.0,UPI,Delivered,Profit
ORD00621,2026-01-04,CUST0106,Office Supplies,Printer,3.0,0.15,35700.0,3869.78,Unknown,Delivered,Profit
ORD00622,2025-10-10,CUST0542,Furniture,Office Chair,6.0,0.15,45900.0,-18627.03,Card,Returned,Loss
ORD00623,2025-08-17,CUST0194,Electronics,Monitor,1.0,0.05,17100.0,2837.97,UPI,Delivered,Profit
ORD00624,2026-06-24,CUST0384,Furniture,Cabinet,6.0,0.05,74100.0,17101.17,UPI,Delivered,Profit
ORD00625,2025-10-14,CUST0046,Furniture,Bookshelf,5.0,0.15,46750.0,9124.07,NetBanking,Shipped,Profit
ORD00626,2026-03-15,CUST0141,Furniture,Cabinet,2.0,0.15,22100.0,4146.44,Cash on Delivery,Delivered,Profit
ORD00627,2025-07-28,CUST0438,Furniture,Desk,2.0,0.15,25500.0,3530.78,Card,Delivered,Profit
ORD00628,2026-06-02,CUST0303,Office Supplies,Printer,1.0,0.05,13300.0,2467.23,UPI,Shipped,Profit
ORD00629,2025-09-02,CUST0427,Office Supplies,Desk Organizer,1.0,0.15,765.0,205.66,NetBanking,Delivered,Profit
ORD00630,2025-09-09,CUST0401,Electronics,Keyboard,1.0,0.05,2375.0,697.36,UPI,Delivered,Profit
ORD00631,2025-07-04,CUST0440,Electronics,Keyboard,4.0,0.0,10000.0,3200.0,NetBanking,Delivered,Profit
ORD00632,2025-11-25,CUST0304,Office Supplies,Paper,3.0,0.15,1147.5,197.11,UPI,Delivered,Profit
ORD00633,2025-10-11,CUST0208,Electronics,Laptop,2.0,0.2,88000.0,2679.99,UPI,Delivered,Profit
ORD00634,2026-02-27,CUST0088,Accessories,Usb Hub,6.0,0.0,10800.0,3900.0,UPI,Delivered,Profit
ORD00635,2025-12-22,CUST0582,Office Supplies,Paper,4.0,0.15,1530.0,313.24,NetBanking,Delivered,Profit
ORD00636,2025-08-31,CUST0386,Accessories,Backpack,3.0,0.15,5610.0,1414.02,Cash on Delivery,Shipped,Profit
ORD00637,2026-04-12,CUST0093,Furniture,Bookshelf,4.0,0.1,39600.0,-13063.28,NetBanking,Returned,Loss
ORD00638,2026-05-15,CUST0353,Accessories,Webcam,3.0,0.1,11340.0,-5006.32,Card,Returned,Loss
ORD00639,2025-10-25,CUST0360,Furniture,Bookshelf,6.0,0.0,66000.0,15600.0,Cash on Delivery,Delivered,Profit
ORD00640,2026-06-27,CUST0332,Office Supplies,Desk Organizer,5.0,0.05,4275.0,1215.61,NetBanking,Shipped,Profit
ORD00641,2025-08-13,CUST0396,Accessories,Backpack,10.0,0.0,22000.0,7500.0,Cash on Delivery,Shipped,Profit
ORD00642,2026-04-28,CUST0500,Electronics,Keyboard,2.0,0.15,4250.0,1067.45,Card,Delivered,Profit
ORD00643,2025-12-21,CUST0067,Electronics,Headphones,1.0,0.15,3825.0,986.39,NetBanking,Delivered,Profit
ORD00644,2025-08-05,CUST0098,Electronics,Keyboard,1.0,0.0,2500.0,800.0,UPI,Delivered,Profit
ORD00645,2025-09-26,CUST0193,Furniture,Office Chair,1.0,0.05,8550.0,2084.02,NetBanking,Delivered,Profit
ORD00646,2025-11-16,CUST0208,Furniture,Bookshelf,2.0,0.15,18700.0,3465.64,UPI,Delivered,Profit
ORD00647,2025-11-20,CUST0274,Accessories,Mouse,5.0,0.0,7000.0,2500.0,Card,Shipped,Profit
ORD00648,2026-05-25,CUST0015,Electronics,Keyboard,4.0,0.2,8000.0,2073.51,Card,Delivered,Profit
ORD00649,2026-06-18,CUST0167,Electronics,Monitor,3.0,0.0,54000.0,10500.0,Card,Delivered,Profit
ORD00650,2026-04-06,CUST0024,Electronics,Laptop,1.0,0.05,52250.0,7405.35,Cash on Delivery,Delivered,Profit
ORD00651,2025-08-07,CUST0553,Office Supplies,Desk Organizer,1.0,0.2,720.0,164.81,NetBanking,Shipped,Profit
ORD00652,2026-03-12,CUST0386,Electronics,Keyboard,2.0,0.0,5000.0,1600.0,Card,Delivered,Profit
ORD00653,2026-03-03,CUST0427,Electronics,Laptop,4.0,0.1,198000.0,19501.83,UPI,Delivered,Profit
ORD00654,2026-02-24,CUST0217,Electronics,Headphones,3.0,0.1,12150.0,-5367.55,Cash on Delivery,Returned,Loss
ORD00655,2026-03-13,CUST0521,Electronics,Laptop,5.0,0.15,233750.0,18676.47,UPI,Delivered,Profit
ORD00656,2025-11-05,CUST0039,Electronics,Keyboard,1.0,0.1,2250.0,623.54,Card,Delivered,Profit
ORD00657,2025-10-23,CUST0287,Electronics,Monitor,2.0,0.15,30600.0,4492.49,NetBanking,Shipped,Profit
ORD00658,2026-02-08,CUST0154,Electronics,Headphones,3.0,0.15,11475.0,-2479.05,UPI,Returned,Loss
ORD00659,2026-02-06,CUST0083,Accessories,Mouse,1.0,0.1,1260.0,384.12,UPI,Delivered,Profit
ORD00660,2026-06-29,CUST0485,Electronics,Laptop,2.0,0.1,99000.0,10438.05,NetBanking,Delivered,Profit
ORD00661,2026-04-05,CUST0359,Furniture,Cabinet,4.0,0.1,46800.0,-12680.53,Card,Cancelled,Loss
ORD00662,2026-06-01,CUST0190,Electronics,Monitor,1.0,0.05,17100.0,2966.48,Card,Delivered,Profit
ORD00663,2026-08-13,CUST0169,Electronics,Laptop,3.0,0.1,148500.0,17526.02,Cash on Delivery,Shipped,Profit
ORD00664,2026-04-19,CUST0358,Electronics,Laptop,1.0,0.0,55000.0,9000.0,UPI,Delivered,Profit
ORD00665,2026-02-26,CUST0251,Electronics,Headphones,3.0,0.0,13500.0,4500.0,Cash on Delivery,Delivered,Profit
ORD00666,2026-05-20,CUST0151,Electronics,Laptop,4.0,0.0,220000.0,36000.0,NetBanking,Delivered,Profit
ORD00667,2026-08-12,CUST0487,Office Supplies,Stapler,2.0,0.0,700.0,240.0,UPI,Delivered,Profit
ORD00668,2025-12-18,CUST0014,Furniture,Bookshelf,3.0,0.0,33000.0,7800.0,Card,Shipped,Profit
ORD00669,2026-08-17,CUST0097,Accessories,Mouse,1.0,0.15,1190.0,386.07,UPI,Delivered,Profit
ORD00670,2026-03-06,CUST0255,Accessories,Mouse,3.0,0.0,4200.0,1500.0,UPI,Delivered,Profit
ORD00671,2026-03-11,CUST0258,Office Supplies,Stapler,4.0,0.05,1330.0,440.73,Cash on Delivery,Delivered,Profit
ORD00672,2026-06-09,CUST0180,Office Supplies,Stapler,1.0,0.0,350.0,120.0,UPI,Shipped,Profit
ORD00673,2026-08-18,CUST0079,Furniture,Bookshelf,1.0,0.2,8800.0,979.81,Cash on Delivery,Delivered,Profit
ORD00674,2026-06-04,CUST0315,Furniture,Desk,3.0,0.0,45000.0,10500.0,Card,Delivered,Profit
ORD00675,2025-08-24,CUST0036,Electronics,Headphones,4.0,0.2,14400.0,3869.87,NetBanking,Delivered,Profit
ORD00676,2026-04-30,CUST0200,Accessories,Backpack,6.0,0.1,11880.0,3462.83,NetBanking,Delivered,Profit
ORD00677,2026-05-16,CUST0372,Office Supplies,Paper,1.0,0.05,427.5,-105.75,NetBanking,Cancelled,Loss
ORD00678,2025-08-03,CUST0196,Accessories,Webcam,1.0,0.15,3570.0,733.88,NetBanking,Shipped,Profit
ORD00679,2025-08-24,CUST0467,Furniture,Cabinet,1.0,0.15,11050.0,-3287.59,Cash on Delivery,Returned,Loss
ORD00680,2025-10-15,CUST0308,Electronics,Monitor,1.0,0.15,15300.0,-8307.49,Card,Returned,Loss
ORD00681,2026-02-05,CUST0508,Electronics,Keyboard,4.0,0.0,10000.0,3200.0,Cash on Delivery,Delivered,Profit
ORD00682,2025-09-23,CUST0092,Electronics,Headphones,15.0,0.1,60750.0,-18225.88,Cash on Delivery,Returned,Loss
ORD00683,2026-04-01,CUST0596,Accessories,Usb Hub,1.0,0.15,1530.0,457.44,Card,Delivered,Profit
ORD00684,2026-04-26,CUST0559,Electronics,Monitor,4.0,0.05,68400.0,11548.81,UPI,Shipped,Profit
ORD00685,2025-07-30,CUST0506,Office Supplies,Stapler,1.0,0.2,280.0,88.45,NetBanking,Shipped,Profit
ORD00686,2025-11-14,CUST0039,Accessories,Usb Hub,1.0,0.15,1530.0,-250.74,UPI,Returned,Loss
ORD00687,2025-09-28,CUST0238,Electronics,Keyboard,4.0,0.1,9000.0,2736.27,NetBanking,Delivered,Profit
ORD00688,2026-05-03,CUST0390,Furniture,Office Chair,1.0,0.1,8100.0,1589.47,Cash on Delivery,Shipped,Profit
ORD00689,2025-09-22,CUST0161,Accessories,Backpack,1.0,0.1,1980.0,-809.4,Cash on Delivery,Returned,Loss
ORD00690,2025-12-22,CUST0267,Office Supplies,Printer,1.0,0.05,13300.0,2252.43,Cash on Delivery,Delivered,Profit
ORD00691,2026-01-29,CUST0208,Furniture,Office Chair,2.0,0.0,18000.0,4600.0,UPI,Delivered,Profit
ORD00692,2026-04-25,CUST0128,Office Supplies,Desk Organizer,5.0,0.05,4275.0,1264.64,Card,Delivered,Profit
ORD00693,2026-04-23,CUST0368,Electronics,Monitor,4.0,0.1,64800.0,8480.39,Cash on Delivery,Shipped,Profit
ORD00694,2026-06-18,CUST0457,Accessories,Mouse,1.0,0.0,1400.0,-356.05,Cash on Delivery,Returned,Loss
ORD00695,2026-08-02,CUST0510,Furniture,Desk,2.0,0.0,30000.0,7000.0,NetBanking,Delivered,Profit
ORD00696,2026-02-26,CUST0190,Electronics,Keyboard,3.0,0.3,5250.0,675.64,NetBanking,Delivered,Profit
ORD00697,2026-04-18,CUST0094,Electronics,Keyboard,3.0,0.0,7500.0,2400.0,NetBanking,Delivered,Profit
ORD00698,2026-06-16,CUST0026,Office Supplies,Paper,3.0,0.05,1282.5,291.68,Cash on Delivery,Delivered,Profit
ORD00699,2026-01-25,CUST0508,Accessories,Mouse,1.0,0.1,1260.0,420.27,Card,Delivered,Profit
ORD00700,2026-08-03,CUST0114,Furniture,Desk,3.0,0.1,40500.0,7508.08,UPI,Delivered,Profit
ORD00701,2025-07-13,CUST0257,Furniture,Office Chair,1.0,0.2,7200.0,1364.22,UPI,Delivered,Profit
ORD00703,2026-01-07,CUST0305,Furniture,Office Chair,2.0,0.2,14400.0,1615.86,NetBanking,Delivered,Profit
ORD00704,2026-08-22,CUST0420,Electronics,Laptop,2.0,0.15,93500.0,8454.44,NetBanking,Delivered,Profit
ORD00705,2026-01-31,CUST0441,Accessories,Backpack,3.0,0.05,6270.0,1979.59,UPI,Delivered,Profit
ORD00706,2026-03-10,CUST0531,Furniture,Office Chair,2.0,0.15,15300.0,2597.56,Cash on Delivery,Delivered,Profit
ORD00707,2026-05-21,CUST0264,Electronics,Headphones,4.0,0.05,17100.0,5346.23,UPI,Shipped,Profit
ORD00708,2025-08-03,CUST0432,Office Supplies,Stapler,2.0,0.2,560.0,135.97,Card,Delivered,Profit
ORD00709,2026-03-05,CUST0509,Electronics,Laptop,5.0,0.1,247500.0,28916.07,Card,Delivered,Profit
ORD00710,2026-07-24,CUST0022,Office Supplies,Printer,5.0,0.05,66500.0,12148.6,Card,Delivered,Profit
ORD00711,2026-03-19,CUST0508,Office Supplies,Paper,4.0,0.0,1800.0,440.0,NetBanking,Shipped,Profit
ORD00712,2025-08-28,CUST0273,Electronics,Monitor,5.0,0.05,85500.0,-39700.82,Cash on Delivery,Cancelled,Loss
ORD00713,2025-11-23,CUST0528,Electronics,Headphones,1.0,0.2,3600.0,1023.98,Cash on Delivery,Delivered,Profit
ORD00714,2026-01-28,CUST0522,Furniture,Bookshelf,2.0,0.15,18700.0,3271.9,NetBanking,Delivered,Profit
ORD00715,2026-01-24,CUST0256,Electronics,Keyboard,1.0,0.15,2125.0,579.3,UPI,Delivered,Profit
ORD00716,2025-09-24,CUST0274,Office Supplies,Printer,1.0,0.0,14000.0,-4675.03,Card,Returned,Loss
ORD00717,2025-07-07,CUST0151,Accessories,Usb Hub,1.0,0.0,1800.0,650.0,UPI,Delivered,Profit
ORD00718,2026-05-29,CUST0401,Accessories,Usb Hub,5.0,0.0,9000.0,360.01,Card,Cancelled,Profit
ORD00719,2026-05-10,CUST0351,Office Supplies,Stapler,1.0,0.0,350.0,120.0,Cash on Delivery,Delivered,Profit
ORD00720,2026-01-27,CUST0432,Office Supplies,Paper,1.0,0.15,382.5,-166.64,Cash on Delivery,Returned,Loss
ORD00721,2025-10-15,CUST0248,Furniture,Desk,4.0,0.0,60000.0,14000.0,NetBanking,Delivered,Profit
ORD00722,2026-03-20,CUST0068,Accessories,Mouse,2.0,0.05,2660.0,921.04,UPI,Delivered,Profit
ORD00723,2026-02-28,CUST0110,Electronics,Keyboard,1.0,0.05,2375.0,743.43,UPI,Delivered,Profit
ORD00724,2026-04-11,CUST0223,Furniture,Bookshelf,4.0,0.05,41800.0,8709.68,UPI,Delivered,Profit
ORD00725,2025-07-17,CUST0457,Electronics,Keyboard,2.0,0.1,4500.0,-2196.14,Cash on Delivery,Cancelled,Loss
ORD00726,2026-06-16,CUST0501,Furniture,Office Chair,1.0,0.05,8550.0,1981.83,UPI,Shipped,Profit
ORD00727,2025-11-18,CUST0287,Furniture,Cabinet,2.0,0.05,24700.0,5295.82,Card,Shipped,Profit
ORD00728,2025-12-29,CUST0293,Office Supplies,Stapler,10.0,0.2,2800.0,681.31,NetBanking,Delivered,Profit
ORD00729,2026-05-23,CUST0228,Electronics,Monitor,3.0,0.1,48600.0,6612.62,Cash on Delivery,Delivered,Profit
ORD00730,2025-11-29,CUST0378,Accessories,Usb Hub,1.0,0.1,1620.0,526.77,UPI,Delivered,Profit
ORD00731,2025-11-14,CUST0135,Electronics,Keyboard,2.0,0.2,4000.0,990.04,UPI,Delivered,Profit
ORD00732,2026-02-12,CUST0587,Furniture,Desk,4.0,0.1,54000.0,9367.14,NetBanking,Delivered,Profit
ORD00733,2026-07-16,CUST0419,Electronics,Headphones,5.0,0.15,19125.0,5089.56,UPI,Delivered,Profit
ORD00734,2025-11-07,CUST0465,Electronics,Laptop,3.0,0.15,140250.0,7282.08,Cash on Delivery,Delivered,Profit
ORD00735,2025-08-21,CUST0556,Electronics,Laptop,2.0,0.1,99000.0,11234.06,Cash on Delivery,Shipped,Profit
ORD00736,2025-07-09,CUST0540,Furniture,Desk,1.0,0.0,15000.0,3500.0,Card,Delivered,Profit
ORD00737,2026-02-20,CUST0311,Office Supplies,Paper,3.0,0.0,1350.0,330.0,NetBanking,Delivered,Profit
ORD00738,2026-05-04,CUST0225,Office Supplies,Printer,2.0,0.1,25200.0,3464.44,Card,Delivered,Profit
ORD00739,2026-05-12,CUST0328,Furniture,Bookshelf,6.0,0.15,56100.0,7208.98,NetBanking,Delivered,Profit
ORD00740,2026-02-12,CUST0045,Furniture,Cabinet,3.0,0.15,33150.0,5457.41,Card,Delivered,Profit
ORD00741,2026-02-09,CUST0554,Accessories,Webcam,4.0,0.0,16800.0,4800.0,UPI,Delivered,Profit
ORD00742,2026-07-18,CUST0250,Furniture,Bookshelf,6.0,0.15,56100.0,8496.97,Card,Delivered,Profit
ORD00743,2026-03-03,CUST0215,Furniture,Desk,2.0,0.1,27000.0,5537.18,Card,Delivered,Profit
ORD00744,2025-11-03,CUST0325,Office Supplies,Paper,2.0,0.2,720.0,132.59,Card,Delivered,Profit
ORD00745,2025-12-25,CUST0088,Office Supplies,Stapler,5.0,0.15,1487.5,-513.5,Cash on Delivery,Returned,Loss
ORD00746,2025-11-24,CUST0209,Furniture,Office Chair,3.0,0.1,24300.0,5540.63,UPI,Shipped,Profit
ORD00747,2025-07-27,CUST0426,Office Supplies,Paper,2.0,0.1,810.0,158.5,NetBanking,Delivered,Profit
ORD00748,2026-05-22,CUST0039,Office Supplies,Printer,1.0,0.05,13300.0,2423.24,UPI,Delivered,Profit
ORD00749,2025-09-01,CUST0040,Electronics,Headphones,3.0,0.05,12825.0,4177.35,UPI,Delivered,Profit
ORD00750,2025-10-07,CUST0456,Accessories,Backpack,4.0,0.0,8800.0,-4028.74,UPI,Returned,Loss
ORD00751,2026-03-30,CUST0036,Furniture,Desk,3.0,0.15,38250.0,6575.73,NetBanking,Delivered,Profit
ORD00752,2025-10-02,CUST0577,Office Supplies,Printer,3.0,0.1,37800.0,6137.31,Cash on Delivery,Delivered,Profit
ORD00753,2026-04-04,CUST0460,Electronics,Laptop,6.0,0.1,297000.0,34887.35,NetBanking,Delivered,Profit
ORD00754,2025-10-26,CUST0304,Electronics,Monitor,1.0,0.2,14400.0,1373.38,UPI,Delivered,Profit
ORD00755,2025-12-04,CUST0208,Office Supplies,Printer,1.0,0.05,13300.0,-8078.26,NetBanking,Cancelled,Loss
ORD00756,2026-03-20,CUST0106,Furniture,Desk,3.0,0.0,45000.0,10500.0,Card,Delivered,Profit
ORD00757,2026-01-09,CUST0443,Electronics,Headphones,3.0,0.0,13500.0,4500.0,NetBanking,Delivered,Profit
ORD00758,2025-10-01,CUST0302,Furniture,Desk,2.0,0.1,27000.0,4856.21,UPI,Delivered,Profit
ORD00759,2026-05-12,CUST0579,Electronics,Monitor,4.0,0.15,61200.0,8464.36,UPI,Delivered,Profit
ORD00760,2026-03-17,CUST0370,Electronics,Keyboard,1.0,0.2,2000.0,560.27,UPI,Shipped,Profit
ORD00761,2026-07-02,CUST0420,Furniture,Desk,4.0,0.05,57000.0,11485.99,Card,Delivered,Profit
ORD00762,2025-12-25,CUST0166,Electronics,Laptop,2.0,0.0,110000.0,-47446.06,UPI,Cancelled,Loss
ORD00763,2026-05-14,CUST0220,Electronics,Headphones,3.0,0.0,13500.0,4500.0,Cash on Delivery,Delivered,Profit
ORD00764,2025-09-18,CUST0149,Office Supplies,Paper,3.0,0.0,1350.0,330.0,Card,Delivered,Profit
ORD00765,2025-07-16,CUST0484,Electronics,Laptop,2.0,0.0,110000.0,18000.0,Card,Shipped,Profit
ORD00766,2026-02-13,CUST0257,Furniture,Cabinet,2.0,0.0,26000.0,-14078.14,NetBanking,Cancelled,Loss
ORD00767,2025-12-28,CUST0301,Furniture,Bookshelf,2.0,0.0,22000.0,5200.0,Card,Delivered,Profit
ORD00768,2025-10-18,CUST0522,Accessories,Webcam,4.0,0.15,14280.0,-2741.85,Card,Cancelled,Loss
ORD00769,2026-03-19,CUST0357,Office Supplies,Desk Organizer,2.0,0.05,1710.0,488.0,NetBanking,Delivered,Profit
ORD00770,2026-01-17,CUST0418,Electronics,Laptop,2.0,0.15,93500.0,4264.63,Cash on Delivery,Shipped,Profit
ORD00771,2026-05-21,CUST0264,Accessories,Mouse,6.0,0.15,7140.0,-1493.28,UPI,Returned,Loss
ORD00772,2026-08-15,CUST0024,Electronics,Monitor,4.0,0.1,64800.0,10663.59,UPI,Delivered,Profit
ORD00773,2025-08-12,CUST0558,Electronics,Keyboard,2.0,0.1,4500.0,1185.97,Cash on Delivery,Shipped,Profit
ORD00774,2026-02-22,CUST0319,Electronics,Monitor,2.0,0.1,32400.0,5238.89,UPI,Shipped,Profit
ORD00775,2025-12-16,CUST0101,Office Supplies,Desk Organizer,2.0,0.1,1620.0,436.58,Cash on Delivery,Delivered,Profit
ORD00776,2026-07-26,CUST0287,Office Supplies,Printer,3.0,0.15,35700.0,4146.85,Card,Delivered,Profit
ORD00777,2026-05-26,CUST0508,Furniture,Office Chair,4.0,0.1,32400.0,6992.4,Card,Shipped,Profit
ORD00778,2026-08-14,CUST0073,Electronics,Headphones,1.0,0.0,4500.0,1500.0,Cash on Delivery,Delivered,Profit
ORD00779,2026-06-06,CUST0370,Electronics,Monitor,4.0,0.0,72000.0,14000.0,Card,Shipped,Profit
ORD00780,2025-12-24,CUST0170,Office Supplies,Printer,4.0,0.05,53200.0,9152.57,Cash on Delivery,Delivered,Profit
ORD00781,2026-06-04,CUST0528,Furniture,Office Chair,3.0,0.15,22950.0,-4106.06,Cash on Delivery,Returned,Loss
ORD00782,2026-05-12,CUST0223,Office Supplies,Paper,6.0,0.1,2430.0,480.76,UPI,Delivered,Profit
ORD00783,2026-01-13,CUST0491,Electronics,Laptop,1.0,0.1,49500.0,5683.81,Cash on Delivery,Delivered,Profit
ORD00784,2026-08-10,CUST0520,Electronics,Keyboard,6.0,0.0,15000.0,4800.0,Cash on Delivery,Delivered,Profit
ORD00785,2025-10-19,CUST0553,Electronics,Headphones,1.0,0.1,4050.0,-131.9,NetBanking,Cancelled,Loss
ORD00786,2025-09-30,CUST0519,Office Supplies,Paper,2.0,0.15,765.0,-323.83,Cash on Delivery,Returned,Loss
ORD00787,2026-06-01,CUST0056,Furniture,Bookshelf,2.0,0.05,20900.0,4527.73,Cash on Delivery,Delivered,Profit
ORD00788,2026-07-08,CUST0286,Electronics,Laptop,2.0,0.0,110000.0,18000.0,NetBanking,Delivered,Profit
ORD00789,2026-06-17,CUST0452,Office Supplies,Desk Organizer,2.0,0.05,1710.0,496.38,Cash on Delivery,Delivered,Profit
ORD00790,2026-02-26,CUST0345,Office Supplies,Desk Organizer,2.0,0.1,1620.0,408.7,NetBanking,Delivered,Profit
ORD00791,2026-04-29,CUST0251,Accessories,Usb Hub,2.0,0.3,2520.0,785.04,NetBanking,Delivered,Profit
ORD00792,2025-12-24,CUST0319,Electronics,Headphones,4.0,0.0,18000.0,6000.0,UPI,Delivered,Profit
ORD00793,2026-01-20,CUST0527,Accessories,Backpack,3.0,0.15,5610.0,1409.01,UPI,Shipped,Profit
ORD00794,2025-11-30,CUST0383,Office Supplies,Desk Organizer,1.0,0.1,810.0,216.3,UPI,Delivered,Profit
ORD00795,2026-04-17,CUST0598,Office Supplies,Printer,5.0,0.05,66500.0,12017.17,Card,Delivered,Profit
ORD00796,2025-09-08,CUST0262,Accessories,Usb Hub,2.0,0.1,3240.0,1090.54,UPI,Delivered,Profit
ORD00797,2025-11-22,CUST0349,Furniture,Cabinet,2.0,0.2,20800.0,3423.21,UPI,Delivered,Profit
ORD00798,2025-08-24,CUST0298,Office Supplies,Desk Organizer,1.0,0.1,810.0,212.24,NetBanking,Delivered,Profit
ORD00799,2025-12-28,CUST0379,Electronics,Keyboard,5.0,0.3,8750.0,2107.64,NetBanking,Delivered,Profit
ORD00800,2026-03-11,CUST0171,Electronics,Headphones,4.0,0.05,17100.0,5418.14,Card,Delivered,Profit
ORD00801,2026-06-23,CUST0556,Electronics,Headphones,6.0,0.0,27000.0,9000.0,UPI,Delivered,Profit
ORD00802,2026-07-24,CUST0543,Electronics,Monitor,1.0,0.1,16200.0,-3745.24,UPI,Returned,Loss
ORD00803,2026-04-04,CUST0285,Accessories,Webcam,1.0,0.1,3780.0,892.99,Card,Unknown,Profit
ORD00804,2026-06-27,CUST0285,Furniture,Bookshelf,2.0,0.05,20900.0,-1033.64,Cash on Delivery,Returned,Loss
ORD00805,2025-10-28,CUST0569,Office Supplies,Desk Organizer,3.0,0.1,2430.0,641.34,NetBanking,Delivered,Profit
ORD00806,2025-08-03,CUST0583,Electronics,Laptop,4.0,0.0,220000.0,36000.0,NetBanking,Delivered,Profit
ORD00807,2026-01-31,CUST0230,Accessories,Usb Hub,15.0,0.05,25650.0,8838.24,NetBanking,Delivered,Profit
ORD00808,2025-11-02,CUST0245,Electronics,Keyboard,5.0,0.2,10000.0,2497.57,Cash on Delivery,Delivered,Profit
ORD00809,2025-10-16,CUST0388,Furniture,Desk,1.0,0.1,13500.0,2805.98,Card,Delivered,Profit
ORD00810,2026-02-16,CUST0011,Office Supplies,Stapler,6.0,0.1,1890.0,547.35,UPI,Delivered,Profit
ORD00811,2026-01-25,CUST0165,Accessories,Backpack,2.0,0.1,3960.0,1232.56,UPI,Delivered,Profit
ORD00812,2025-07-17,CUST0466,Office Supplies,Stapler,10.0,0.2,2800.0,652.37,Card,Delivered,Profit
ORD00813,2026-05-12,CUST0414,Office Supplies,Printer,3.0,0.15,35700.0,3200.29,UPI,Shipped,Profit
ORD00814,2025-10-23,CUST0335,Electronics,Monitor,2.0,0.15,30600.0,3351.42,NetBanking,Delivered,Profit
ORD00815,2025-11-27,CUST0289,Electronics,Headphones,4.0,0.0,18000.0,-5028.36,Card,Returned,Loss
ORD00816,2026-03-30,CUST0479,Office Supplies,Stapler,5.0,0.1,1575.0,478.74,Cash on Delivery,Shipped,Profit
ORD00817,2025-10-09,CUST0206,Office Supplies,Stapler,2.0,0.05,665.0,2.42,UPI,Cancelled,Profit
ORD00818,2026-03-24,CUST0293,Furniture,Cabinet,1.0,0.05,12350.0,2887.72,Card,Shipped,Profit
ORD00819,2026-01-13,CUST0451,Office Supplies,Desk Organizer,2.0,0.0,1800.0,560.0,Card,Shipped,Profit
ORD00820,2025-11-24,CUST0263,Accessories,Usb Hub,3.0,0.15,4590.0,120.78,UPI,Cancelled,Profit
ORD00821,2026-08-27,CUST0314,Office Supplies,Paper,1.0,0.0,450.0,110.0,Cash on Delivery,Delivered,Profit
ORD00822,2026-08-03,CUST0291,Furniture,Cabinet,3.0,0.05,37050.0,8516.63,NetBanking,Delivered,Profit
ORD00823,2026-02-08,CUST0170,Accessories,Mouse,4.0,0.05,5320.0,1819.03,Cash on Delivery,Delivered,Profit
ORD00824,2025-07-25,CUST0299,Furniture,Office Chair,4.0,0.15,30600.0,5437.84,Cash on Delivery,Delivered,Profit
ORD00825,2026-01-26,CUST0135,Electronics,Keyboard,1.0,0.0,2500.0,800.0,Cash on Delivery,Delivered,Profit
ORD00826,2026-08-14,CUST0318,Electronics,Keyboard,5.0,0.05,11875.0,-5004.01,Card,Cancelled,Loss
ORD00827,2026-03-30,CUST0463,Office Supplies,Desk Organizer,1.0,0.0,900.0,-141.81,NetBanking,Cancelled,Loss
ORD00828,2025-10-17,CUST0055,Office Supplies,Desk Organizer,3.0,0.1,2430.0,-143.37,Card,Returned,Loss
ORD00829,2026-06-28,CUST0439,Furniture,Cabinet,3.0,0.2,31200.0,3944.1,Card,Delivered,Profit
ORD00830,2026-03-10,CUST0161,Office Supplies,Printer,1.0,0.0,14000.0,-3317.18,Cash on Delivery,Cancelled,Loss
ORD00831,2025-08-23,CUST0462,Furniture,Desk,5.0,0.05,71250.0,14677.84,UPI,Shipped,Profit
ORD00832,2026-08-06,CUST0208,Furniture,Desk,2.0,0.15,25500.0,-6442.38,UPI,Cancelled,Loss
ORD00833,2025-10-31,CUST0531,Furniture,Desk,3.0,0.1,40500.0,8375.94,UPI,Delivered,Profit
ORD00834,2026-03-18,CUST0284,Furniture,Bookshelf,2.0,0.05,20900.0,4575.57,Card,Delivered,Profit
ORD00835,2025-07-01,CUST0091,Furniture,Desk,1.0,0.1,13500.0,2472.51,Card,Delivered,Profit
ORD00836,2026-01-19,CUST0068,Electronics,Keyboard,3.0,0.15,6375.0,1703.58,UPI,Delivered,Profit
ORD00837,2026-04-06,CUST0363,Electronics,Keyboard,3.0,0.15,6375.0,1572.37,UPI,Shipped,Profit
ORD00838,2026-05-22,CUST0262,Electronics,Headphones,1.0,0.05,4275.0,1359.45,Cash on Delivery,Delivered,Profit
ORD00839,2026-07-16,CUST0363,Furniture,Desk,3.0,0.1,40500.0,7840.21,Cash on Delivery,Delivered,Profit
ORD00840,2026-06-23,CUST0269,Electronics,Monitor,1.0,0.0,18000.0,3500.0,NetBanking,Shipped,Profit
ORD00841,2026-02-07,CUST0556,Accessories,Usb Hub,3.0,0.05,5130.0,-1728.63,NetBanking,Returned,Loss
ORD00842,2026-03-17,CUST0440,Office Supplies,Printer,2.0,0.0,28000.0,5600.0,Card,Delivered,Profit
ORD00843,2025-08-23,CUST0343,Electronics,Keyboard,5.0,0.05,11875.0,3655.54,Cash on Delivery,Delivered,Profit
ORD00844,2026-08-26,CUST0146,Furniture,Desk,1.0,0.05,14250.0,3102.79,UPI,Delivered,Profit
ORD00845,2026-07-07,CUST0159,Furniture,Office Chair,1.0,0.2,7200.0,930.37,Cash on Delivery,Delivered,Profit
ORD00846,2026-03-31,CUST0142,Accessories,Webcam,1.0,0.2,3360.0,756.52,Cash on Delivery,Shipped,Profit
ORD00847,2026-08-07,CUST0375,Furniture,Cabinet,1.0,0.1,11700.0,2415.37,NetBanking,Shipped,Profit
ORD00848,2026-08-15,CUST0159,Electronics,Laptop,1.0,0.05,52250.0,6932.43,UPI,Delivered,Profit
ORD00849,2025-12-18,CUST0409,Accessories,Usb Hub,1.0,0.0,1800.0,650.0,Card,Delivered,Profit
ORD00850,2026-08-02,CUST0522,Electronics,Laptop,2.0,0.05,104500.0,14298.14,UPI,Shipped,Profit
ORD00851,2026-04-06,CUST0505,Electronics,Laptop,4.0,0.1,198000.0,21473.15,NetBanking,Delivered,Profit
ORD00852,2026-03-24,CUST0377,Furniture,Bookshelf,1.0,0.1,9900.0,-2167.67,Card,Returned,Loss
ORD00853,2026-05-26,CUST0024,Accessories,Mouse,2.0,0.0,2800.0,1000.0,UPI,Delivered,Profit
ORD00854,2026-01-19,CUST0162,Office Supplies,Printer,3.0,0.1,37800.0,6020.17,Cash on Delivery,Shipped,Profit
ORD00855,2025-09-28,CUST0183,Accessories,Backpack,3.0,0.1,5940.0,1763.63,Cash on Delivery,Delivered,Profit
ORD00856,2025-10-15,CUST0287,Accessories,Mouse,4.0,0.0,5600.0,2000.0,NetBanking,Delivered,Profit
ORD00857,2025-12-01,CUST0274,Office Supplies,Printer,2.0,0.05,26600.0,-2045.46,Card,Returned,Loss
ORD00858,2026-03-08,CUST0577,Electronics,Keyboard,2.0,0.05,4750.0,1424.61,NetBanking,Delivered,Profit
ORD00859,2025-11-09,CUST0553,Office Supplies,Desk Organizer,3.0,0.1,2430.0,-361.19,NetBanking,Returned,Loss
ORD00860,2026-06-09,CUST0105,Office Supplies,Paper,3.0,0.2,1080.0,140.23,NetBanking,Delivered,Profit
ORD00861,2026-08-27,CUST0318,Furniture,Office Chair,2.0,0.05,17100.0,4173.78,Card,Delivered,Profit
ORD00862,2026-08-05,CUST0160,Accessories,Mouse,3.0,0.0,4200.0,1500.0,Cash on Delivery,Delivered,Profit
ORD00863,2025-08-09,CUST0544,Furniture,Cabinet,2.0,0.15,22100.0,3690.32,Cash on Delivery,Delivered,Profit
ORD00864,2026-06-18,CUST0173,Electronics,Laptop,5.0,0.1,247500.0,22315.94,NetBanking,Delivered,Profit
ORD00865,2025-11-07,CUST0075,Electronics,Headphones,2.0,0.15,7650.0,2155.12,Cash on Delivery,Delivered,Profit
ORD00866,2025-12-13,CUST0108,Accessories,Backpack,2.0,0.05,4180.0,1370.2,Card,Delivered,Profit
ORD00867,2026-03-11,CUST0522,Accessories,Usb Hub,4.0,0.15,6120.0,2074.33,Card,Delivered,Profit
ORD00868,2026-06-29,CUST0137,Furniture,Cabinet,1.0,0.15,11050.0,2152.39,Cash on Delivery,Delivered,Profit
ORD00869,2025-08-29,CUST0496,Accessories,Mouse,1.0,0.05,1330.0,466.75,Cash on Delivery,Delivered,Profit
ORD00870,2026-05-08,CUST0522,Office Supplies,Printer,15.0,0.1,189000.0,26903.1,Card,Delivered,Profit
ORD00871,2026-02-22,CUST0519,Electronics,Monitor,3.0,0.1,48600.0,7747.61,Cash on Delivery,Delivered,Profit
ORD00872,2025-07-16,CUST0013,Office Supplies,Stapler,2.0,0.2,560.0,133.74,UPI,Delivered,Profit
ORD00873,2025-08-22,CUST0566,Furniture,Desk,15.0,0.0,225000.0,52500.0,NetBanking,Delivered,Profit
ORD00874,2025-12-15,CUST0220,Accessories,Mouse,3.0,0.05,3990.0,1374.83,UPI,Delivered,Profit
ORD00875,2026-05-29,CUST0599,Furniture,Bookshelf,1.0,0.1,9900.0,1752.36,UPI,Delivered,Profit
ORD00876,2026-01-25,CUST0170,Accessories,Usb Hub,1.0,0.1,1620.0,561.31,NetBanking,Delivered,Profit
ORD00877,2026-04-18,CUST0066,Electronics,Monitor,1.0,0.3,12600.0,1029.99,NetBanking,Delivered,Profit
ORD00878,2025-12-30,CUST0007,Electronics,Laptop,2.0,0.1,99000.0,9671.63,Cash on Delivery,Delivered,Profit
ORD00879,2026-06-18,CUST0023,Electronics,Monitor,2.0,0.15,30600.0,2815.65,NetBanking,Delivered,Profit
ORD00880,2026-07-07,CUST0565,Electronics,Keyboard,2.0,0.3,3500.0,510.67,NetBanking,Delivered,Profit
ORD00881,2026-05-22,CUST0527,Office Supplies,Desk Organizer,15.0,0.0,13500.0,4200.0,Cash on Delivery,Delivered,Profit
ORD00882,2026-08-04,CUST0079,Electronics,Keyboard,1.0,0.1,2250.0,682.34,Cash on Delivery,Delivered,Profit
ORD00883,2026-03-21,CUST0405,Office Supplies,Printer,2.0,0.0,28000.0,5600.0,Cash on Delivery,Delivered,Profit
ORD00884,2025-09-24,CUST0518,Electronics,Keyboard,1.0,0.2,2000.0,541.66,UPI,Delivered,Profit
ORD00885,2026-06-04,CUST0160,Office Supplies,Paper,3.0,0.1,1215.0,235.6,NetBanking,Delivered,Profit
ORD00886,2025-09-18,CUST0295,Furniture,Office Chair,3.0,0.15,22950.0,4577.3,Cash on Delivery,Delivered,Profit
ORD00887,2026-03-06,CUST0442,Electronics,Headphones,1.0,0.1,4050.0,1270.98,Cash on Delivery,Shipped,Profit
ORD00888,2025-09-10,CUST0596,Office Supplies,Desk Organizer,1.0,0.2,720.0,140.8,Card,Delivered,Profit
ORD00889,2026-07-17,CUST0457,Accessories,Mouse,5.0,0.1,6300.0,2175.35,Card,Delivered,Profit
ORD00890,2026-06-02,CUST0385,Accessories,Mouse,2.0,0.0,2800.0,1000.0,Card,Shipped,Profit
ORD00891,2025-10-24,CUST0102,Office Supplies,Printer,3.0,0.15,35700.0,3262.77,UPI,Delivered,Profit
ORD00892,2025-12-12,CUST0471,Furniture,Bookshelf,10.0,0.1,99000.0,-56936.13,NetBanking,Cancelled,Loss
ORD00893,2026-02-18,CUST0119,Office Supplies,Stapler,2.0,0.2,560.0,169.56,Card,Delivered,Profit
ORD00894,2026-01-19,CUST0303,Furniture,Office Chair,1.0,0.15,7650.0,1430.6,UPI,Delivered,Profit
ORD00895,2026-06-09,CUST0273,Furniture,Office Chair,3.0,0.1,24300.0,5277.84,Card,Delivered,Profit
ORD00896,2025-11-30,CUST0489,Office Supplies,Printer,1.0,0.05,13300.0,2416.91,NetBanking,Delivered,Profit
ORD00897,2026-01-11,CUST0441,Furniture,Desk,3.0,0.0,45000.0,-22495.2,NetBanking,Cancelled,Loss
ORD00898,2025-12-17,CUST0244,Office Supplies,Desk Organizer,1.0,0.15,765.0,201.88,NetBanking,Delivered,Profit
ORD00899,2026-02-22,CUST0541,Electronics,Headphones,3.0,0.0,13500.0,-2904.99,Card,Returned,Loss
ORD00900,2026-03-29,CUST0361,Electronics,Laptop,3.0,0.0,165000.0,27000.0,NetBanking,Delivered,Profit
ORD00901,2026-08-09,CUST0058,Office Supplies,Desk Organizer,1.0,0.15,765.0,194.97,UPI,Shipped,Profit
ORD00902,2025-12-03,CUST0034,Accessories,Backpack,2.0,0.05,4180.0,1368.7,Cash on Delivery,Delivered,Profit
ORD00903,2025-11-03,CUST0335,Electronics,Laptop,6.0,0.2,264000.0,2743.28,Cash on Delivery,Delivered,Profit
ORD00904,2025-11-23,CUST0077,Office Supplies,Desk Organizer,1.0,0.0,900.0,280.0,NetBanking,Shipped,Profit
ORD00905,2025-09-26,CUST0232,Office Supplies,Stapler,1.0,0.05,332.5,110.03,Cash on Delivery,Shipped,Profit
ORD00906,2025-10-23,CUST0292,Accessories,Backpack,2.0,0.15,3740.0,1104.84,Card,Delivered,Profit
ORD00907,2025-11-21,CUST0376,Electronics,Headphones,6.0,0.15,22950.0,6726.19,Cash on Delivery,Shipped,Profit
ORD00908,2025-09-15,CUST0166,Electronics,Keyboard,2.0,0.1,4500.0,1178.31,Card,Delivered,Profit
ORD00909,2025-12-07,CUST0336,Office Supplies,Desk Organizer,6.0,0.1,4860.0,1390.12,UPI,Delivered,Profit
ORD00910,2026-05-22,CUST0353,Electronics,Headphones,4.0,0.15,15300.0,4259.47,Card,Delivered,Profit
ORD00911,2025-08-08,CUST0432,Electronics,Headphones,3.0,0.05,12825.0,4062.9,NetBanking,Delivered,Profit
ORD00912,2025-07-07,CUST0518,Furniture,Office Chair,3.0,0.0,22950.0,3549.09,Cash on Delivery,Shipped,Profit
ORD00913,2026-07-30,CUST0500,Electronics,Keyboard,4.0,0.15,8500.0,2443.09,Card,Delivered,Profit
ORD00914,2025-08-15,CUST0216,Electronics,Laptop,2.0,0.0,110000.0,18000.0,Cash on Delivery,Delivered,Profit
ORD00915,2025-10-01,CUST0436,Electronics,Keyboard,1.0,0.0,2500.0,800.0,NetBanking,Delivered,Profit
ORD00916,2026-08-11,CUST0202,Electronics,Laptop,3.0,0.0,165000.0,27000.0,UPI,Delivered,Profit
ORD00917,2026-03-25,CUST0444,Office Supplies,Stapler,1.0,0.05,332.5,110.15,NetBanking,Delivered,Profit
ORD00918,2026-05-05,CUST0381,Furniture,Desk,1.0,0.0,15000.0,3500.0,Card,Delivered,Profit
ORD00919,2026-01-08,CUST0540,Accessories,Webcam,3.0,0.2,10080.0,2083.16,UPI,Delivered,Profit
ORD00920,2026-05-26,CUST0481,Accessories,Backpack,1.0,0.15,1870.0,517.2,Card,Delivered,Profit
ORD00921,2025-10-27,CUST0182,Office Supplies,Printer,1.0,0.0,14000.0,2800.0,Cash on Delivery,Delivered,Profit
ORD00922,2025-08-30,CUST0442,Accessories,Webcam,2.0,0.15,7140.0,1731.24,UPI,Delivered,Profit
ORD00923,2025-09-08,CUST0169,Accessories,Webcam,2.0,0.15,7140.0,1331.37,Card,Delivered,Profit
ORD00924,2025-12-31,CUST0071,Furniture,Office Chair,2.0,0.15,15300.0,2879.27,Cash on Delivery,Delivered,Profit
ORD00925,2026-04-11,CUST0021,Furniture,Office Chair,4.0,0.15,30600.0,5010.82,Cash on Delivery,Delivered,Profit
ORD00926,2026-06-01,CUST0094,Electronics,Keyboard,4.0,0.0,10000.0,3200.0,Cash on Delivery,Delivered,Profit
ORD00927,2025-07-06,CUST0301,Office Supplies,Stapler,1.0,0.15,297.5,82.97,UPI,Delivered,Profit
ORD00928,2025-12-17,CUST0217,Accessories,Mouse,2.0,0.3,1960.0,411.64,Card,Delivered,Profit
ORD00929,2025-09-18,CUST0238,Office Supplies,Printer,2.0,0.0,28000.0,5600.0,Cash on Delivery,Delivered,Profit
ORD00930,2025-11-15,CUST0168,Electronics,Keyboard,3.0,0.0,7500.0,2400.0,NetBanking,Delivered,Profit
ORD00931,2026-01-06,CUST0245,Office Supplies,Printer,5.0,0.1,63000.0,10121.25,UPI,Delivered,Profit
ORD00932,2025-12-16,CUST0170,Electronics,Laptop,3.0,0.05,156750.0,21712.27,Cash on Delivery,Delivered,Profit
ORD00933,2026-07-12,CUST0231,Accessories,Backpack,2.0,0.1,3960.0,1240.3,Card,Delivered,Profit
ORD00934,2025-10-09,CUST0263,Electronics,Laptop,2.0,0.1,99000.0,11297.6,Cash on Delivery,Delivered,Profit
ORD00935,2025-07-25,CUST0067,Furniture,Cabinet,1.0,0.15,11050.0,2201.77,NetBanking,Delivered,Profit
ORD00936,2025-10-18,CUST0252,Accessories,Usb Hub,2.0,0.0,3600.0,1300.0,Card,Delivered,Profit
ORD00937,2025-07-12,CUST0533,Office Supplies,Paper,3.0,0.0,1350.0,330.0,UPI,Delivered,Profit
ORD00938,2026-02-18,CUST0084,Office Supplies,Desk Organizer,1.0,0.05,855.0,251.57,Card,Delivered,Profit
ORD00939,2025-10-05,CUST0039,Electronics,Laptop,1.0,0.15,46750.0,5167.29,UPI,Delivered,Profit
ORD00940,2026-03-01,CUST0473,Accessories,Mouse,4.0,0.2,4480.0,-974.48,UPI,Cancelled,Loss
ORD00941,2026-03-28,CUST0332,Electronics,Monitor,2.0,0.0,36000.0,7000.0,Card,Delivered,Profit
ORD00942,2025-09-20,CUST0315,Office Supplies,Printer,4.0,0.15,47600.0,5010.26,Card,Delivered,Profit
ORD00943,2026-01-12,CUST0003,Electronics,Laptop,3.0,0.2,132000.0,5867.34,UPI,Delivered,Profit
ORD00944,2025-10-04,CUST0234,Furniture,Office Chair,3.0,0.0,27000.0,6900.0,Cash on Delivery,Delivered,Profit
ORD00945,2026-04-30,CUST0301,Office Supplies,Printer,1.0,0.1,12600.0,1997.26,Cash on Delivery,Delivered,Profit
ORD00946,2025-10-15,CUST0452,Office Supplies,Paper,4.0,0.05,1710.0,376.6,Card,Delivered,Profit
ORD00947,2025-09-05,CUST0182,Furniture,Desk,3.0,0.2,36000.0,3914.08,NetBanking,Shipped,Profit
ORD00948,2025-10-04,CUST0387,Office Supplies,Stapler,3.0,0.2,840.0,199.34,Cash on Delivery,Delivered,Profit
ORD00949,2026-03-20,CUST0141,Furniture,Cabinet,2.0,0.05,24700.0,5520.84,Cash on Delivery,Delivered,Profit
ORD00950,2026-07-15,CUST0256,Accessories,Mouse,3.0,0.15,3570.0,1165.72,Cash on Delivery,Delivered,Profit
ORD00951,2025-08-05,CUST0423,Electronics,Monitor,5.0,0.0,90000.0,17500.0,Cash on Delivery,Delivered,Profit
ORD00952,2025-09-01,CUST0431,Electronics,Laptop,5.0,0.0,275000.0,45000.0,Card,Delivered,Profit
ORD00953,2025-10-14,CUST0051,Furniture,Bookshelf,1.0,0.0,11000.0,2600.0,Cash on Delivery,Delivered,Profit
ORD00954,2025-08-17,CUST0488,Office Supplies,Desk Organizer,2.0,0.05,1710.0,508.34,Card,Delivered,Profit
ORD00955,2026-04-24,CUST0195,Electronics,Laptop,1.0,0.1,49500.0,4410.79,NetBanking,Shipped,Profit
ORD00956,2026-03-23,CUST0073,Accessories,Webcam,1.0,0.15,3570.0,888.02,Card,Shipped,Profit
ORD00957,2026-07-01,CUST0080,Furniture,Office Chair,2.0,0.05,17100.0,-1760.57,Card,Returned,Loss
ORD00958,2025-08-09,CUST0569,Electronics,Keyboard,2.0,0.0,5000.0,1600.0,UPI,Delivered,Profit
ORD00959,2025-08-10,CUST0501,Furniture,Cabinet,3.0,0.05,37050.0,8378.65,Cash on Delivery,Delivered,Profit
ORD00960,2025-09-27,CUST0281,Furniture,Office Chair,2.0,0.15,15300.0,3306.24,UPI,Delivered,Profit
ORD00961,2026-06-11,CUST0289,Accessories,Webcam,1.0,0.0,4200.0,1200.0,Card,Delivered,Profit
ORD00962,2026-03-16,CUST0256,Furniture,Cabinet,1.0,0.1,11700.0,2291.73,NetBanking,Shipped,Profit
ORD00963,2025-12-03,CUST0594,Electronics,Keyboard,3.0,0.0,7500.0,-1609.55,Cash on Delivery,Returned,Loss
ORD00964,2025-11-16,CUST0576,Office Supplies,Desk Organizer,2.0,0.15,1530.0,349.98,Card,Delivered,Profit
ORD00965,2025-11-16,CUST0030,Accessories,Mouse,1.0,0.0,1400.0,500.0,UPI,Shipped,Profit
ORD00966,2025-11-16,CUST0283,Accessories,Usb Hub,3.0,0.05,5130.0,1806.97,UPI,Delivered,Profit
ORD00967,2026-08-05,CUST0432,Furniture,Desk,3.0,0.05,42750.0,8674.08,UPI,Delivered,Profit
ORD00968,2026-07-21,CUST0195,Office Supplies,Stapler,2.0,0.0,700.0,240.0,UPI,Delivered,Profit
ORD00969,2026-04-05,CUST0380,Electronics,Keyboard,6.0,0.05,14250.0,4322.45,Card,Delivered,Profit
ORD00970,2025-09-03,CUST0280,Accessories,Backpack,1.0,0.15,1870.0,551.64,Cash on Delivery,Shipped,Profit
ORD00971,2026-03-26,CUST0362,Furniture,Cabinet,4.0,0.2,41600.0,5538.29,Cash on Delivery,Shipped,Profit
ORD00972,2026-05-09,CUST0020,Accessories,Webcam,2.0,0.1,7560.0,1892.86,Card,Delivered,Profit
ORD00973,2025-09-22,CUST0556,Electronics,Headphones,1.0,0.05,4275.0,1380.38,NetBanking,Shipped,Profit
ORD00974,2025-08-24,CUST0089,Electronics,Headphones,2.0,0.0,9000.0,3000.0,NetBanking,Shipped,Profit
ORD00975,2025-12-08,CUST0120,Furniture,Desk,3.0,0.1,40500.0,7642.07,UPI,Delivered,Profit
ORD00976,2025-08-26,CUST0337,Office Supplies,Paper,1.0,0.15,382.5,-190.19,Card,Cancelled,Loss
ORD00977,2025-10-06,CUST0355,Furniture,Desk,6.0,0.0,90000.0,21000.0,NetBanking,Delivered,Profit
ORD00978,2025-12-19,CUST0483,Accessories,Webcam,5.0,0.2,16800.0,3232.95,UPI,Delivered,Profit
ORD00979,2026-04-03,CUST0519,Electronics,Laptop,3.0,0.1,148500.0,14359.04,NetBanking,Delivered,Profit
ORD00980,2025-07-21,CUST0405,Accessories,Webcam,1.0,0.0,4200.0,1200.0,Cash on Delivery,Delivered,Profit
ORD00981,2026-01-05,CUST0401,Office Supplies,Desk Organizer,2.0,0.2,1440.0,379.44,Cash on Delivery,Shipped,Profit
ORD00982,2026-01-15,CUST0372,Furniture,Desk,6.0,0.0,90000.0,21000.0,UPI,Delivered,Profit
ORD00983,2025-12-15,CUST0290,Office Supplies,Paper,2.0,0.05,855.0,188.39,UPI,Delivered,Profit
ORD00984,2025-08-12,CUST0451,Furniture,Desk,1.0,0.05,14250.0,3001.67,Card,Delivered,Profit
ORD00985,2026-05-10,CUST0359,Office Supplies,Printer,4.0,0.1,50400.0,6440.6,UPI,Delivered,Profit
ORD00986,2026-05-17,CUST0431,Accessories,Usb Hub,2.0,0.15,3060.0,-1394.73,UPI,Cancelled,Loss
ORD00987,2026-06-25,CUST0292,Accessories,Mouse,2.0,0.05,2660.0,900.66,UPI,Delivered,Profit
ORD00988,2026-04-24,CUST0404,Electronics,Laptop,2.0,0.0,110000.0,18000.0,Card,Delivered,Profit
ORD00989,2026-05-22,CUST0391,Office Supplies,Stapler,6.0,0.05,1995.0,644.59,Card,Delivered,Profit
ORD00990,2026-08-31,CUST0128,Electronics,Keyboard,1.0,0.05,2375.0,741.64,Cash on Delivery,Delivered,Profit
ORD00991,2025-12-17,CUST0066,Office Supplies,Desk Organizer,3.0,0.1,2430.0,-897.03,UPI,Returned,Loss
ORD00992,2026-03-08,CUST0198,Furniture,Bookshelf,1.0,0.05,10450.0,2186.76,Cash on Delivery,Delivered,Profit
ORD00993,2026-03-30,CUST0289,Office Supplies,Paper,1.0,0.15,382.5,57.66,NetBanking,Delivered,Profit
ORD00994,2026-03-15,CUST0374,Electronics,Headphones,5.0,0.1,20250.0,6067.31,Card,Delivered,Profit
ORD00995,2025-08-14,CUST0391,Electronics,Monitor,2.0,0.1,32400.0,4920.91,Cash on Delivery,Delivered,Profit
ORD00996,2026-06-30,CUST0073,Office Supplies,Paper,2.0,0.1,810.0,167.95,NetBanking,Delivered,Profit
ORD00997,2026-06-16,CUST0143,Furniture,Office Chair,4.0,0.1,32400.0,7413.39,UPI,Delivered,Profit
ORD00998,2026-02-05,CUST0182,Furniture,Cabinet,1.0,0.1,11700.0,2181.77,UPI,Delivered,Profit
ORD00999,2025-07-25,CUST0464,Office Supplies,Stapler,10.0,0.05,3325.0,155.75,UPI,Returned,Profit
ORD01000,2025-11-21,CUST0548,Office Supplies,Desk Organizer,1.0,0.05,855.0,251.91,UPI,Delivered,Profit
ORD01001,2025-11-16,CUST0311,Electronics,Keyboard,4.0,0.0,10000.0,3200.0,UPI,Delivered,Profit
ORD01002,2026-07-05,CUST0156,Furniture,Cabinet,1.0,0.1,11700.0,2442.29,Cash on Delivery,Delivered,Profit
ORD01003,2026-06-22,CUST0107,Accessories,Mouse,3.0,0.1,3780.0,-543.53,Card,Cancelled,Loss
ORD01004,2026-04-03,CUST0372,Accessories,Mouse,3.0,0.1,3780.0,215.33,NetBanking,Returned,Profit
ORD01005,2026-01-06,CUST0101,Accessories,Backpack,3.0,0.15,5610.0,1574.65,NetBanking,Delivered,Profit
ORD01006,2026-08-04,CUST0178,Office Supplies,Paper,2.0,0.0,900.0,220.0,Cash on Delivery,Delivered,Profit
ORD01007,2026-07-30,CUST0572,Office Supplies,Stapler,1.0,0.2,280.0,71.07,Card,Shipped,Profit
ORD01008,2025-12-16,CUST0306,Electronics,Headphones,15.0,0.0,67500.0,22500.0,NetBanking,Delivered,Profit
ORD01009,2025-12-18,CUST0242,Electronics,Headphones,1.0,0.0,4500.0,1500.0,Cash on Delivery,Delivered,Profit
ORD01010,2025-12-21,CUST0273,Office Supplies,Printer,3.0,0.1,37800.0,6053.18,UPI,Delivered,Profit
ORD01011,2025-10-30,CUST0280,Furniture,Desk,3.0,0.0,45000.0,10500.0,UPI,Delivered,Profit
ORD01012,2026-01-25,CUST0265,Office Supplies,Desk Organizer,6.0,0.0,5400.0,1680.0,UPI,Shipped,Profit
ORD01013,2025-09-24,CUST0046,Office Supplies,Printer,1.0,0.15,11900.0,1096.65,Card,Delivered,Profit
ORD01014,2026-04-26,CUST0571,Furniture,Office Chair,5.0,0.0,45000.0,11500.0,NetBanking,Delivered,Profit
ORD01015,2025-07-05,CUST0175,Office Supplies,Paper,2.0,0.1,810.0,167.77,Cash on Delivery,Delivered,Profit
ORD01016,2025-08-30,CUST0216,Office Supplies,Stapler,1.0,0.05,332.5,109.72,NetBanking,Delivered,Profit
ORD01017,2026-03-18,CUST0513,Electronics,Laptop,2.0,0.2,88000.0,3419.33,Cash on Delivery,Delivered,Profit
ORD01018,2026-06-21,CUST0274,Accessories,Mouse,3.0,0.05,3990.0,1325.28,Card,Delivered,Profit
ORD01019,2026-05-23,CUST0298,Accessories,Mouse,1.0,0.2,1120.0,274.81,NetBanking,Delivered,Profit
ORD01020,2026-01-06,CUST0499,Electronics,Headphones,3.0,0.0,13500.0,4500.0,UPI,Delivered,Profit
ORD01021,2025-08-09,CUST0333,Electronics,Keyboard,10.0,0.1,22500.0,6575.49,Cash on Delivery,Delivered,Profit
ORD01022,2026-04-12,CUST0174,Furniture,Office Chair,2.0,0.05,17100.0,4052.25,NetBanking,Delivered,Profit
ORD01024,2025-10-15,CUST0203,Electronics,Monitor,1.0,0.0,18000.0,3500.0,Cash on Delivery,Delivered,Profit
ORD01025,2026-03-29,CUST0141,Office Supplies,Desk Organizer,3.0,0.0,2700.0,-688.97,NetBanking,Returned,Loss
ORD01026,2026-07-17,CUST0162,Office Supplies,Paper,6.0,0.15,2295.0,459.12,UPI,Delivered,Profit
ORD01027,2025-09-12,CUST0152,Furniture,Cabinet,1.0,0.0,13000.0,3200.0,Card,Shipped,Profit
ORD01028,2025-08-05,CUST0489,Electronics,Keyboard,3.0,0.15,6375.0,1581.31,Card,Delivered,Profit
ORD01029,2026-06-17,CUST0558,Office Supplies,Printer,1.0,0.15,11900.0,1546.65,Cash on Delivery,Delivered,Profit
ORD01030,2025-08-16,CUST0045,Furniture,Bookshelf,3.0,0.15,28050.0,-9050.15,NetBanking,Cancelled,Loss
ORD01031,2026-06-11,CUST0059,Accessories,Usb Hub,3.0,0.0,5400.0,1950.0,NetBanking,Delivered,Profit
ORD01032,2025-12-17,CUST0207,Electronics,Headphones,1.0,0.15,3825.0,1172.59,UPI,Shipped,Profit
ORD01033,2025-12-10,CUST0332,Furniture,Office Chair,2.0,0.05,17100.0,3890.96,Card,Delivered,Profit
ORD01034,2026-07-15,CUST0482,Office Supplies,Desk Organizer,1.0,0.1,810.0,205.23,Card,Delivered,Profit
ORD01035,2025-12-20,CUST0131,Accessories,Usb Hub,1.0,0.05,1710.0,579.75,NetBanking,Delivered,Profit
ORD01036,2025-10-03,CUST0007,Electronics,Monitor,4.0,0.1,64800.0,8495.0,NetBanking,Shipped,Profit
ORD01037,2026-05-11,CUST0186,Electronics,Laptop,2.0,0.15,93500.0,4406.08,UPI,Delivered,Profit
ORD01038,2026-04-03,CUST0336,Furniture,Bookshelf,1.0,0.15,9350.0,-3431.2,NetBanking,Cancelled,Loss
ORD01039,2026-04-26,CUST0084,Furniture,Desk,1.0,0.1,13500.0,2336.08,UPI,Shipped,Profit
ORD01040,2025-12-01,CUST0166,Furniture,Desk,1.0,0.1,13500.0,2657.93,Card,Delivered,Profit
ORD01041,2026-06-07,CUST0048,Office Supplies,Desk Organizer,3.0,0.0,2700.0,840.0,NetBanking,Shipped,Profit
ORD01042,2025-10-06,CUST0326,Accessories,Backpack,1.0,0.05,2090.0,659.75,NetBanking,Shipped,Profit
ORD01043,2026-01-01,CUST0515,Office Supplies,Desk Organizer,10.0,0.05,8550.0,2524.47,UPI,Delivered,Profit
ORD01044,2026-08-26,CUST0437,Office Supplies,Printer,3.0,0.15,35700.0,4257.72,Cash on Delivery,Delivered,Profit
ORD01045,2026-01-29,CUST0119,Electronics,Laptop,2.0,0.0,110000.0,18000.0,UPI,Delivered,Profit
ORD01046,2026-02-10,CUST0483,Office Supplies,Stapler,3.0,0.1,945.0,-6.07,UPI,Cancelled,Loss
ORD01047,2025-09-30,CUST0270,Office Supplies,Paper,3.0,0.1,1215.0,245.33,NetBanking,Delivered,Profit
ORD01048,2025-11-18,CUST0590,Accessories,Backpack,6.0,0.0,13200.0,4500.0,UPI,Delivered,Profit
ORD01049,2026-08-15,CUST0382,Furniture,Cabinet,1.0,0.15,11050.0,1601.25,Card,Delivered,Profit
ORD01050,2026-05-27,CUST0429,Office Supplies,Printer,1.0,0.1,12600.0,1705.5,Card,Delivered,Profit
ORD01051,2025-11-05,CUST0229,Office Supplies,Printer,1.0,0.3,9800.0,159.04,UPI,Delivered,Profit
ORD01052,2025-11-28,CUST0037,Electronics,Headphones,1.0,0.0,4500.0,-521.44,Card,Cancelled,Loss
ORD01053,2026-07-14,CUST0386,Electronics,Headphones,1.0,0.1,4050.0,1119.72,Cash on Delivery,Shipped,Profit
ORD01054,2026-08-24,CUST0444,Furniture,Desk,2.0,0.2,24000.0,3030.6,Cash on Delivery,Delivered,Profit
ORD01055,2025-10-16,CUST0516,Office Supplies,Paper,2.0,0.0,900.0,220.0,UPI,Shipped,Profit
ORD01056,2025-08-17,CUST0326,Electronics,Monitor,3.0,0.05,51300.0,8770.65,NetBanking,Delivered,Profit
ORD01057,2026-05-19,CUST0259,Accessories,Usb Hub,3.0,0.0,5400.0,-326.83,NetBanking,Returned,Loss
ORD01058,2025-10-27,CUST0532,Electronics,Keyboard,1.0,0.1,2250.0,594.76,Cash on Delivery,Delivered,Profit
ORD01059,2025-10-25,CUST0375,Accessories,Backpack,6.0,0.1,11880.0,3746.23,UPI,Shipped,Profit
ORD01060,2026-03-17,CUST0332,Furniture,Cabinet,4.0,0.15,44200.0,7755.41,UPI,Delivered,Profit
ORD01061,2025-09-06,CUST0411,Office Supplies,Desk Organizer,1.0,0.15,765.0,195.23,Cash on Delivery,Delivered,Profit
ORD01062,2025-09-02,CUST0089,Furniture,Cabinet,2.0,0.0,26000.0,6400.0,Cash on Delivery,Delivered,Profit
ORD01063,2025-10-24,CUST0363,Electronics,Monitor,2.0,0.0,36000.0,7000.0,NetBanking,Delivered,Profit
ORD01064,2025-09-19,CUST0375,Office Supplies,Stapler,2.0,0.15,595.0,166.84,NetBanking,Shipped,Profit
ORD01065,2025-10-09,CUST0178,Furniture,Desk,1.0,0.0,15000.0,3500.0,Card,Delivered,Profit
ORD01066,2025-07-18,CUST0287,Office Supplies,Printer,2.0,0.15,23800.0,-15023.69,NetBanking,Cancelled,Loss
ORD01067,2026-04-02,CUST0230,Accessories,Mouse,1.0,0.15,1190.0,395.33,Cash on Delivery,Delivered,Profit
ORD01068,2026-05-26,CUST0264,Furniture,Bookshelf,1.0,0.1,9900.0,1813.08,NetBanking,Delivered,Profit
ORD01069,2025-08-14,CUST0099,Furniture,Cabinet,5.0,0.15,55250.0,-34088.47,NetBanking,Cancelled,Loss
ORD01070,2026-03-12,CUST0017,Office Supplies,Printer,4.0,0.15,47600.0,7360.59,UPI,Delivered,Profit
ORD01071,2025-08-18,CUST0351,Office Supplies,Stapler,2.0,0.05,665.0,212.14,Card,Delivered,Profit
ORD01072,2025-07-05,CUST0429,Electronics,Keyboard,3.0,0.0,7500.0,2400.0,UPI,Shipped,Profit
ORD01073,2026-01-17,CUST0061,Accessories,Backpack,5.0,0.2,8800.0,2168.88,UPI,Shipped,Profit
ORD01074,2025-10-09,CUST0447,Electronics,Headphones,3.0,0.2,10800.0,2232.29,Card,Shipped,Profit
ORD01075,2025-11-08,CUST0426,Furniture,Office Chair,3.0,0.05,25650.0,6268.09,NetBanking,Delivered,Profit
ORD01076,2026-01-22,CUST0301,Electronics,Monitor,5.0,0.1,81000.0,11223.95,Cash on Delivery,Delivered,Profit
ORD01077,2026-04-07,CUST0102,Furniture,Office Chair,3.0,0.05,25650.0,-3774.6,Cash on Delivery,Cancelled,Loss
ORD01078,2026-07-18,CUST0596,Electronics,Headphones,2.0,0.0,9000.0,3000.0,Cash on Delivery,Delivered,Profit
ORD01079,2026-07-23,CUST0197,Office Supplies,Stapler,4.0,0.15,1190.0,310.65,UPI,Delivered,Profit
ORD01080,2026-01-08,CUST0224,Electronics,Laptop,3.0,0.0,165000.0,27000.0,Cash on Delivery,Delivered,Profit
ORD01081,2026-08-20,CUST0347,Accessories,Backpack,4.0,0.0,8800.0,3000.0,UPI,Delivered,Profit
ORD01082,2026-06-06,CUST0570,Furniture,Bookshelf,4.0,0.05,41800.0,9305.97,Cash on Delivery,Delivered,Profit
ORD01083,2026-07-22,CUST0474,Electronics,Keyboard,2.0,0.0,5000.0,1600.0,UPI,Delivered,Profit
ORD01084,2025-08-31,CUST0283,Office Supplies,Stapler,4.0,0.2,1120.0,315.54,UPI,Shipped,Profit
ORD01085,2026-07-08,CUST0475,Accessories,Webcam,10.0,0.15,35700.0,8368.78,NetBanking,Delivered,Profit
ORD01086,2025-08-31,CUST0031,Office Supplies,Stapler,1.0,0.15,297.5,96.32,Card,Delivered,Profit
ORD01087,2026-08-23,CUST0287,Furniture,Cabinet,2.0,0.15,22100.0,4101.05,Cash on Delivery,Delivered,Profit
ORD01088,2025-11-19,CUST0440,Office Supplies,Stapler,1.0,0.1,315.0,-54.87,NetBanking,Cancelled,Loss
ORD01089,2026-03-04,CUST0225,Accessories,Backpack,2.0,0.0,4400.0,1500.0,NetBanking,Delivered,Profit
ORD01090,2025-12-10,CUST0209,Office Supplies,Stapler,4.0,0.1,1260.0,416.24,NetBanking,Delivered,Profit
ORD01091,2026-08-13,CUST0343,Electronics,Keyboard,2.0,0.05,4750.0,1455.95,Cash on Delivery,Delivered,Profit
ORD01092,2025-08-05,CUST0197,Office Supplies,Stapler,2.0,0.1,630.0,184.76,Card,Delivered,Profit
ORD01093,2025-12-07,CUST0166,Electronics,Keyboard,4.0,0.05,9500.0,2887.6,Card,Delivered,Profit
ORD01094,2025-08-01,CUST0119,Furniture,Desk,1.0,0.1,13500.0,2372.11,Card,Delivered,Profit
ORD01095,2025-11-30,CUST0404,Electronics,Laptop,3.0,0.0,165000.0,27000.0,Cash on Delivery,Delivered,Profit
ORD01096,2026-02-04,CUST0600,Furniture,Office Chair,1.0,0.15,7650.0,1425.62,UPI,Shipped,Profit
ORD01097,2025-12-11,CUST0449,Furniture,Cabinet,3.0,0.3,27300.0,1543.52,Card,Shipped,Profit
ORD01098,2025-11-22,CUST0510,Furniture,Office Chair,2.0,0.1,16200.0,-2303.4,NetBanking,Returned,Loss
ORD01099,2026-04-20,CUST0573,Accessories,Webcam,1.0,0.1,3780.0,926.73,Cash on Delivery,Delivered,Profit
ORD01100,2026-08-22,CUST0407,Office Supplies,Stapler,1.0,0.2,280.0,73.4,Card,Delivered,Profit
ORD01101,2026-02-26,CUST0195,Furniture,Cabinet,5.0,0.0,65000.0,16000.0,NetBanking,Shipped,Profit
ORD01102,2026-01-03,CUST0474,Office Supplies,Desk Organizer,1.0,0.15,765.0,170.52,NetBanking,Delivered,Profit
ORD01103,2026-03-01,CUST0528,Electronics,Headphones,3.0,0.1,12150.0,3867.61,NetBanking,Delivered,Profit
ORD01104,2025-10-29,CUST0327,Office Supplies,Printer,2.0,0.0,28000.0,5600.0,NetBanking,Shipped,Profit
ORD01105,2025-11-12,CUST0173,Accessories,Webcam,3.0,0.1,11340.0,2639.8,UPI,Shipped,Profit
ORD01106,2026-05-31,CUST0223,Furniture,Cabinet,6.0,0.15,66300.0,11826.27,UPI,Delivered,Profit
ORD01107,2026-05-08,CUST0265,Office Supplies,Desk Organizer,2.0,0.05,1710.0,487.6,Cash on Delivery,Delivered,Profit
ORD01108,2026-08-23,CUST0521,Furniture,Desk,2.0,0.2,24000.0,4051.44,UPI,Delivered,Profit
ORD01109,2025-11-21,CUST0335,Furniture,Desk,4.0,0.0,60000.0,14000.0,NetBanking,Delivered,Profit
ORD01110,2025-08-16,CUST0341,Office Supplies,Printer,3.0,0.1,37800.0,-22493.37,UPI,Returned,Loss
ORD01111,2025-12-07,CUST0357,Accessories,Backpack,1.0,0.15,1870.0,480.31,Card,Delivered,Profit
ORD01112,2025-08-07,CUST0125,Accessories,Backpack,4.0,0.0,8800.0,-1958.31,UPI,Returned,Loss
ORD01113,2025-09-09,CUST0236,Furniture,Desk,1.0,0.15,12750.0,2073.57,UPI,Delivered,Profit
ORD01114,2026-06-11,CUST0079,Electronics,Laptop,2.0,0.1,99000.0,9802.72,NetBanking,Delivered,Profit
ORD01115,2026-04-29,CUST0540,Furniture,Cabinet,4.0,0.15,44200.0,6984.75,UPI,Delivered,Profit
ORD01116,2025-07-14,CUST0145,Office Supplies,Paper,2.0,0.0,900.0,220.0,Card,Delivered,Profit
ORD01117,2026-08-24,CUST0440,Electronics,Headphones,5.0,0.1,20250.0,6345.6,Cash on Delivery,Delivered,Profit
ORD01118,2025-12-15,CUST0431,Accessories,Webcam,2.0,0.05,7980.0,2159.86,UPI,Delivered,Profit
ORD01119,2026-03-28,CUST0329,Electronics,Headphones,2.0,0.2,7200.0,1701.56,NetBanking,Delivered,Profit
ORD01120,2026-01-06,CUST0105,Electronics,Laptop,2.0,0.15,93500.0,-20661.19,UPI,Returned,Loss
ORD01121,2025-12-11,CUST0444,Accessories,Mouse,1.0,0.05,1330.0,449.37,UPI,Delivered,Profit
ORD01122,2025-10-10,CUST0472,Accessories,Mouse,1.0,0.2,1120.0,369.82,UPI,Delivered,Profit
ORD01123,2025-09-09,CUST0457,Electronics,Monitor,6.0,0.0,108000.0,21000.0,Cash on Delivery,Delivered,Profit
ORD01124,2025-12-17,CUST0312,Furniture,Desk,3.0,0.1,40500.0,-19455.04,UPI,Returned,Loss
ORD01125,2026-02-04,CUST0410,Electronics,Laptop,2.0,0.1,99000.0,10320.23,Cash on Delivery,Delivered,Profit
ORD01126,2026-04-04,CUST0308,Accessories,Mouse,3.0,0.0,4200.0,-752.06,Card,Returned,Loss
ORD01127,2025-08-01,CUST0152,Electronics,Keyboard,1.0,0.0,2500.0,800.0,UPI,Delivered,Profit
ORD01128,2026-05-05,CUST0004,Electronics,Headphones,2.0,0.1,8100.0,2375.32,UPI,Delivered,Profit
ORD01129,2025-09-09,CUST0118,Furniture,Bookshelf,2.0,0.05,20900.0,4580.09,Card,Shipped,Profit
ORD01130,2026-07-20,CUST0214,Furniture,Desk,5.0,0.05,71250.0,15154.15,UPI,Delivered,Profit
ORD01131,2026-04-11,CUST0052,Electronics,Headphones,3.0,0.0,13500.0,4500.0,Card,Delivered,Profit
ORD01132,2026-05-04,CUST0336,Office Supplies,Printer,2.0,0.05,26600.0,4761.28,Cash on Delivery,Delivered,Profit
ORD01133,2025-10-30,CUST0589,Accessories,Usb Hub,2.0,0.1,3240.0,1039.35,NetBanking,Delivered,Profit
ORD01134,2026-08-21,CUST0349,Furniture,Cabinet,1.0,0.05,12350.0,-1945.74,Cash on Delivery,Cancelled,Loss
ORD01135,2025-11-27,CUST0455,Furniture,Office Chair,5.0,0.1,40500.0,9416.85,NetBanking,Delivered,Profit
ORD01136,2025-11-22,CUST0100,Electronics,Laptop,1.0,0.15,46750.0,5070.89,Card,Delivered,Profit
ORD01137,2025-09-10,CUST0215,Accessories,Webcam,5.0,0.15,17850.0,3909.34,Card,Delivered,Profit
ORD01138,2026-01-09,CUST0435,Furniture,Office Chair,5.0,0.0,45000.0,11500.0,Card,Delivered,Profit
ORD01139,2026-01-09,CUST0120,Electronics,Monitor,2.0,0.1,32400.0,5188.57,Cash on Delivery,Delivered,Profit
ORD01140,2026-07-02,CUST0061,Accessories,Usb Hub,1.0,0.0,1800.0,650.0,UPI,Delivered,Profit
ORD01141,2025-12-10,CUST0259,Office Supplies,Stapler,6.0,0.0,2100.0,720.0,NetBanking,Shipped,Profit
ORD01142,2025-10-27,CUST0229,Furniture,Desk,15.0,0.1,202500.0,-99848.55,Card,Returned,Loss
ORD01143,2025-10-27,CUST0238,Office Supplies,Stapler,1.0,0.1,315.0,98.71,Card,Shipped,Profit
ORD01144,2025-09-26,CUST0284,Office Supplies,Paper,6.0,0.1,2430.0,489.6,NetBanking,Delivered,Profit
ORD01145,2025-09-21,CUST0416,Accessories,Mouse,6.0,0.15,7140.0,2261.83,Cash on Delivery,Delivered,Profit
ORD01147,2026-05-16,CUST0511,Electronics,Headphones,2.0,0.1,8100.0,2420.85,NetBanking,Shipped,Profit
ORD01148,2025-10-08,CUST0593,Electronics,Laptop,1.0,0.15,46750.0,5277.98,Cash on Delivery,Delivered,Profit
ORD01149,2026-08-21,CUST0539,Accessories,Mouse,5.0,0.1,6300.0,-2231.68,Card,Returned,Loss
ORD01150,2026-03-30,CUST0103,Furniture,Office Chair,1.0,0.3,6300.0,167.93,Cash on Delivery,Delivered,Profit
ORD01151,2026-05-07,CUST0510,Office Supplies,Stapler,3.0,0.2,840.0,-28.14,Cash on Delivery,Returned,Loss
ORD01152,2025-12-14,CUST0302,Furniture,Office Chair,3.0,0.1,24300.0,5519.34,NetBanking,Delivered,Profit
ORD01153,2026-04-04,CUST0119,Accessories,Usb Hub,1.0,0.1,1620.0,519.6,Card,Delivered,Profit
ORD01154,2025-08-16,CUST0401,Furniture,Bookshelf,1.0,0.15,9350.0,-2835.39,NetBanking,Cancelled,Loss
ORD01155,2025-07-15,CUST0552,Accessories,Mouse,1.0,0.05,1330.0,444.94,UPI,Delivered,Profit
ORD01156,2025-07-04,CUST0521,Accessories,Mouse,2.0,0.1,2520.0,810.37,Cash on Delivery,Delivered,Profit
ORD01157,2025-07-13,CUST0252,Accessories,Webcam,10.0,0.05,39900.0,10298.81,Card,Shipped,Profit
ORD01158,2026-05-21,CUST0493,Office Supplies,Stapler,1.0,0.1,315.0,100.46,Card,Delivered,Profit
ORD01159,2025-08-30,CUST0315,Office Supplies,Paper,3.0,0.1,1215.0,261.27,Cash on Delivery,Delivered,Profit
ORD01160,2025-12-22,CUST0083,Office Supplies,Paper,1.0,0.0,450.0,-58.38,Card,Returned,Loss
ORD01161,2026-05-17,CUST0057,Furniture,Office Chair,3.0,0.15,22950.0,-7062.69,NetBanking,Cancelled,Loss
ORD01162,2026-05-05,CUST0380,Electronics,Headphones,6.0,0.1,24300.0,7291.08,UPI,Shipped,Profit
ORD01163,2026-05-28,CUST0007,Office Supplies,Stapler,2.0,0.05,665.0,218.16,UPI,Delivered,Profit
ORD01164,2025-12-26,CUST0566,Furniture,Desk,3.0,0.0,45000.0,10500.0,Cash on Delivery,Delivered,Profit
ORD01165,2026-01-03,CUST0474,Office Supplies,Stapler,1.0,0.1,315.0,-6.96,NetBanking,Returned,Loss
ORD01166,2026-04-30,CUST0055,Accessories,Backpack,2.0,0.05,4180.0,-901.01,NetBanking,Returned,Loss
ORD01167,2025-09-16,CUST0560,Office Supplies,Stapler,2.0,0.05,665.0,223.21,Card,Delivered,Profit
ORD01168,2026-03-05,CUST0280,Furniture,Bookshelf,1.0,0.1,9900.0,2090.16,UPI,Delivered,Profit
ORD01169,2026-03-15,CUST0466,Electronics,Headphones,1.0,0.0,4500.0,1500.0,Card,Delivered,Profit
ORD01170,2026-03-20,CUST0502,Office Supplies,Printer,15.0,0.05,199500.0,36659.51,Cash on Delivery,Delivered,Profit
ORD01171,2026-07-10,CUST0009,Accessories,Webcam,4.0,0.0,16800.0,4800.0,Cash on Delivery,Delivered,Profit
ORD01172,2026-08-26,CUST0303,Office Supplies,Printer,5.0,0.3,49000.0,-1784.1,NetBanking,Delivered,Loss
ORD01173,2026-05-19,CUST0398,Accessories,Mouse,6.0,0.05,7980.0,131.29,Card,Returned,Profit
ORD01174,2026-01-09,CUST0530,Office Supplies,Paper,1.0,0.2,360.0,-138.66,Card,Returned,Loss
ORD01175,2026-03-26,CUST0120,Electronics,Laptop,1.0,0.1,49500.0,5463.39,UPI,Shipped,Profit
ORD01176,2026-08-29,CUST0026,Accessories,Backpack,1.0,0.15,1870.0,502.97,Cash on Delivery,Delivered,Profit
ORD01177,2025-08-25,CUST0341,Office Supplies,Paper,1.0,0.0,450.0,110.0,Card,Delivered,Profit
ORD01178,2025-11-28,CUST0128,Furniture,Bookshelf,2.0,0.0,22000.0,5200.0,NetBanking,Delivered,Profit
ORD01179,2026-05-09,CUST0234,Furniture,Office Chair,2.0,0.2,14400.0,1918.12,UPI,Delivered,Profit
ORD01180,2026-03-18,CUST0211,Furniture,Desk,2.0,0.0,30000.0,7000.0,Card,Delivered,Profit
ORD01181,2025-11-15,CUST0217,Accessories,Backpack,2.0,0.1,3960.0,1296.81,Card,Delivered,Profit
ORD01182,2025-11-10,CUST0327,Electronics,Laptop,1.0,0.0,55000.0,-23568.76,Cash on Delivery,Returned,Loss
ORD01183,2026-03-10,CUST0439,Office Supplies,Printer,3.0,0.15,35700.0,4050.61,Card,Delivered,Profit
ORD01184,2025-08-30,CUST0271,Electronics,Headphones,6.0,0.05,25650.0,8226.59,Card,Delivered,Profit
ORD01185,2026-08-12,CUST0405,Office Supplies,Stapler,2.0,0.0,700.0,240.0,Cash on Delivery,Delivered,Profit
ORD01186,2025-09-08,CUST0391,Office Supplies,Desk Organizer,6.0,0.1,4860.0,1245.75,UPI,Delivered,Profit
ORD01187,2026-03-27,CUST0221,Furniture,Bookshelf,15.0,0.1,148500.0,28878.92,NetBanking,Delivered,Profit
ORD01188,2026-08-30,CUST0368,Office Supplies,Printer,1.0,0.1,12600.0,-5189.6,NetBanking,Returned,Loss
ORD01189,2026-08-27,CUST0561,Office Supplies,Printer,2.0,0.05,26600.0,4439.34,NetBanking,Delivered,Profit
ORD01190,2026-08-23,CUST0254,Furniture,Bookshelf,2.0,0.1,19800.0,4025.67,Cash on Delivery,Delivered,Profit
ORD01191,2025-11-27,CUST0353,Furniture,Office Chair,2.0,0.05,17100.0,4142.56,Card,Delivered,Profit
ORD01192,2025-12-29,CUST0332,Accessories,Backpack,3.0,0.1,5940.0,1720.74,UPI,Delivered,Profit
ORD01193,2026-03-27,CUST0262,Office Supplies,Stapler,3.0,0.15,892.5,236.59,Card,Delivered,Profit
ORD01194,2026-02-26,CUST0491,Furniture,Cabinet,4.0,0.15,44200.0,8765.4,UPI,Delivered,Profit
ORD01195,2025-07-19,CUST0145,Office Supplies,Desk Organizer,5.0,0.1,4050.0,1135.83,UPI,Delivered,Profit
ORD01196,2026-02-25,CUST0542,Furniture,Cabinet,2.0,0.05,24700.0,-13350.44,UPI,Returned,Loss
ORD01197,2026-04-09,CUST0377,Electronics,Headphones,15.0,0.2,54000.0,14963.42,UPI,Delivered,Profit
ORD01198,2025-07-28,CUST0483,Office Supplies,Desk Organizer,6.0,0.15,4590.0,1083.18,Card,Delivered,Profit
ORD01199,2026-02-26,CUST0155,Electronics,Monitor,1.0,0.2,14400.0,1463.05,Card,Delivered,Profit
ORD01200,2026-08-05,CUST0507,Furniture,Cabinet,2.0,0.0,26000.0,-8800.77,Card,Cancelled,Loss
ORD01201,2026-03-25,CUST0302,Office Supplies,Stapler,3.0,0.2,840.0,252.26,Card,Delivered,Profit
ORD01202,2025-10-28,CUST0457,Office Supplies,Paper,2.0,0.15,765.0,121.97,Cash on Delivery,Delivered,Profit
ORD01203,2025-07-10,CUST0421,Furniture,Bookshelf,3.0,0.0,33000.0,7800.0,NetBanking,Shipped,Profit
ORD01204,2025-08-03,CUST0039,Electronics,Monitor,1.0,0.0,18000.0,-2910.97,UPI,Returned,Loss
ORD01205,2026-07-21,CUST0391,Electronics,Laptop,2.0,0.15,93500.0,6609.53,UPI,Delivered,Profit
ORD01206,2025-08-22,CUST0200,Office Supplies,Printer,15.0,0.0,210000.0,42000.0,Card,Delivered,Profit
ORD01207,2025-11-18,CUST0076,Furniture,Desk,3.0,0.1,40500.0,7250.88,NetBanking,Delivered,Profit
ORD01208,2026-07-10,CUST0461,Accessories,Backpack,2.0,0.1,3960.0,1288.56,Card,Delivered,Profit
ORD01209,2026-07-19,CUST0378,Electronics,Keyboard,2.0,0.0,5000.0,1600.0,NetBanking,Delivered,Profit
ORD01210,2025-11-03,CUST0169,Office Supplies,Printer,1.0,0.15,11900.0,1208.79,Card,Delivered,Profit
ORD01211,2026-05-29,CUST0038,Electronics,Headphones,4.0,0.05,17100.0,5507.96,Card,Delivered,Profit
ORD01212,2026-07-03,CUST0312,Electronics,Monitor,2.0,0.1,32400.0,4281.17,NetBanking,Delivered,Profit
ORD01213,2025-09-28,CUST0556,Office Supplies,Paper,2.0,0.1,810.0,144.64,NetBanking,Delivered,Profit
ORD01214,2026-05-19,CUST0401,Accessories,Webcam,5.0,0.1,18900.0,-2008.19,UPI,Cancelled,Loss
ORD01215,2025-10-17,CUST0595,Accessories,Webcam,1.0,0.1,3780.0,873.38,Cash on Delivery,Delivered,Profit
ORD01216,2025-08-27,CUST0559,Furniture,Bookshelf,1.0,0.05,10450.0,2219.79,Card,Shipped,Profit
ORD01217,2025-08-12,CUST0568,Electronics,Headphones,4.0,0.2,14400.0,3796.44,Card,Delivered,Profit
ORD01218,2025-10-02,CUST0437,Electronics,Laptop,1.0,0.0,55000.0,9000.0,UPI,Delivered,Profit
ORD01219,2026-02-24,CUST0562,Electronics,Keyboard,3.0,0.2,6000.0,1470.79,Cash on Delivery,Delivered,Profit
ORD01220,2026-06-04,CUST0298,Office Supplies,Stapler,15.0,0.1,4725.0,1473.58,UPI,Delivered,Profit
ORD01221,2025-08-16,CUST0148,Furniture,Desk,5.0,0.15,63750.0,12416.46,Cash on Delivery,Delivered,Profit
ORD01222,2026-08-14,CUST0013,Electronics,Monitor,4.0,0.15,61200.0,6360.05,NetBanking,Shipped,Profit
ORD01223,2025-08-07,CUST0094,Electronics,Monitor,6.0,0.1,97200.0,13627.16,Card,Shipped,Profit
ORD01224,2025-10-26,CUST0451,Furniture,Desk,2.0,0.15,25500.0,4184.19,UPI,Shipped,Profit
ORD01225,2026-08-16,CUST0456,Furniture,Cabinet,2.0,0.1,23400.0,5067.04,NetBanking,Delivered,Profit
ORD01226,2026-08-20,CUST0192,Electronics,Laptop,3.0,0.1,148500.0,17701.64,Cash on Delivery,Delivered,Profit
ORD01227,2026-06-08,CUST0482,Electronics,Monitor,1.0,0.05,17100.0,2895.65,UPI,Delivered,Profit
ORD01228,2025-07-14,CUST0173,Office Supplies,Paper,5.0,0.0,2250.0,550.0,NetBanking,Delivered,Profit
ORD01229,2025-08-30,CUST0523,Electronics,Laptop,2.0,0.0,110000.0,18000.0,Card,Delivered,Profit
ORD01230,2025-11-28,CUST0447,Office Supplies,Stapler,2.0,0.0,700.0,240.0,UPI,Delivered,Profit
ORD01231,2025-08-02,CUST0048,Furniture,Cabinet,5.0,0.3,45500.0,5595.79,NetBanking,Shipped,Profit
ORD01232,2026-04-21,CUST0468,Office Supplies,Stapler,3.0,0.05,997.5,333.95,Cash on Delivery,Delivered,Profit
ORD01233,2026-04-13,CUST0472,Furniture,Desk,1.0,0.15,12750.0,1703.59,UPI,Delivered,Profit
ORD01234,2025-11-16,CUST0218,Furniture,Office Chair,3.0,0.15,22950.0,4181.49,UPI,Delivered,Profit
ORD01235,2025-08-31,CUST0440,Office Supplies,Desk Organizer,3.0,0.1,2430.0,636.95,UPI,Delivered,Profit
ORD01236,2026-06-12,CUST0108,Electronics,Headphones,5.0,0.05,21375.0,6641.8,Card,Shipped,Profit
ORD01237,2026-02-18,CUST0209,Electronics,Keyboard,1.0,0.1,2250.0,639.09,Card,Delivered,Profit
ORD01238,2025-07-22,CUST0168,Accessories,Usb Hub,2.0,0.2,2880.0,744.12,Cash on Delivery,Shipped,Profit
ORD01239,2025-07-03,CUST0327,Office Supplies,Desk Organizer,2.0,0.1,1620.0,-785.33,Cash on Delivery,Returned,Loss
ORD01240,2025-08-02,CUST0157,Office Supplies,Stapler,6.0,0.15,1785.0,569.08,Cash on Delivery,Delivered,Profit
ORD01241,2026-05-20,CUST0169,Furniture,Cabinet,3.0,0.1,35100.0,-3081.05,Cash on Delivery,Returned,Loss
ORD01242,2025-11-19,CUST0565,Electronics,Laptop,3.0,0.1,148500.0,17605.13,UPI,Delivered,Profit
ORD01243,2026-04-22,CUST0474,Electronics,Headphones,1.0,0.2,3600.0,1058.32,UPI,Delivered,Profit
ORD01244,2025-07-28,CUST0181,Furniture,Bookshelf,1.0,0.3,7700.0,300.33,Cash on Delivery,Delivered,Profit
ORD01245,2026-03-19,CUST0392,Furniture,Office Chair,1.0,0.1,8100.0,1678.11,NetBanking,Delivered,Profit
ORD01246,2026-04-22,CUST0565,Electronics,Keyboard,2.0,0.05,4750.0,1486.06,NetBanking,Delivered,Profit
ORD01247,2026-06-04,CUST0519,Electronics,Monitor,1.0,0.05,17100.0,2834.0,Card,Delivered,Profit
ORD01248,2026-01-18,CUST0244,Office Supplies,Printer,1.0,0.1,12600.0,1959.49,Cash on Delivery,Delivered,Profit
ORD01249,2025-08-23,CUST0181,Electronics,Keyboard,2.0,0.15,4250.0,1028.14,Cash on Delivery,Delivered,Profit
ORD01250,2026-05-15,CUST0240,Electronics,Monitor,6.0,0.1,97200.0,12915.57,NetBanking,Delivered,Profit
ORD01251,2025-07-04,CUST0041,Electronics,Keyboard,3.0,0.3,5250.0,1034.01,UPI,Delivered,Profit
ORD01252,2026-05-05,CUST0541,Office Supplies,Stapler,1.0,0.05,332.5,-78.62,NetBanking,Returned,Loss
ORD01253,2026-02-04,CUST0412,Electronics,Monitor,6.0,0.15,91800.0,11523.03,Cash on Delivery,Delivered,Profit
ORD01254,2025-10-16,CUST0553,Furniture,Bookshelf,2.0,0.1,19800.0,3711.93,UPI,Delivered,Profit
ORD01255,2026-07-10,CUST0364,Office Supplies,Paper,2.0,0.1,810.0,167.41,Cash on Delivery,Delivered,Profit
ORD01256,2026-03-17,CUST0076,Electronics,Monitor,2.0,0.1,32400.0,4620.36,Card,Shipped,Profit
ORD01257,2026-01-04,CUST0215,Electronics,Monitor,1.0,0.1,16200.0,2534.0,Cash on Delivery,Delivered,Profit
ORD01258,2025-08-15,CUST0598,Office Supplies,Desk Organizer,3.0,0.0,2700.0,840.0,Cash on Delivery,Delivered,Profit
ORD01259,2025-08-07,CUST0483,Electronics,Keyboard,1.0,0.0,2500.0,800.0,NetBanking,Delivered,Profit
ORD01260,2025-12-13,CUST0349,Office Supplies,Paper,1.0,0.0,450.0,110.0,Cash on Delivery,Delivered,Profit
ORD01261,2026-02-26,CUST0520,Electronics,Headphones,4.0,0.15,15300.0,3850.04,UPI,Shipped,Profit
ORD01262,2026-06-08,CUST0538,Office Supplies,Stapler,5.0,0.1,1575.0,501.53,UPI,Delivered,Profit
ORD01263,2026-07-07,CUST0358,Electronics,Monitor,3.0,0.0,54000.0,10500.0,Cash on Delivery,Delivered,Profit
ORD01264,2026-04-23,CUST0451,Office Supplies,Paper,4.0,0.05,1710.0,392.74,NetBanking,Shipped,Profit
ORD01265,2025-08-02,CUST0201,Office Supplies,Stapler,2.0,0.15,595.0,169.55,NetBanking,Delivered,Profit
ORD01266,2026-02-17,CUST0274,Furniture,Desk,3.0,0.2,36000.0,4897.82,Card,Delivered,Profit
ORD01267,2026-06-22,CUST0587,Office Supplies,Desk Organizer,4.0,0.0,3600.0,1120.0,NetBanking,Delivered,Profit
ORD01268,2025-07-31,CUST0538,Office Supplies,Desk Organizer,3.0,0.0,2700.0,840.0,Card,Shipped,Profit
ORD01269,2025-10-09,CUST0251,Furniture,Desk,5.0,0.15,63750.0,12239.36,Card,Shipped,Profit
ORD01270,2025-11-27,CUST0541,Accessories,Webcam,2.0,0.05,7980.0,2173.63,UPI,Delivered,Profit
ORD01271,2026-06-16,CUST0402,Accessories,Mouse,3.0,0.15,3570.0,1062.88,UPI,Delivered,Profit
ORD01272,2026-03-11,CUST0106,Accessories,Usb Hub,1.0,0.05,1710.0,593.38,Card,Delivered,Profit
ORD01273,2026-08-27,CUST0111,Electronics,Laptop,2.0,0.1,99000.0,11600.03,Card,Delivered,Profit
ORD01274,2025-08-09,CUST0126,Accessories,Usb Hub,4.0,0.0,7200.0,2600.0,NetBanking,Delivered,Profit
ORD01275,2026-02-02,CUST0016,Office Supplies,Printer,4.0,0.1,50400.0,6953.99,Card,Delivered,Profit
ORD01276,2026-04-02,CUST0026,Electronics,Monitor,1.0,0.05,17100.0,2949.14,Cash on Delivery,Delivered,Profit
ORD01277,2025-10-01,CUST0221,Accessories,Backpack,3.0,0.2,5280.0,-1038.6,Card,Returned,Loss
ORD01278,2025-08-01,CUST0387,Electronics,Headphones,4.0,0.1,16200.0,5175.4,NetBanking,Delivered,Profit
ORD01279,2026-02-22,CUST0392,Electronics,Monitor,4.0,0.15,61200.0,5420.4,NetBanking,Delivered,Profit
ORD01280,2026-03-02,CUST0314,Furniture,Office Chair,4.0,0.1,32400.0,7551.89,Card,Delivered,Profit
ORD01281,2025-10-21,CUST0242,Electronics,Monitor,5.0,0.0,90000.0,17500.0,Cash on Delivery,Delivered,Profit
ORD01282,2026-01-10,CUST0088,Accessories,Mouse,1.0,0.15,1190.0,335.68,NetBanking,Delivered,Profit
ORD01283,2026-05-19,CUST0263,Electronics,Keyboard,5.0,0.0,12500.0,-4666.94,UPI,Cancelled,Loss
ORD01284,2026-02-26,CUST0179,Electronics,Laptop,2.0,0.05,104500.0,14242.9,Cash on Delivery,Shipped,Profit
ORD01285,2025-11-17,CUST0412,Office Supplies,Stapler,2.0,0.0,700.0,240.0,Cash on Delivery,Delivered,Profit
ORD01286,2026-02-02,CUST0596,Electronics,Monitor,1.0,0.0,18000.0,3500.0,UPI,Delivered,Profit
ORD01287,2025-09-14,CUST0041,Accessories,Webcam,1.0,0.2,3360.0,-795.63,NetBanking,Returned,Loss
ORD01288,2025-09-09,CUST0254,Electronics,Keyboard,4.0,0.0,10000.0,-2824.76,UPI,Returned,Loss
ORD01289,2025-11-26,CUST0492,Office Supplies,Paper,3.0,0.0,1350.0,330.0,UPI,Delivered,Profit
ORD01290,2026-06-04,CUST0467,Electronics,Headphones,1.0,0.0,4500.0,1500.0,Cash on Delivery,Delivered,Profit
ORD01291,2026-02-17,CUST0540,Office Supplies,Stapler,2.0,0.15,595.0,186.98,NetBanking,Delivered,Profit
ORD01292,2026-04-11,CUST0248,Electronics,Headphones,5.0,0.05,21375.0,6652.73,Card,Delivered,Profit
ORD01293,2025-07-24,CUST0198,Electronics,Headphones,5.0,0.0,22500.0,7500.0,UPI,Delivered,Profit
ORD01294,2026-08-13,CUST0135,Office Supplies,Desk Organizer,3.0,0.2,2160.0,589.34,Card,Delivered,Profit
ORD01295,2026-05-02,CUST0165,Furniture,Desk,1.0,0.1,13500.0,-1549.8,Cash on Delivery,Cancelled,Loss
ORD01296,2025-10-19,CUST0281,Accessories,Mouse,1.0,0.1,1260.0,381.05,Card,Delivered,Profit
ORD01297,2025-07-04,CUST0584,Office Supplies,Printer,5.0,0.3,49000.0,928.57,NetBanking,Delivered,Profit
ORD01298,2026-05-19,CUST0064,Electronics,Keyboard,3.0,0.05,7125.0,2210.37,NetBanking,Delivered,Profit
ORD01299,2025-10-20,CUST0077,Office Supplies,Stapler,2.0,0.1,630.0,-105.05,Cash on Delivery,Cancelled,Loss
ORD01300,2026-02-22,CUST0007,Furniture,Office Chair,1.0,0.05,8550.0,1971.91,NetBanking,Shipped,Profit
ORD01302,2026-08-24,CUST0521,Electronics,Monitor,2.0,0.0,36000.0,7000.0,Cash on Delivery,Delivered,Profit
ORD01303,2026-05-17,CUST0570,Office Supplies,Desk Organizer,4.0,0.1,3240.0,836.36,Cash on Delivery,Delivered,Profit
ORD01304,2026-04-15,CUST0171,Electronics,Headphones,3.0,0.3,9450.0,1199.39,Card,Delivered,Profit
ORD01305,2025-09-16,CUST0238,Electronics,Headphones,5.0,0.1,20250.0,6265.61,Card,Delivered,Profit
ORD01306,2026-05-10,CUST0431,Electronics,Laptop,3.0,0.05,156750.0,21934.79,Card,Shipped,Profit
ORD01307,2026-08-18,CUST0273,Accessories,Backpack,3.0,0.1,5940.0,-2106.12,Cash on Delivery,Cancelled,Loss
ORD01308,2025-10-19,CUST0540,Accessories,Backpack,5.0,0.0,11000.0,-4990.46,Cash on Delivery,Returned,Loss
ORD01309,2026-07-07,CUST0405,Electronics,Monitor,4.0,0.2,57600.0,6060.06,Card,Delivered,Profit
ORD01310,2026-07-03,CUST0067,Electronics,Monitor,2.0,0.05,34200.0,5554.18,Card,Delivered,Profit
ORD01311,2025-08-02,CUST0319,Electronics,Monitor,5.0,0.2,72000.0,7941.07,NetBanking,Delivered,Profit
ORD01312,2026-05-31,CUST0594,Office Supplies,Paper,5.0,0.1,2025.0,437.1,UPI,Delivered,Profit
ORD01313,2026-06-04,CUST0378,Accessories,Webcam,3.0,0.0,12600.0,3600.0,UPI,Delivered,Profit
ORD01314,2026-07-09,CUST0475,Office Supplies,Stapler,2.0,0.0,700.0,240.0,Cash on Delivery,Delivered,Profit
ORD01315,2025-11-24,CUST0307,Office Supplies,Desk Organizer,2.0,0.0,1800.0,560.0,UPI,Shipped,Profit
ORD01316,2026-01-02,CUST0301,Accessories,Backpack,2.0,0.0,4400.0,-313.63,Cash on Delivery,Cancelled,Loss
ORD01317,2026-05-11,CUST0257,Office Supplies,Printer,3.0,0.05,39900.0,6700.89,UPI,Delivered,Profit
ORD01318,2025-10-17,CUST0489,Furniture,Cabinet,3.0,0.15,33150.0,6477.32,UPI,Delivered,Profit
ORD01319,2025-08-27,CUST0277,Office Supplies,Stapler,4.0,0.05,1330.0,443.17,Card,Shipped,Profit
ORD01320,2026-05-24,CUST0428,Accessories,Mouse,1.0,0.15,1190.0,327.18,UPI,Delivered,Profit
ORD01321,2026-08-17,CUST0235,Furniture,Desk,1.0,0.15,12750.0,2443.47,Cash on Delivery,Delivered,Profit
ORD01322,2025-12-31,CUST0384,Electronics,Keyboard,1.0,0.15,2125.0,532.46,UPI,Shipped,Profit
ORD01323,2025-08-27,CUST0375,Electronics,Keyboard,1.0,0.05,2375.0,88.96,NetBanking,Cancelled,Profit
ORD01324,2025-12-14,CUST0374,Electronics,Monitor,5.0,0.0,90000.0,17500.0,UPI,Delivered,Profit
ORD01325,2026-03-23,CUST0343,Office Supplies,Paper,2.0,0.1,810.0,155.32,Cash on Delivery,Shipped,Profit
ORD01326,2025-07-02,CUST0065,Electronics,Laptop,3.0,0.1,148500.0,17514.77,Card,Delivered,Profit
ORD01327,2025-10-03,CUST0338,Furniture,Office Chair,4.0,0.1,32400.0,7203.79,Cash on Delivery,Delivered,Profit
ORD01328,2025-11-05,CUST0522,Electronics,Laptop,5.0,0.05,261250.0,38173.77,Cash on Delivery,Delivered,Profit
ORD01329,2026-05-05,CUST0333,Office Supplies,Printer,2.0,0.05,26600.0,4539.74,Cash on Delivery,Delivered,Profit
ORD01330,2026-06-15,CUST0014,Electronics,Monitor,1.0,0.05,17100.0,2780.82,Cash on Delivery,Delivered,Profit
ORD01331,2026-03-10,CUST0236,Electronics,Monitor,5.0,0.0,90000.0,17500.0,Cash on Delivery,Delivered,Profit
ORD01332,2025-08-29,CUST0329,Electronics,Headphones,2.0,0.1,8100.0,-21.8,Card,Returned,Loss
ORD01333,2026-02-28,CUST0007,Electronics,Monitor,3.0,0.1,48600.0,-25372.17,Cash on Delivery,Returned,Loss
ORD01334,2026-03-12,CUST0022,Furniture,Bookshelf,5.0,0.3,38500.0,1460.23,Card,Delivered,Profit
ORD01335,2025-09-09,CUST0040,Accessories,Usb Hub,10.0,0.05,17100.0,6022.17,NetBanking,Delivered,Profit
ORD01336,2026-03-29,CUST0313,Electronics,Laptop,3.0,0.1,148500.0,17767.64,Card,Delivered,Profit
ORD01337,2026-01-16,CUST0114,Furniture,Office Chair,2.0,0.05,17100.0,4025.39,Cash on Delivery,Delivered,Profit
ORD01338,2026-06-03,CUST0569,Office Supplies,Desk Organizer,2.0,0.05,1710.0,484.2,NetBanking,Delivered,Profit
ORD01339,2026-03-04,CUST0014,Furniture,Cabinet,3.0,0.2,31200.0,-11525.23,Card,Cancelled,Loss
ORD01340,2025-08-14,CUST0501,Furniture,Bookshelf,1.0,0.15,9350.0,-4344.8,NetBanking,Cancelled,Loss
ORD01341,2026-08-16,CUST0314,Electronics,Laptop,2.0,0.0,110000.0,18000.0,Card,Delivered,Profit
ORD01342,2025-12-11,CUST0338,Electronics,Monitor,2.0,0.05,34200.0,5757.47,UPI,Delivered,Profit
ORD01343,2026-03-02,CUST0293,Furniture,Cabinet,1.0,0.05,12350.0,2722.03,Card,Delivered,Profit
ORD01344,2026-07-28,CUST0004,Electronics,Keyboard,3.0,0.15,6375.0,1645.88,NetBanking,Delivered,Profit
ORD01345,2025-09-12,CUST0314,Electronics,Headphones,2.0,0.0,9000.0,3000.0,UPI,Delivered,Profit
ORD01346,2026-07-19,CUST0384,Furniture,Office Chair,1.0,0.0,9000.0,2300.0,NetBanking,Delivered,Profit
ORD01347,2025-07-15,CUST0195,Electronics,Laptop,2.0,0.0,110000.0,18000.0,Cash on Delivery,Delivered,Profit
ORD01348,2025-11-07,CUST0040,Office Supplies,Stapler,3.0,0.05,997.5,-434.13,Card,Returned,Loss
ORD01349,2025-10-31,CUST0225,Office Supplies,Paper,3.0,0.05,1282.5,273.54,UPI,Delivered,Profit
ORD01350,2025-11-23,CUST0546,Furniture,Bookshelf,3.0,0.05,31350.0,-10224.51,NetBanking,Returned,Loss
ORD01351,2026-07-20,CUST0520,Furniture,Cabinet,3.0,0.1,35100.0,7368.88,Card,Delivered,Profit
ORD01352,2026-01-22,CUST0346,Accessories,Webcam,1.0,0.15,3570.0,711.48,UPI,Delivered,Profit
ORD01353,2026-07-03,CUST0474,Electronics,Laptop,1.0,0.05,52250.0,7526.14,NetBanking,Delivered,Profit
ORD01354,2025-08-10,CUST0422,Electronics,Monitor,2.0,0.0,36000.0,7000.0,Cash on Delivery,Delivered,Profit
ORD01355,2026-08-24,CUST0410,Office Supplies,Printer,5.0,0.1,63000.0,-35871.89,Cash on Delivery,Returned,Loss
ORD01356,2026-05-02,CUST0339,Electronics,Laptop,5.0,0.2,220000.0,14484.29,Cash on Delivery,Shipped,Profit
ORD01357,2026-04-02,CUST0495,Electronics,Keyboard,3.0,0.1,6750.0,1804.43,NetBanking,Delivered,Profit
ORD01358,2025-09-18,CUST0069,Office Supplies,Printer,1.0,0.2,11200.0,1356.86,Card,Delivered,Profit
ORD01359,2025-12-23,CUST0326,Office Supplies,Stapler,5.0,0.05,1662.5,552.46,Card,Delivered,Profit
ORD01360,2026-01-19,CUST0090,Electronics,Laptop,2.0,0.0,110000.0,18000.0,Card,Delivered,Profit
ORD01361,2026-02-05,CUST0190,Electronics,Headphones,2.0,0.1,8100.0,2500.54,Cash on Delivery,Delivered,Profit
ORD01362,2026-01-14,CUST0580,Accessories,Backpack,5.0,0.15,9350.0,-3938.89,Card,Returned,Loss
ORD01363,2026-01-01,CUST0352,Accessories,Backpack,2.0,0.1,3960.0,1136.85,Cash on Delivery,Delivered,Profit
ORD01364,2026-07-15,CUST0378,Electronics,Monitor,1.0,0.1,16200.0,2142.19,Cash on Delivery,Delivered,Profit
ORD01365,2025-07-15,CUST0235,Furniture,Office Chair,1.0,0.05,8550.0,1920.67,NetBanking,Delivered,Profit
ORD01366,2025-09-02,CUST0364,Accessories,Usb Hub,3.0,0.0,5400.0,1950.0,NetBanking,Delivered,Profit
ORD01367,2026-05-09,CUST0056,Furniture,Cabinet,6.0,0.0,78000.0,19200.0,UPI,Shipped,Profit
ORD01368,2026-01-02,CUST0177,Electronics,Laptop,5.0,0.1,247500.0,29677.13,NetBanking,Delivered,Profit
ORD01369,2025-10-11,CUST0429,Electronics,Keyboard,1.0,0.05,2375.0,702.98,Cash on Delivery,Delivered,Profit
ORD01370,2026-05-12,CUST0359,Accessories,Usb Hub,10.0,0.05,17100.0,5967.66,UPI,Shipped,Profit
ORD01371,2026-05-01,CUST0014,Furniture,Desk,1.0,0.2,12000.0,-2079.95,NetBanking,Returned,Loss
ORD01372,2025-11-17,CUST0251,Accessories,Backpack,1.0,0.1,1980.0,-112.18,NetBanking,Cancelled,Loss
ORD01373,2025-12-08,CUST0175,Office Supplies,Stapler,2.0,0.15,595.0,153.85,Card,Delivered,Profit
ORD01374,2025-12-11,CUST0031,Furniture,Office Chair,5.0,0.05,42750.0,9946.09,Cash on Delivery,Shipped,Profit
ORD01375,2026-03-04,CUST0102,Electronics,Laptop,1.0,0.15,46750.0,3473.82,NetBanking,Delivered,Profit
ORD01376,2026-08-15,CUST0024,Office Supplies,Paper,1.0,0.1,405.0,82.7,UPI,Delivered,Profit
ORD01377,2025-09-05,CUST0287,Office Supplies,Paper,1.0,0.15,382.5,66.0,NetBanking,Delivered,Profit
ORD01378,2025-10-21,CUST0380,Office Supplies,Desk Organizer,2.0,0.3,1260.0,263.86,Card,Delivered,Profit
ORD01379,2025-09-07,CUST0038,Furniture,Office Chair,1.0,0.05,8550.0,2007.98,NetBanking,Delivered,Profit
ORD01380,2026-01-20,CUST0160,Furniture,Office Chair,2.0,0.05,17100.0,4177.23,Card,Delivered,Profit
ORD01381,2025-10-22,CUST0361,Electronics,Headphones,2.0,0.1,8100.0,2551.0,NetBanking,Delivered,Profit
ORD01382,2025-07-20,CUST0422,Office Supplies,Stapler,2.0,0.05,665.0,211.12,Cash on Delivery,Delivered,Profit
ORD01383,2026-07-16,CUST0333,Office Supplies,Stapler,5.0,0.1,1575.0,-710.46,Card,Cancelled,Loss
ORD01384,2026-01-12,CUST0105,Electronics,Monitor,2.0,0.0,36000.0,7000.0,Cash on Delivery,Delivered,Profit
ORD01385,2025-07-05,CUST0585,Electronics,Headphones,1.0,0.1,4050.0,-1076.29,Cash on Delivery,Returned,Loss
ORD01386,2026-08-24,CUST0459,Accessories,Mouse,1.0,0.1,1260.0,433.61,UPI,Delivered,Profit
ORD01387,2026-08-28,CUST0374,Electronics,Laptop,3.0,0.1,148500.0,17401.22,Cash on Delivery,Delivered,Profit
ORD01388,2026-03-22,CUST0332,Office Supplies,Desk Organizer,6.0,0.05,5130.0,1554.52,UPI,Delivered,Profit
ORD01389,2025-12-18,CUST0359,Electronics,Monitor,4.0,0.0,72000.0,14000.0,NetBanking,Delivered,Profit
ORD01390,2025-12-23,CUST0344,Office Supplies,Desk Organizer,2.0,0.1,1620.0,469.31,Cash on Delivery,Delivered,Profit
ORD01391,2026-06-03,CUST0339,Furniture,Desk,2.0,0.1,27000.0,5069.99,Cash on Delivery,Delivered,Profit
ORD01392,2025-12-17,CUST0128,Accessories,Backpack,4.0,0.0,8800.0,3000.0,Card,Delivered,Profit
ORD01393,2025-09-11,CUST0440,Electronics,Headphones,2.0,0.0,9000.0,3000.0,UPI,Delivered,Profit
ORD01394,2026-01-11,CUST0334,Electronics,Keyboard,2.0,0.1,4500.0,1208.83,NetBanking,Delivered,Profit
ORD01395,2026-06-03,CUST0143,Office Supplies,Paper,1.0,0.0,450.0,110.0,NetBanking,Delivered,Profit
ORD01396,2026-01-29,CUST0510,Furniture,Desk,2.0,0.15,25500.0,3343.88,Card,Delivered,Profit
ORD01397,2026-05-03,CUST0204,Furniture,Bookshelf,1.0,0.1,9900.0,1987.24,UPI,Delivered,Profit
ORD01398,2026-03-02,CUST0117,Electronics,Headphones,1.0,0.2,3600.0,1059.68,Cash on Delivery,Delivered,Profit
ORD01399,2026-07-07,CUST0251,Office Supplies,Paper,2.0,0.1,810.0,-157.65,NetBanking,Returned,Loss
ORD01400,2026-05-31,CUST0009,Electronics,Monitor,2.0,0.15,30600.0,3731.52,NetBanking,Delivered,Profit
ORD01401,2025-09-21,CUST0290,Furniture,Bookshelf,1.0,0.3,7700.0,514.16,UPI,Delivered,Profit
ORD01402,2025-08-09,CUST0214,Furniture,Bookshelf,2.0,0.1,19800.0,3354.68,NetBanking,Delivered,Profit
ORD01403,2026-03-12,CUST0228,Furniture,Cabinet,4.0,0.15,44200.0,8889.34,Card,Delivered,Profit
ORD01404,2026-01-13,CUST0420,Electronics,Laptop,2.0,0.2,88000.0,7002.79,UPI,Shipped,Profit
ORD01405,2025-11-20,CUST0044,Accessories,Backpack,4.0,0.15,7480.0,2221.37,Card,Delivered,Profit
ORD01406,2025-11-28,CUST0405,Electronics,Keyboard,4.0,0.2,8000.0,1681.44,UPI,Delivered,Profit
ORD01407,2026-05-03,CUST0572,Electronics,Laptop,2.0,0.0,110000.0,18000.0,Card,Delivered,Profit
ORD01408,2026-01-19,CUST0063,Electronics,Laptop,1.0,0.05,52250.0,7537.66,NetBanking,Delivered,Profit
ORD01409,2025-10-30,CUST0228,Electronics,Keyboard,6.0,0.1,13500.0,3565.21,UPI,Delivered,Profit
ORD01410,2026-05-13,CUST0522,Electronics,Keyboard,4.0,0.05,9500.0,2858.04,NetBanking,Delivered,Profit
ORD01411,2026-01-02,CUST0463,Furniture,Desk,3.0,0.05,42750.0,8950.06,UPI,Delivered,Profit
ORD01412,2026-04-25,CUST0228,Office Supplies,Printer,4.0,0.0,56000.0,-18927.37,Cash on Delivery,Returned,Loss
ORD01413,2025-11-17,CUST0507,Furniture,Desk,4.0,0.0,60000.0,14000.0,NetBanking,Delivered,Profit
ORD01414,2026-02-03,CUST0077,Furniture,Office Chair,2.0,0.15,15300.0,3127.18,Card,Delivered,Profit
ORD01415,2025-08-19,CUST0293,Office Supplies,Paper,4.0,0.1,1620.0,347.92,Card,Delivered,Profit
ORD01416,2026-08-03,CUST0075,Electronics,Headphones,1.0,0.1,4050.0,1183.56,UPI,Delivered,Profit
ORD01417,2026-08-18,CUST0216,Electronics,Headphones,1.0,0.0,4500.0,1500.0,NetBanking,Delivered,Profit
ORD01418,2026-02-13,CUST0281,Office Supplies,Desk Organizer,1.0,0.2,720.0,-192.59,Cash on Delivery,Returned,Loss
ORD01419,2025-09-23,CUST0062,Office Supplies,Desk Organizer,2.0,0.1,1620.0,469.97,UPI,Delivered,Profit
ORD01420,2026-07-12,CUST0151,Office Supplies,Paper,2.0,0.0,900.0,220.0,NetBanking,Delivered,Profit
ORD01421,2025-09-18,CUST0388,Office Supplies,Stapler,2.0,0.0,700.0,240.0,Card,Delivered,Profit
ORD01422,2026-06-30,CUST0574,Furniture,Desk,1.0,0.05,14250.0,2949.27,NetBanking,Shipped,Profit
ORD01423,2026-02-06,CUST0193,Electronics,Keyboard,3.0,0.15,6375.0,1460.08,Card,Delivered,Profit
ORD01424,2025-07-08,CUST0392,Office Supplies,Printer,1.0,0.3,9800.0,-5934.13,NetBanking,Returned,Loss
ORD01425,2025-12-31,CUST0443,Electronics,Laptop,5.0,0.1,247500.0,-68668.95,Card,Cancelled,Loss
ORD01426,2026-04-28,CUST0246,Furniture,Office Chair,2.0,0.0,18000.0,4600.0,NetBanking,Delivered,Profit
ORD01427,2026-08-24,CUST0098,Electronics,Keyboard,1.0,0.2,2000.0,499.27,Card,Delivered,Profit
ORD01428,2025-12-11,CUST0289,Accessories,Backpack,2.0,0.05,4180.0,-942.15,UPI,Cancelled,Loss
ORD01429,2026-04-27,CUST0427,Furniture,Bookshelf,1.0,0.1,9900.0,2023.34,UPI,Shipped,Profit
ORD01430,2026-03-20,CUST0096,Furniture,Office Chair,3.0,0.15,22950.0,3492.91,NetBanking,Delivered,Profit
ORD01431,2025-08-30,CUST0597,Furniture,Office Chair,1.0,0.05,8550.0,-674.01,Cash on Delivery,Returned,Loss
ORD01432,2025-11-02,CUST0386,Office Supplies,Desk Organizer,2.0,0.0,1800.0,560.0,Card,Delivered,Profit
ORD01433,2026-08-23,CUST0110,Electronics,Keyboard,10.0,0.05,23750.0,7151.93,Cash on Delivery,Delivered,Profit
ORD01434,2025-08-06,CUST0025,Accessories,Usb Hub,4.0,0.1,6480.0,2264.51,UPI,Delivered,Profit
ORD01435,2026-01-11,CUST0169,Electronics,Headphones,2.0,0.0,9000.0,3000.0,Cash on Delivery,Delivered,Profit
ORD01436,2025-11-29,CUST0481,Office Supplies,Stapler,3.0,0.05,997.5,330.71,Cash on Delivery,Delivered,Profit
ORD01437,2026-03-03,CUST0162,Furniture,Cabinet,2.0,0.0,26000.0,6400.0,NetBanking,Delivered,Profit
ORD01438,2026-04-28,CUST0548,Electronics,Monitor,3.0,0.0,54000.0,10500.0,Cash on Delivery,Shipped,Profit
ORD01439,2026-05-27,CUST0044,Furniture,Desk,6.0,0.15,76500.0,11838.23,Card,Delivered,Profit
ORD01440,2026-04-01,CUST0435,Electronics,Laptop,5.0,0.2,220000.0,12601.32,Card,Delivered,Profit
ORD01441,2026-01-15,CUST0529,Electronics,Laptop,2.0,0.15,93500.0,9194.5,Card,Shipped,Profit
ORD01442,2026-02-06,CUST0553,Office Supplies,Desk Organizer,4.0,0.15,3060.0,-925.04,Cash on Delivery,Returned,Loss
ORD01443,2026-06-18,CUST0561,Electronics,Keyboard,3.0,0.0,7500.0,2400.0,Cash on Delivery,Delivered,Profit
ORD01444,2025-12-03,CUST0597,Office Supplies,Stapler,5.0,0.05,1662.5,541.1,NetBanking,Delivered,Profit
ORD01445,2026-01-04,CUST0255,Electronics,Headphones,2.0,0.1,8100.0,2281.88,Cash on Delivery,Shipped,Profit
ORD01446,2026-01-30,CUST0083,Accessories,Backpack,3.0,0.05,6270.0,2097.68,Card,Delivered,Profit
ORD01447,2025-09-02,CUST0521,Office Supplies,Paper,1.0,0.1,405.0,77.21,Cash on Delivery,Delivered,Profit
ORD01448,2026-03-31,CUST0362,Office Supplies,Printer,3.0,0.1,37800.0,5817.06,UPI,Delivered,Profit
ORD01449,2025-10-08,CUST0307,Electronics,Monitor,4.0,0.0,72000.0,-6463.47,NetBanking,Returned,Loss
ORD01450,2025-10-22,CUST0142,Furniture,Bookshelf,1.0,0.15,9350.0,1687.46,Card,Delivered,Profit
ORD01451,2025-08-03,CUST0318,Electronics,Keyboard,3.0,0.1,6750.0,1994.37,Card,Delivered,Profit
ORD01452,2026-02-11,CUST0590,Electronics,Headphones,5.0,0.15,19125.0,5734.51,NetBanking,Delivered,Profit
ORD01453,2026-08-01,CUST0431,Furniture,Cabinet,6.0,0.2,62400.0,10241.11,UPI,Delivered,Profit
ORD01454,2025-11-20,CUST0075,Office Supplies,Paper,2.0,0.0,900.0,-190.79,NetBanking,Cancelled,Loss
ORD01455,2025-10-28,CUST0504,Office Supplies,Paper,1.0,0.05,427.5,99.54,Card,Delivered,Profit
ORD01456,2026-07-20,CUST0073,Electronics,Laptop,2.0,0.1,99000.0,12526.28,Cash on Delivery,Delivered,Profit
ORD01457,2026-08-01,CUST0246,Accessories,Usb Hub,3.0,0.05,5130.0,1821.83,NetBanking,Delivered,Profit
ORD01458,2026-07-09,CUST0386,Accessories,Usb Hub,3.0,0.05,5130.0,1771.81,NetBanking,Delivered,Profit
ORD01459,2026-06-18,CUST0004,Furniture,Office Chair,2.0,0.0,18000.0,4600.0,NetBanking,Delivered,Profit
ORD01460,2026-06-17,CUST0103,Electronics,Monitor,3.0,0.15,45900.0,4929.57,NetBanking,Delivered,Profit
ORD01461,2025-08-27,CUST0599,Furniture,Desk,2.0,0.05,28500.0,6090.47,Card,Delivered,Profit
ORD01462,2025-08-31,CUST0109,Accessories,Backpack,3.0,0.05,6270.0,2075.83,Cash on Delivery,Delivered,Profit
ORD01463,2025-10-17,CUST0334,Office Supplies,Paper,1.0,0.1,405.0,82.2,NetBanking,Delivered,Profit
ORD01464,2026-01-19,CUST0238,Electronics,Monitor,2.0,0.1,32400.0,5228.7,NetBanking,Delivered,Profit
ORD01465,2025-07-16,CUST0597,Accessories,Usb Hub,2.0,0.0,3600.0,1300.0,NetBanking,Delivered,Profit
ORD01466,2026-07-21,CUST0007,Electronics,Laptop,3.0,0.1,148500.0,19308.48,NetBanking,Delivered,Profit
ORD01467,2025-07-23,CUST0529,Furniture,Office Chair,5.0,0.05,42750.0,10086.19,Card,Delivered,Profit
ORD01468,2026-02-07,CUST0463,Office Supplies,Paper,2.0,0.0,900.0,220.0,UPI,Delivered,Profit
ORD01469,2025-09-24,CUST0299,Furniture,Cabinet,2.0,0.0,26000.0,6400.0,UPI,Delivered,Profit
ORD01470,2025-08-30,CUST0311,Furniture,Cabinet,4.0,0.15,44200.0,9064.47,UPI,Delivered,Profit
ORD01471,2026-05-23,CUST0255,Accessories,Mouse,1.0,0.1,1260.0,409.71,Card,Delivered,Profit
ORD01472,2025-07-05,CUST0182,Accessories,Mouse,2.0,0.0,2800.0,1000.0,NetBanking,Delivered,Profit
ORD01473,2025-10-08,CUST0458,Electronics,Monitor,3.0,0.1,48600.0,-21160.4,Cash on Delivery,Returned,Loss
ORD01474,2025-09-17,CUST0081,Electronics,Headphones,2.0,0.05,8550.0,-3916.88,Card,Returned,Loss
ORD01475,2025-11-30,CUST0060,Electronics,Headphones,1.0,0.15,3825.0,-1752.9,UPI,Returned,Loss
ORD01476,2026-07-21,CUST0494,Electronics,Headphones,3.0,0.1,12150.0,3725.98,UPI,Delivered,Profit
ORD01477,2026-01-19,CUST0258,Electronics,Headphones,1.0,0.1,4050.0,1188.68,NetBanking,Delivered,Profit
ORD01478,2026-04-06,CUST0553,Electronics,Monitor,1.0,0.15,15300.0,1684.64,Cash on Delivery,Delivered,Profit
ORD01479,2026-02-06,CUST0334,Electronics,Monitor,1.0,0.0,18000.0,3500.0,UPI,Delivered,Profit
ORD01480,2026-07-11,CUST0538,Office Supplies,Paper,2.0,0.1,810.0,175.04,UPI,Delivered,Profit
ORD01481,2026-06-04,CUST0249,Accessories,Webcam,5.0,0.1,18900.0,4933.05,UPI,Delivered,Profit
ORD01482,2025-10-04,CUST0594,Furniture,Desk,2.0,0.1,27000.0,4732.49,Card,Delivered,Profit
ORD01483,2025-11-10,CUST0441,Electronics,Monitor,4.0,0.2,57600.0,7413.57,Card,Delivered,Profit
ORD01484,2025-08-12,CUST0561,Furniture,Desk,4.0,0.15,51000.0,9474.15,NetBanking,Delivered,Profit
ORD01485,2026-06-03,CUST0258,Office Supplies,Stapler,6.0,0.3,1470.0,-264.18,Card,Cancelled,Loss
ORD01486,2026-06-14,CUST0301,Electronics,Laptop,2.0,0.05,104500.0,15247.95,Card,Delivered,Profit
ORD01487,2026-07-13,CUST0599,Furniture,Office Chair,3.0,0.1,24300.0,4833.97,NetBanking,Delivered,Profit
ORD01488,2025-11-18,CUST0063,Furniture,Office Chair,3.0,0.2,21600.0,-9560.04,Card,Cancelled,Loss
ORD01489,2026-03-23,CUST0376,Electronics,Keyboard,1.0,0.1,2250.0,-792.37,UPI,Cancelled,Loss
ORD01490,2026-05-17,CUST0491,Office Supplies,Desk Organizer,1.0,0.0,900.0,280.0,NetBanking,Delivered,Profit
ORD01491,2026-08-22,CUST0126,Electronics,Laptop,4.0,0.0,220000.0,36000.0,Cash on Delivery,Shipped,Profit
ORD01492,2026-03-19,CUST0463,Office Supplies,Stapler,4.0,0.1,1260.0,399.88,Card,Delivered,Profit
ORD01493,2026-03-29,CUST0208,Electronics,Laptop,5.0,0.15,233750.0,-120992.04,UPI,Returned,Loss
ORD01494,2025-11-28,CUST0090,Office Supplies,Stapler,3.0,0.0,1050.0,360.0,Card,Delivered,Profit
ORD01495,2025-08-24,CUST0359,Furniture,Desk,1.0,0.05,14250.0,2968.51,UPI,Delivered,Profit
ORD01496,2026-02-05,CUST0415,Office Supplies,Printer,1.0,0.1,12600.0,1677.26,NetBanking,Delivered,Profit
ORD01497,2026-02-14,CUST0575,Furniture,Office Chair,6.0,0.2,43200.0,8863.34,NetBanking,Delivered,Profit
ORD01498,2026-06-15,CUST0493,Electronics,Headphones,1.0,0.1,4050.0,1133.83,NetBanking,Delivered,Profit
ORD01499,2026-01-23,CUST0591,Electronics,Headphones,1.0,0.05,4275.0,-1276.58,NetBanking,Cancelled,Loss
ORD01500,2026-02-25,CUST0442,Electronics,Laptop,1.0,0.2,44000.0,-161.61,NetBanking,Delivered,Loss
ORD01501,2026-02-09,CUST0073,Furniture,Desk,1.0,0.15,12750.0,-2908.66,Cash on Delivery,Returned,Loss
ORD01502,2026-08-30,CUST0307,Electronics,Laptop,1.0,0.05,52250.0,6757.66,UPI,Delivered,Profit
ORD01503,2026-01-30,CUST0540,Furniture,Desk,1.0,0.2,12000.0,2106.2,Card,Delivered,Profit
ORD01504,2025-12-31,CUST0594,Electronics,Headphones,3.0,0.1,12150.0,3664.53,UPI,Delivered,Profit
ORD01505,2026-01-01,CUST0158,Accessories,Webcam,4.0,0.1,15120.0,3690.59,Cash on Delivery,Delivered,Profit
ORD01506,2026-07-11,CUST0011,Furniture,Office Chair,4.0,0.05,34200.0,7844.69,UPI,Delivered,Profit
ORD01507,2026-06-01,CUST0025,Accessories,Webcam,3.0,0.0,12600.0,3600.0,Cash on Delivery,Delivered,Profit
ORD01508,2025-09-07,CUST0036,Electronics,Monitor,4.0,0.0,72000.0,14000.0,NetBanking,Delivered,Profit
ORD01509,2026-08-11,CUST0232,Furniture,Cabinet,2.0,0.1,23400.0,4715.64,Cash on Delivery,Delivered,Profit
ORD01510,2026-03-25,CUST0296,Office Supplies,Printer,3.0,0.05,39900.0,6962.82,NetBanking,Delivered,Profit
ORD01511,2026-05-30,CUST0106,Furniture,Cabinet,1.0,0.0,13000.0,3200.0,Card,Delivered,Profit
ORD01512,2026-03-27,CUST0222,Office Supplies,Printer,1.0,0.1,12600.0,2033.43,NetBanking,Delivered,Profit
ORD01513,2026-01-01,CUST0113,Electronics,Laptop,5.0,0.0,275000.0,45000.0,Cash on Delivery,Delivered,Profit
ORD01514,2025-07-25,CUST0046,Electronics,Monitor,5.0,0.1,81000.0,10920.01,NetBanking,Delivered,Profit
ORD01515,2025-11-09,CUST0557,Electronics,Monitor,1.0,0.0,18000.0,3500.0,Card,Delivered,Profit
ORD01516,2025-09-26,CUST0573,Electronics,Headphones,2.0,0.15,7650.0,2137.02,Card,Delivered,Profit
ORD01517,2026-04-18,CUST0206,Accessories,Usb Hub,1.0,0.1,1620.0,544.7,UPI,Delivered,Profit
ORD01518,2026-05-17,CUST0555,Electronics,Monitor,1.0,0.05,17100.0,3004.2,NetBanking,Delivered,Profit
ORD01519,2026-01-19,CUST0516,Furniture,Bookshelf,2.0,0.2,17600.0,2633.8,Card,Delivered,Profit
ORD01520,2026-02-11,CUST0158,Electronics,Monitor,3.0,0.0,54000.0,10500.0,Cash on Delivery,Delivered,Profit
ORD01521,2026-08-27,CUST0113,Furniture,Office Chair,2.0,0.15,15300.0,3340.93,NetBanking,Delivered,Profit
ORD01522,2026-04-02,CUST0213,Electronics,Keyboard,1.0,0.05,2375.0,713.76,UPI,Delivered,Profit
ORD01523,2026-08-07,CUST0073,Electronics,Headphones,1.0,0.15,3825.0,927.35,UPI,Delivered,Profit
ORD01524,2026-08-08,CUST0042,Electronics,Laptop,4.0,0.0,220000.0,36000.0,NetBanking,Delivered,Profit
ORD01525,2025-12-08,CUST0599,Furniture,Cabinet,6.0,0.15,66300.0,9427.5,Cash on Delivery,Delivered,Profit
ORD01526,2026-01-04,CUST0473,Electronics,Keyboard,3.0,0.05,7125.0,2128.43,NetBanking,Delivered,Profit
ORD01527,2025-09-12,CUST0368,Electronics,Laptop,10.0,0.1,495000.0,44354.5,Card,Delivered,Profit
ORD01528,2025-07-28,CUST0363,Electronics,Monitor,3.0,0.0,54000.0,10500.0,UPI,Delivered,Profit
ORD01529,2026-04-18,CUST0364,Electronics,Headphones,3.0,0.05,12825.0,4158.67,NetBanking,Delivered,Profit
ORD01530,2025-12-19,CUST0026,Accessories,Mouse,3.0,0.1,3780.0,1184.4,UPI,Delivered,Profit
ORD01531,2026-04-06,CUST0248,Electronics,Headphones,1.0,0.15,3825.0,1148.85,Card,Delivered,Profit
ORD01532,2025-12-25,CUST0200,Office Supplies,Desk Organizer,2.0,0.0,1800.0,560.0,Cash on Delivery,Delivered,Profit
ORD01533,2025-08-25,CUST0240,Accessories,Mouse,5.0,0.1,6300.0,-1358.7,NetBanking,Cancelled,Loss
ORD01534,2026-01-25,CUST0005,Office Supplies,Printer,3.0,0.0,42000.0,8400.0,Card,Delivered,Profit
ORD01535,2026-07-06,CUST0473,Office Supplies,Paper,3.0,0.15,1147.5,235.26,NetBanking,Delivered,Profit
ORD01536,2026-05-27,CUST0155,Electronics,Headphones,4.0,0.3,12600.0,3278.41,Cash on Delivery,Delivered,Profit
ORD01537,2025-08-12,CUST0225,Furniture,Bookshelf,3.0,0.05,31350.0,6773.71,NetBanking,Delivered,Profit
ORD01538,2025-08-11,CUST0190,Furniture,Bookshelf,10.0,0.05,104500.0,23376.45,Cash on Delivery,Delivered,Profit
ORD01539,2026-06-20,CUST0501,Office Supplies,Paper,2.0,0.05,855.0,-361.38,NetBanking,Cancelled,Loss
ORD01540,2026-01-27,CUST0240,Accessories,Usb Hub,5.0,0.05,8550.0,2890.01,Cash on Delivery,Delivered,Profit
ORD01541,2026-04-09,CUST0451,Accessories,Mouse,1.0,0.15,1190.0,399.29,Card,Delivered,Profit
ORD01542,2025-11-06,CUST0219,Electronics,Monitor,1.0,0.1,16200.0,2274.92,NetBanking,Delivered,Profit
ORD01543,2026-04-24,CUST0386,Electronics,Headphones,1.0,0.1,4050.0,1264.69,NetBanking,Delivered,Profit
ORD01544,2026-05-23,CUST0215,Electronics,Headphones,1.0,0.1,4050.0,1225.15,Cash on Delivery,Shipped,Profit
ORD01545,2026-08-03,CUST0295,Furniture,Office Chair,5.0,0.0,45000.0,11500.0,NetBanking,Delivered,Profit
ORD01546,2025-08-24,CUST0103,Office Supplies,Printer,2.0,0.1,25200.0,3358.97,Card,Delivered,Profit
ORD01547,2025-11-20,CUST0088,Office Supplies,Printer,2.0,0.2,22400.0,1990.48,NetBanking,Delivered,Profit
ORD01548,2025-07-29,CUST0347,Electronics,Monitor,3.0,0.1,48600.0,-18508.4,Cash on Delivery,Cancelled,Loss
ORD01549,2025-09-17,CUST0135,Furniture,Desk,1.0,0.15,12750.0,-3972.22,Card,Cancelled,Loss
ORD01550,2026-01-03,CUST0083,Office Supplies,Paper,1.0,0.15,382.5,58.3,Cash on Delivery,Delivered,Profit
ORD01551,2026-07-27,CUST0200,Furniture,Cabinet,5.0,0.05,61750.0,14345.13,NetBanking,Delivered,Profit
ORD01552,2025-07-07,CUST0148,Electronics,Headphones,6.0,0.15,22950.0,6899.55,UPI,Delivered,Profit
ORD01553,2026-04-03,CUST0522,Accessories,Webcam,3.0,0.15,10710.0,-6216.48,Card,Returned,Loss
ORD01554,2025-08-14,CUST0052,Furniture,Bookshelf,3.0,0.05,31350.0,6451.84,UPI,Delivered,Profit
ORD01555,2025-09-14,CUST0594,Office Supplies,Desk Organizer,4.0,0.1,3240.0,924.2,Cash on Delivery,Shipped,Profit
ORD01556,2025-10-06,CUST0125,Furniture,Bookshelf,3.0,0.1,29700.0,5859.65,NetBanking,Delivered,Profit
ORD01557,2025-10-29,CUST0203,Accessories,Webcam,6.0,0.1,22680.0,5909.57,UPI,Delivered,Profit
ORD01558,2026-03-31,CUST0333,Furniture,Cabinet,1.0,0.1,11700.0,-3752.1,NetBanking,Cancelled,Loss
ORD01559,2026-07-17,CUST0566,Accessories,Usb Hub,1.0,0.2,1440.0,448.73,Cash on Delivery,Delivered,Profit
ORD01560,2025-07-08,CUST0253,Office Supplies,Printer,2.0,0.2,22400.0,1916.8,Card,Shipped,Profit
ORD01561,2025-11-12,CUST0536,Electronics,Headphones,2.0,0.2,7200.0,1951.9,NetBanking,Delivered,Profit
ORD01562,2026-02-08,CUST0475,Electronics,Keyboard,1.0,0.1,2250.0,663.96,NetBanking,Delivered,Profit
ORD01563,2025-10-30,CUST0307,Furniture,Bookshelf,3.0,0.1,29700.0,6212.39,Card,Shipped,Profit
ORD01564,2025-09-19,CUST0235,Furniture,Bookshelf,4.0,0.05,41800.0,9147.13,Cash on Delivery,Delivered,Profit
ORD01565,2026-03-25,CUST0308,Furniture,Office Chair,2.0,0.0,18000.0,4600.0,NetBanking,Delivered,Profit
ORD01566,2026-03-09,CUST0469,Furniture,Desk,3.0,0.1,40500.0,7732.24,UPI,Shipped,Profit
ORD01567,2026-03-31,CUST0340,Accessories,Usb Hub,3.0,0.05,5130.0,1729.02,UPI,Shipped,Profit
ORD01568,2026-07-29,CUST0544,Electronics,Headphones,1.0,0.1,4050.0,1214.79,NetBanking,Delivered,Profit
ORD01569,2025-07-06,CUST0178,Furniture,Cabinet,3.0,0.05,37050.0,8495.45,UPI,Shipped,Profit
ORD01570,2026-04-15,CUST0053,Electronics,Monitor,1.0,0.15,15300.0,-6534.86,Cash on Delivery,Returned,Loss
ORD01571,2025-12-29,CUST0312,Accessories,Usb Hub,4.0,0.2,5760.0,1842.49,Cash on Delivery,Delivered,Profit
ORD01572,2025-10-03,CUST0289,Furniture,Office Chair,2.0,0.0,18000.0,-3078.64,NetBanking,Cancelled,Loss
ORD01573,2026-02-07,CUST0320,Furniture,Cabinet,2.0,0.0,26000.0,6400.0,Cash on Delivery,Delivered,Profit
ORD01574,2026-02-06,CUST0230,Electronics,Keyboard,2.0,0.1,4500.0,1265.43,NetBanking,Delivered,Profit
ORD01575,2025-09-18,CUST0016,Electronics,Keyboard,1.0,0.05,2375.0,703.07,UPI,Shipped,Profit
ORD01576,2026-08-11,CUST0337,Office Supplies,Paper,1.0,0.2,360.0,42.95,UPI,Delivered,Profit
ORD01577,2026-07-16,CUST0128,Furniture,Desk,2.0,0.05,28500.0,5997.92,Card,Delivered,Profit
ORD01578,2026-03-08,CUST0542,Office Supplies,Desk Organizer,2.0,0.1,1620.0,440.6,NetBanking,Shipped,Profit
ORD01579,2025-12-20,CUST0019,Office Supplies,Paper,3.0,0.3,945.0,-1.51,UPI,Delivered,Loss
ORD01580,2025-08-29,CUST0489,Furniture,Desk,10.0,0.1,135000.0,28233.78,Card,Delivered,Profit
ORD01581,2026-01-13,CUST0385,Office Supplies,Stapler,4.0,0.05,1330.0,428.23,Card,Delivered,Profit
ORD01582,2026-03-05,CUST0422,Accessories,Backpack,2.0,0.05,4180.0,1357.72,UPI,Shipped,Profit
ORD01583,2025-12-15,CUST0214,Accessories,Mouse,4.0,0.1,5040.0,1594.62,Card,Delivered,Profit
ORD01584,2025-09-04,CUST0405,Electronics,Headphones,2.0,0.2,7200.0,2170.92,Cash on Delivery,Delivered,Profit
ORD01585,2026-04-01,CUST0530,Electronics,Keyboard,4.0,0.0,10000.0,3200.0,Card,Delivered,Profit
ORD01586,2025-09-11,CUST0081,Electronics,Laptop,2.0,0.15,93500.0,-15211.7,Card,Cancelled,Loss
ORD01587,2025-10-27,CUST0338,Furniture,Desk,2.0,0.05,28500.0,6062.87,Cash on Delivery,Delivered,Profit
ORD01588,2025-07-30,CUST0349,Office Supplies,Desk Organizer,3.0,0.05,2565.0,744.7,Card,Delivered,Profit
ORD01589,2026-01-11,CUST0383,Furniture,Bookshelf,1.0,0.15,9350.0,1519.7,Cash on Delivery,Delivered,Profit
ORD01590,2026-06-10,CUST0225,Electronics,Headphones,4.0,0.1,16200.0,-5593.01,Card,Cancelled,Loss
ORD01591,2026-02-09,CUST0475,Electronics,Headphones,3.0,0.05,12825.0,-2855.38,NetBanking,Cancelled,Loss
ORD01592,2025-07-05,CUST0312,Accessories,Mouse,3.0,0.1,3780.0,1180.4,Cash on Delivery,Delivered,Profit
ORD01593,2025-11-01,CUST0077,Office Supplies,Stapler,5.0,0.15,1487.5,381.13,Cash on Delivery,Delivered,Profit
ORD01594,2025-08-20,CUST0434,Accessories,Webcam,2.0,0.1,7560.0,1865.61,NetBanking,Delivered,Profit
ORD01595,2025-07-07,CUST0539,Furniture,Bookshelf,5.0,0.0,55000.0,13000.0,Cash on Delivery,Delivered,Profit
ORD01596,2025-09-11,CUST0089,Office Supplies,Printer,5.0,0.05,66500.0,12106.42,NetBanking,Delivered,Profit
ORD01597,2026-06-11,CUST0095,Furniture,Cabinet,1.0,0.05,12350.0,2678.32,Cash on Delivery,Delivered,Profit
ORD01598,2025-08-30,CUST0515,Office Supplies,Printer,1.0,0.2,11200.0,624.42,Card,Delivered,Profit
ORD01599,2026-04-23,CUST0291,Electronics,Headphones,4.0,0.15,15300.0,-2774.41,Cash on Delivery,Cancelled,Loss
ORD01600,2025-07-10,CUST0283,Office Supplies,Stapler,10.0,0.1,3150.0,987.35,UPI,Delivered,Profit
ORD01602,2025-12-20,CUST0580,Furniture,Bookshelf,1.0,0.1,9900.0,1802.24,NetBanking,Delivered,Profit
ORD01603,2026-05-03,CUST0323,Accessories,Mouse,2.0,0.1,2520.0,825.93,Cash on Delivery,Delivered,Profit
ORD01604,2026-07-17,CUST0041,Accessories,Mouse,4.0,0.1,5040.0,1672.61,UPI,Delivered,Profit
ORD01605,2026-05-05,CUST0006,Accessories,Backpack,4.0,0.0,8800.0,3000.0,Card,Delivered,Profit
ORD01606,2025-08-08,CUST0326,Accessories,Webcam,5.0,0.05,19950.0,5313.88,Cash on Delivery,Shipped,Profit
ORD01607,2025-10-20,CUST0161,Accessories,Mouse,5.0,0.0,7000.0,2500.0,Cash on Delivery,Shipped,Profit
ORD01608,2026-06-11,CUST0542,Electronics,Keyboard,3.0,0.1,6750.0,1961.16,UPI,Delivered,Profit
ORD01609,2026-01-24,CUST0035,Electronics,Keyboard,3.0,0.05,7125.0,2228.74,NetBanking,Shipped,Profit
ORD01610,2026-04-08,CUST0310,Electronics,Laptop,2.0,0.0,110000.0,-28584.64,Cash on Delivery,Returned,Loss
ORD01611,2026-05-31,CUST0440,Office Supplies,Desk Organizer,5.0,0.05,4275.0,1247.35,UPI,Delivered,Profit
ORD01612,2025-08-01,CUST0375,Electronics,Keyboard,1.0,0.15,2125.0,529.35,NetBanking,Delivered,Profit
ORD01613,2026-07-08,CUST0047,Office Supplies,Stapler,1.0,0.05,332.5,109.52,Card,Delivered,Profit
ORD01614,2025-11-22,CUST0538,Furniture,Desk,2.0,0.15,25500.0,4348.99,NetBanking,Delivered,Profit
ORD01615,2026-01-19,CUST0076,Electronics,Headphones,4.0,0.05,17100.0,5369.81,Card,Shipped,Profit
ORD01616,2026-06-15,CUST0343,Furniture,Desk,1.0,0.15,12750.0,1834.63,Cash on Delivery,Shipped,Profit
ORD01617,2026-03-16,CUST0284,Office Supplies,Printer,2.0,0.0,28000.0,-2797.35,Cash on Delivery,Returned,Loss
ORD01618,2026-03-28,CUST0146,Accessories,Usb Hub,6.0,0.05,10260.0,3612.24,Card,Delivered,Profit
ORD01619,2025-08-24,CUST0374,Furniture,Bookshelf,1.0,0.05,10450.0,2255.14,NetBanking,Delivered,Profit
ORD01620,2026-01-09,CUST0565,Accessories,Webcam,4.0,0.15,14280.0,-1087.9,Cash on Delivery,Cancelled,Loss
ORD01621,2026-06-23,CUST0334,Furniture,Bookshelf,2.0,0.1,19800.0,3617.81,NetBanking,Delivered,Profit
ORD01622,2025-09-10,CUST0405,Office Supplies,Desk Organizer,1.0,0.1,810.0,232.1,Cash on Delivery,Delivered,Profit
ORD01623,2025-11-14,CUST0203,Furniture,Office Chair,1.0,0.2,7200.0,975.85,Card,Delivered,Profit
ORD01624,2026-07-13,CUST0438,Furniture,Bookshelf,1.0,0.1,9900.0,1776.47,Card,Delivered,Profit
ORD01625,2025-10-12,CUST0317,Electronics,Laptop,1.0,0.0,55000.0,9000.0,UPI,Delivered,Profit
ORD01626,2025-11-21,CUST0592,Office Supplies,Printer,3.0,0.3,29400.0,-1214.19,Cash on Delivery,Delivered,Loss
ORD01627,2026-06-07,CUST0176,Electronics,Monitor,2.0,0.0,36000.0,7000.0,UPI,Delivered,Profit
ORD01628,2025-08-30,CUST0077,Electronics,Headphones,4.0,0.0,18000.0,6000.0,NetBanking,Delivered,Profit
ORD01629,2025-11-29,CUST0452,Office Supplies,Desk Organizer,2.0,0.15,1530.0,377.12,UPI,Delivered,Profit
ORD01630,2026-04-03,CUST0452,Electronics,Keyboard,1.0,0.2,2000.0,559.49,NetBanking,Delivered,Profit
ORD01631,2026-08-17,CUST0302,Furniture,Bookshelf,2.0,0.05,20900.0,4478.67,UPI,Delivered,Profit
ORD01632,2025-11-06,CUST0200,Electronics,Headphones,2.0,0.15,7650.0,2014.52,NetBanking,Delivered,Profit
ORD01633,2026-08-25,CUST0378,Electronics,Keyboard,3.0,0.2,6000.0,1373.84,Card,Shipped,Profit
ORD01634,2026-04-07,CUST0504,Electronics,Monitor,1.0,0.0,18000.0,3500.0,Cash on Delivery,Delivered,Profit
ORD01635,2025-08-01,CUST0011,Electronics,Headphones,4.0,0.1,16200.0,-7051.91,UPI,Returned,Loss
ORD01636,2026-07-03,CUST0009,Accessories,Usb Hub,1.0,0.1,1620.0,549.51,Card,Shipped,Profit
ORD01637,2025-09-21,CUST0215,Furniture,Desk,5.0,0.1,67500.0,13496.59,Card,Delivered,Profit
ORD01638,2025-08-05,CUST0378,Furniture,Office Chair,1.0,0.2,7200.0,909.05,Card,Delivered,Profit
ORD01639,2026-02-05,CUST0334,Electronics,Monitor,1.0,0.05,17100.0,2958.21,NetBanking,Shipped,Profit
ORD01640,2026-01-13,CUST0567,Accessories,Webcam,3.0,0.15,10710.0,2002.44,UPI,Shipped,Profit
ORD01641,2026-02-10,CUST0130,Accessories,Backpack,2.0,0.05,4180.0,1363.06,Cash on Delivery,Delivered,Profit
ORD01642,2026-06-05,CUST0570,Office Supplies,Desk Organizer,1.0,0.1,810.0,-196.14,NetBanking,Returned,Loss
ORD01643,2026-07-31,CUST0090,Accessories,Mouse,6.0,0.15,7140.0,2103.5,UPI,Delivered,Profit
ORD01644,2026-02-27,CUST0599,Furniture,Bookshelf,2.0,0.2,17600.0,2013.89,Cash on Delivery,Delivered,Profit
ORD01645,2026-07-16,CUST0420,Accessories,Usb Hub,2.0,0.15,3060.0,893.04,Cash on Delivery,Delivered,Profit
ORD01646,2026-07-13,CUST0306,Office Supplies,Printer,2.0,0.1,25200.0,3850.24,NetBanking,Delivered,Profit
ORD01647,2026-03-11,CUST0485,Accessories,Mouse,1.0,0.1,1260.0,-464.49,NetBanking,Returned,Loss
ORD01648,2025-10-30,CUST0250,Office Supplies,Printer,4.0,0.0,56000.0,11200.0,Card,Delivered,Profit
ORD01649,2025-10-08,CUST0190,Furniture,Bookshelf,6.0,0.15,56100.0,9549.6,Card,Delivered,Profit
ORD01650,2026-03-15,CUST0207,Accessories,Backpack,2.0,0.1,3960.0,1217.43,Card,Delivered,Profit
ORD01651,2026-01-22,CUST0087,Office Supplies,Stapler,3.0,0.2,840.0,238.52,NetBanking,Delivered,Profit
ORD01652,2025-10-08,CUST0216,Electronics,Headphones,4.0,0.05,17100.0,5318.25,NetBanking,Shipped,Profit
ORD01653,2025-08-14,CUST0432,Office Supplies,Paper,3.0,0.0,1350.0,330.0,Card,Delivered,Profit
ORD01654,2025-11-12,CUST0542,Office Supplies,Printer,1.0,0.2,11200.0,1407.24,Cash on Delivery,Delivered,Profit
ORD01655,2026-08-26,CUST0526,Office Supplies,Stapler,6.0,0.0,2100.0,720.0,Card,Delivered,Profit
ORD01656,2026-04-03,CUST0289,Electronics,Monitor,3.0,0.0,54000.0,10500.0,NetBanking,Delivered,Profit
ORD01657,2026-05-25,CUST0332,Office Supplies,Stapler,2.0,0.0,700.0,41.37,Cash on Delivery,Returned,Profit
ORD01658,2026-04-26,CUST0457,Accessories,Webcam,3.0,0.1,11340.0,2584.3,Card,Delivered,Profit
ORD01659,2026-02-25,CUST0072,Furniture,Desk,1.0,0.1,13500.0,2645.78,NetBanking,Delivered,Profit
ORD01660,2026-07-02,CUST0195,Electronics,Laptop,4.0,0.2,176000.0,12191.07,Cash on Delivery,Shipped,Profit
ORD01661,2026-02-14,CUST0556,Electronics,Keyboard,2.0,0.15,4250.0,1100.7,UPI,Delivered,Profit
ORD01662,2026-02-19,CUST0104,Accessories,Mouse,6.0,0.0,8400.0,3000.0,Card,Delivered,Profit
ORD01663,2025-12-07,CUST0192,Furniture,Office Chair,4.0,0.0,36000.0,9200.0,Card,Delivered,Profit
ORD01664,2025-12-23,CUST0099,Accessories,Mouse,6.0,0.1,7560.0,-2689.22,Card,Cancelled,Loss
ORD01665,2025-09-22,CUST0018,Furniture,Desk,2.0,0.0,30000.0,7000.0,Cash on Delivery,Delivered,Profit
ORD01666,2026-02-06,CUST0166,Furniture,Cabinet,1.0,0.1,11700.0,2553.61,Card,Delivered,Profit
ORD01667,2026-03-25,CUST0160,Electronics,Keyboard,5.0,0.05,11875.0,3581.99,Cash on Delivery,Delivered,Profit
ORD01668,2025-11-11,CUST0447,Electronics,Monitor,1.0,0.1,16200.0,2398.68,NetBanking,Delivered,Profit
ORD01669,2026-05-06,CUST0136,Electronics,Laptop,3.0,0.05,156750.0,-48839.95,Card,Returned,Loss
ORD01670,2026-03-30,CUST0040,Electronics,Laptop,2.0,0.1,99000.0,9704.76,Card,Delivered,Profit
ORD01671,2026-03-20,CUST0020,Accessories,Webcam,2.0,0.05,7980.0,-3290.54,NetBanking,Returned,Loss
ORD01672,2026-02-07,CUST0057,Accessories,Mouse,2.0,0.15,2380.0,675.55,NetBanking,Delivered,Profit
ORD01673,2025-08-11,CUST0383,Office Supplies,Desk Organizer,4.0,0.0,3600.0,-1242.62,NetBanking,Cancelled,Loss
ORD01674,2026-08-13,CUST0586,Furniture,Cabinet,2.0,0.1,23400.0,4329.48,Card,Delivered,Profit
ORD01675,2026-07-04,CUST0455,Office Supplies,Desk Organizer,3.0,0.05,2565.0,726.26,Card,Delivered,Profit
ORD01676,2026-08-11,CUST0145,Electronics,Monitor,2.0,0.2,28800.0,2919.75,UPI,Delivered,Profit
ORD01677,2026-02-14,CUST0369,Furniture,Bookshelf,1.0,0.1,9900.0,1708.82,Card,Delivered,Profit
ORD01678,2025-07-21,CUST0463,Office Supplies,Paper,2.0,0.2,720.0,120.92,NetBanking,Delivered,Profit
ORD01679,2026-07-27,CUST0182,Office Supplies,Paper,1.0,0.0,450.0,-54.66,Card,Cancelled,Loss
ORD01680,2026-04-06,CUST0061,Accessories,Mouse,1.0,0.0,1400.0,500.0,Card,Delivered,Profit
ORD01681,2025-08-10,CUST0021,Furniture,Office Chair,4.0,0.0,36000.0,9200.0,Cash on Delivery,Shipped,Profit
ORD01682,2025-08-21,CUST0483,Office Supplies,Desk Organizer,3.0,0.0,2700.0,840.0,Card,Delivered,Profit
ORD01683,2025-08-24,CUST0219,Furniture,Desk,2.0,0.15,25500.0,3556.4,UPI,Delivered,Profit
ORD01684,2025-10-09,CUST0560,Office Supplies,Printer,2.0,0.15,23800.0,2458.05,NetBanking,Delivered,Profit
ORD01685,2025-08-14,CUST0083,Office Supplies,Printer,1.0,0.15,11900.0,1187.68,Card,Delivered,Profit
ORD01686,2025-12-10,CUST0568,Furniture,Desk,2.0,0.0,30000.0,7000.0,Cash on Delivery,Delivered,Profit
ORD01687,2025-07-20,CUST0168,Electronics,Laptop,4.0,0.1,198000.0,24175.88,Cash on Delivery,Delivered,Profit
ORD01688,2026-03-21,CUST0574,Furniture,Desk,1.0,0.15,12750.0,-1996.97,NetBanking,Returned,Loss
ORD01689,2026-07-20,CUST0411,Electronics,Laptop,5.0,0.15,233750.0,24550.03,UPI,Delivered,Profit
ORD01690,2025-12-08,CUST0161,Office Supplies,Stapler,6.0,0.0,2100.0,720.0,UPI,Delivered,Profit
ORD01691,2026-07-04,CUST0416,Furniture,Office Chair,6.0,0.0,54000.0,-13543.59,NetBanking,Cancelled,Loss
ORD01692,2025-07-09,CUST0423,Furniture,Cabinet,1.0,0.1,11700.0,2515.73,UPI,Delivered,Profit
ORD01693,2026-05-11,CUST0157,Accessories,Usb Hub,1.0,0.1,1620.0,-682.89,Card,Cancelled,Loss
ORD01694,2025-10-21,CUST0160,Electronics,Headphones,1.0,0.0,4500.0,-1730.05,Card,Returned,Loss
ORD01695,2026-07-12,CUST0470,Electronics,Keyboard,2.0,0.1,4500.0,1212.27,Cash on Delivery,Delivered,Profit
ORD01696,2026-08-29,CUST0292,Furniture,Office Chair,2.0,0.05,17100.0,-4716.91,Cash on Delivery,Cancelled,Loss
ORD01697,2025-12-16,CUST0274,Office Supplies,Stapler,3.0,0.1,945.0,36.0,NetBanking,Cancelled,Profit
ORD01698,2025-08-16,CUST0375,Electronics,Keyboard,2.0,0.0,5000.0,-520.44,Cash on Delivery,Cancelled,Loss
ORD01699,2025-09-15,CUST0274,Office Supplies,Stapler,2.0,0.05,665.0,218.49,NetBanking,Delivered,Profit
ORD01700,2025-07-01,CUST0581,Office Supplies,Desk Organizer,5.0,0.0,4500.0,1400.0,Cash on Delivery,Delivered,Profit
ORD01701,2026-05-20,CUST0395,Furniture,Office Chair,2.0,0.05,17100.0,-2921.72,Cash on Delivery,Returned,Loss
ORD01702,2025-11-03,CUST0578,Accessories,Webcam,3.0,0.1,11340.0,2640.33,Cash on Delivery,Delivered,Profit
ORD01703,2026-03-02,CUST0426,Office Supplies,Stapler,2.0,0.1,630.0,201.81,Cash on Delivery,Shipped,Profit
ORD01704,2025-10-03,CUST0064,Electronics,Laptop,3.0,0.1,148500.0,14449.83,Card,Shipped,Profit
ORD01705,2025-08-18,CUST0557,Office Supplies,Paper,1.0,0.1,405.0,87.22,Card,Delivered,Profit
ORD01706,2026-05-29,CUST0178,Office Supplies,Desk Organizer,3.0,0.1,2430.0,688.2,Card,Delivered,Profit
ORD01707,2026-08-24,CUST0277,Accessories,Usb Hub,5.0,0.05,8550.0,751.99,UPI,Cancelled,Profit
ORD01708,2025-08-07,CUST0532,Electronics,Monitor,2.0,0.0,36000.0,7000.0,NetBanking,Delivered,Profit
ORD01709,2026-05-02,CUST0002,Accessories,Mouse,5.0,0.15,5950.0,1695.18,Card,Delivered,Profit
ORD01710,2025-09-17,CUST0372,Electronics,Headphones,1.0,0.15,3825.0,1095.63,NetBanking,Delivered,Profit
ORD01711,2025-10-03,CUST0256,Electronics,Keyboard,3.0,0.0,7500.0,2400.0,UPI,Shipped,Profit
ORD01712,2025-12-31,CUST0395,Electronics,Laptop,3.0,0.05,156750.0,21075.31,NetBanking,Delivered,Profit
ORD01713,2026-02-27,CUST0165,Office Supplies,Stapler,10.0,0.15,2975.0,832.29,NetBanking,Delivered,Profit
ORD01714,2026-08-27,CUST0119,Electronics,Monitor,2.0,0.2,28800.0,3304.24,Cash on Delivery,Delivered,Profit
ORD01715,2026-01-10,CUST0510,Furniture,Cabinet,2.0,0.15,22100.0,-7677.06,Card,Cancelled,Loss
ORD01716,2025-09-07,CUST0522,Accessories,Usb Hub,5.0,0.1,8100.0,2766.69,UPI,Delivered,Profit
ORD01717,2026-03-09,CUST0527,Accessories,Usb Hub,4.0,0.1,6480.0,-1915.43,Card,Cancelled,Loss
ORD01718,2026-03-17,CUST0358,Accessories,Backpack,1.0,0.05,2090.0,689.42,NetBanking,Delivered,Profit
ORD01719,2025-07-25,CUST0365,Electronics,Laptop,2.0,0.1,99000.0,9970.96,Card,Delivered,Profit
ORD01720,2026-06-10,CUST0297,Electronics,Keyboard,5.0,0.0,12500.0,4000.0,Cash on Delivery,Delivered,Profit
ORD01721,2026-08-02,CUST0540,Furniture,Desk,2.0,0.05,28500.0,5772.39,UPI,Delivered,Profit
ORD01722,2025-07-07,CUST0349,Electronics,Keyboard,1.0,0.0,2500.0,800.0,Card,Delivered,Profit
ORD01723,2025-12-25,CUST0497,Office Supplies,Paper,2.0,0.1,810.0,156.19,Card,Delivered,Profit
ORD01724,2026-04-08,CUST0341,Office Supplies,Stapler,2.0,0.05,665.0,210.79,UPI,Delivered,Profit
ORD01725,2025-11-05,CUST0521,Office Supplies,Desk Organizer,3.0,0.0,2700.0,840.0,UPI,Shipped,Profit
ORD01726,2026-06-14,CUST0316,Office Supplies,Stapler,3.0,0.15,892.5,232.76,Cash on Delivery,Delivered,Profit
ORD01727,2026-02-19,CUST0489,Electronics,Keyboard,1.0,0.1,2250.0,607.93,Card,Delivered,Profit
ORD01728,2025-09-01,CUST0303,Office Supplies,Printer,3.0,0.0,42000.0,-10935.98,NetBanking,Cancelled,Loss
ORD01729,2026-03-05,CUST0427,Furniture,Office Chair,1.0,0.05,8550.0,1995.33,NetBanking,Delivered,Profit
ORD01730,2025-12-17,CUST0468,Office Supplies,Stapler,5.0,0.0,1750.0,600.0,Card,Delivered,Profit
ORD01731,2026-08-19,CUST0319,Electronics,Headphones,4.0,0.15,15300.0,-3947.18,UPI,Returned,Loss
ORD01732,2026-08-04,CUST0508,Office Supplies,Stapler,4.0,0.0,1400.0,480.0,Card,Shipped,Profit
ORD01733,2026-01-29,CUST0510,Electronics,Headphones,3.0,0.0,13500.0,4500.0,UPI,Shipped,Profit
ORD01734,2026-06-24,CUST0029,Furniture,Cabinet,15.0,0.0,195000.0,48000.0,NetBanking,Delivered,Profit
ORD01735,2025-08-26,CUST0158,Furniture,Cabinet,2.0,0.1,23400.0,4271.54,Card,Delivered,Profit
ORD01736,2025-08-14,CUST0341,Accessories,Usb Hub,1.0,0.0,1800.0,650.0,UPI,Delivered,Profit
ORD01737,2026-01-22,CUST0530,Office Supplies,Paper,1.0,0.05,427.5,91.75,NetBanking,Delivered,Profit
ORD01738,2026-01-27,CUST0148,Furniture,Bookshelf,2.0,0.15,18700.0,3123.04,Cash on Delivery,Delivered,Profit
ORD01739,2026-05-13,CUST0453,Furniture,Office Chair,2.0,0.0,18000.0,-4660.17,UPI,Cancelled,Loss
ORD01740,2025-07-07,CUST0503,Office Supplies,Desk Organizer,1.0,0.0,900.0,280.0,UPI,Shipped,Profit
ORD01741,2026-08-18,CUST0521,Accessories,Usb Hub,2.0,0.2,2880.0,-1285.31,UPI,Returned,Loss
ORD01742,2026-05-10,CUST0533,Office Supplies,Paper,1.0,0.3,315.0,27.98,UPI,Delivered,Profit
ORD01743,2026-07-31,CUST0179,Office Supplies,Printer,4.0,0.1,50400.0,6766.0,Card,Delivered,Profit
ORD01744,2025-10-10,CUST0198,Electronics,Monitor,2.0,0.0,36000.0,7000.0,UPI,Delivered,Profit
ORD01745,2026-04-02,CUST0382,Furniture,Office Chair,5.0,0.0,45000.0,-12183.01,NetBanking,Cancelled,Loss
ORD01746,2026-07-18,CUST0458,Electronics,Keyboard,6.0,0.0,15000.0,-2383.02,Card,Returned,Loss
ORD01747,2025-07-13,CUST0068,Office Supplies,Paper,4.0,0.0,1800.0,440.0,Card,Delivered,Profit
ORD01748,2026-03-18,CUST0292,Office Supplies,Desk Organizer,2.0,0.15,1530.0,-390.88,NetBanking,Returned,Loss
ORD01749,2025-07-16,CUST0287,Accessories,Backpack,2.0,0.0,4400.0,1500.0,UPI,Delivered,Profit
ORD01750,2026-07-15,CUST0590,Electronics,Keyboard,1.0,0.1,2250.0,638.03,Card,Delivered,Profit
ORD01751,2026-06-12,CUST0062,Furniture,Desk,1.0,0.1,13500.0,2378.92,Cash on Delivery,Delivered,Profit
ORD01752,2026-03-04,CUST0259,Electronics,Headphones,2.0,0.0,9000.0,3000.0,Card,Delivered,Profit
ORD01753,2026-04-26,CUST0343,Furniture,Office Chair,3.0,0.1,24300.0,5382.03,Card,Delivered,Profit
ORD01754,2026-01-22,CUST0437,Office Supplies,Stapler,2.0,0.05,665.0,223.43,Cash on Delivery,Delivered,Profit
ORD01755,2026-07-09,CUST0527,Accessories,Usb Hub,4.0,0.1,6480.0,2167.4,Card,Delivered,Profit
ORD01756,2025-09-06,CUST0284,Accessories,Webcam,1.0,0.05,3990.0,1034.55,NetBanking,Delivered,Profit
ORD01757,2025-09-16,CUST0172,Electronics,Keyboard,4.0,0.0,10000.0,3200.0,NetBanking,Delivered,Profit
ORD01758,2026-07-07,CUST0131,Electronics,Laptop,1.0,0.2,44000.0,2222.02,UPI,Delivered,Profit
ORD01759,2026-06-22,CUST0340,Electronics,Headphones,2.0,0.0,9000.0,3000.0,UPI,Delivered,Profit
ORD01760,2026-04-28,CUST0049,Office Supplies,Paper,2.0,0.2,720.0,67.79,NetBanking,Delivered,Profit
ORD01761,2026-08-03,CUST0447,Furniture,Bookshelf,1.0,0.2,8800.0,1436.68,NetBanking,Shipped,Profit
ORD01762,2026-08-27,CUST0431,Furniture,Cabinet,5.0,0.15,55250.0,-3223.81,NetBanking,Returned,Loss
ORD01763,2026-08-12,CUST0384,Electronics,Laptop,2.0,0.15,93500.0,7070.31,NetBanking,Delivered,Profit
ORD01764,2026-07-23,CUST0031,Office Supplies,Paper,1.0,0.05,427.5,96.69,Cash on Delivery,Delivered,Profit
ORD01765,2025-10-13,CUST0080,Furniture,Desk,2.0,0.05,28500.0,6237.76,Cash on Delivery,Shipped,Profit
ORD01766,2025-07-19,CUST0284,Office Supplies,Stapler,2.0,0.0,700.0,240.0,Cash on Delivery,Delivered,Profit
ORD01767,2026-01-22,CUST0122,Furniture,Office Chair,5.0,0.15,38250.0,7387.41,UPI,Shipped,Profit
ORD01768,2025-10-07,CUST0246,Furniture,Cabinet,3.0,0.15,33150.0,5563.18,Cash on Delivery,Delivered,Profit
ORD01769,2026-02-14,CUST0225,Office Supplies,Stapler,4.0,0.1,1260.0,386.67,NetBanking,Delivered,Profit
ORD01770,2025-12-25,CUST0522,Furniture,Desk,4.0,0.0,60000.0,14000.0,UPI,Delivered,Profit
ORD01771,2026-01-03,CUST0503,Electronics,Headphones,4.0,0.0,18000.0,6000.0,UPI,Delivered,Profit
ORD01772,2026-06-17,CUST0252,Electronics,Laptop,4.0,0.3,154000.0,-12879.74,UPI,Delivered,Loss
ORD01773,2025-10-07,CUST0300,Electronics,Monitor,4.0,0.2,57600.0,3824.91,Cash on Delivery,Delivered,Profit
ORD01774,2025-07-16,CUST0017,Electronics,Headphones,2.0,0.0,9000.0,380.0,Cash on Delivery,Returned,Profit
ORD01775,2025-09-14,CUST0259,Electronics,Keyboard,3.0,0.1,6750.0,1999.76,UPI,Delivered,Profit
ORD01776,2026-05-26,CUST0178,Office Supplies,Paper,1.0,0.0,450.0,110.0,NetBanking,Delivered,Profit
ORD01777,2026-08-18,CUST0265,Furniture,Bookshelf,2.0,0.2,17600.0,-6251.09,UPI,Returned,Loss
ORD01778,2026-04-09,CUST0373,Accessories,Webcam,1.0,0.05,3990.0,1078.51,Card,Delivered,Profit
ORD01779,2026-03-28,CUST0343,Electronics,Monitor,5.0,0.0,90000.0,17500.0,Card,Delivered,Profit
ORD01780,2026-08-29,CUST0137,Accessories,Mouse,1.0,0.0,1400.0,500.0,Card,Delivered,Profit
ORD01781,2026-04-09,CUST0229,Accessories,Mouse,2.0,0.0,2800.0,1000.0,NetBanking,Shipped,Profit
ORD01782,2026-07-04,CUST0516,Furniture,Desk,2.0,0.05,28500.0,5949.55,NetBanking,Delivered,Profit
ORD01783,2025-07-21,CUST0311,Accessories,Webcam,2.0,0.0,8400.0,2400.0,NetBanking,Delivered,Profit
ORD01784,2026-02-22,CUST0596,Office Supplies,Stapler,3.0,0.0,1050.0,360.0,Card,Delivered,Profit
ORD01785,2026-01-18,CUST0340,Electronics,Monitor,2.0,0.2,28800.0,2967.22,NetBanking,Delivered,Profit
ORD01786,2025-10-25,CUST0322,Electronics,Monitor,1.0,0.05,17100.0,2883.2,UPI,Delivered,Profit
ORD01787,2025-09-10,CUST0304,Office Supplies,Desk Organizer,2.0,0.0,1800.0,560.0,Card,Delivered,Profit
ORD01788,2025-11-01,CUST0104,Electronics,Headphones,4.0,0.2,14400.0,-5556.57,NetBanking,Returned,Loss
ORD01789,2026-06-25,CUST0383,Furniture,Desk,5.0,0.0,75000.0,17500.0,NetBanking,Delivered,Profit
ORD01790,2026-08-22,CUST0513,Furniture,Bookshelf,3.0,0.05,31350.0,6978.28,Cash on Delivery,Delivered,Profit
ORD01791,2026-01-10,CUST0230,Office Supplies,Paper,6.0,0.05,2565.0,599.23,UPI,Shipped,Profit
ORD01792,2026-03-17,CUST0171,Electronics,Keyboard,4.0,0.1,9000.0,2730.04,Cash on Delivery,Delivered,Profit
ORD01793,2026-07-02,CUST0280,Furniture,Office Chair,2.0,0.0,18000.0,4600.0,UPI,Delivered,Profit
ORD01794,2026-01-25,CUST0553,Electronics,Monitor,3.0,0.1,48600.0,7048.33,UPI,Delivered,Profit
ORD01795,2025-10-05,CUST0426,Electronics,Keyboard,1.0,0.0,2500.0,800.0,Card,Delivered,Profit
ORD01796,2025-10-19,CUST0351,Office Supplies,Desk Organizer,1.0,0.0,900.0,280.0,Card,Delivered,Profit
ORD01797,2025-10-06,CUST0422,Electronics,Monitor,2.0,0.05,34200.0,5910.25,Card,Delivered,Profit
ORD01798,2026-02-23,CUST0323,Office Supplies,Stapler,3.0,0.1,945.0,304.39,Card,Delivered,Profit
ORD01799,2025-10-21,CUST0018,Electronics,Laptop,2.0,0.0,110000.0,18000.0,Cash on Delivery,Delivered,Profit
ORD01800,2026-08-28,CUST0428,Furniture,Bookshelf,1.0,0.1,9900.0,-3883.28,Card,Returned,Loss
ORD01801,2026-03-25,CUST0386,Accessories,Backpack,6.0,0.0,13200.0,4500.0,Cash on Delivery,Delivered,Profit
ORD01802,2026-07-06,CUST0190,Electronics,Keyboard,4.0,0.1,9000.0,-2194.59,NetBanking,Cancelled,Loss
ORD01803,2026-04-19,CUST0457,Furniture,Bookshelf,5.0,0.0,55000.0,13000.0,UPI,Shipped,Profit
ORD01804,2026-08-19,CUST0047,Office Supplies,Stapler,10.0,0.0,3500.0,1200.0,Cash on Delivery,Delivered,Profit
ORD01805,2025-08-12,CUST0576,Electronics,Keyboard,15.0,0.1,33750.0,10150.93,Card,Delivered,Profit
ORD01806,2026-08-23,CUST0020,Electronics,Laptop,1.0,0.1,49500.0,4922.5,Card,Delivered,Profit
ORD01807,2025-08-04,CUST0206,Electronics,Laptop,1.0,0.1,49500.0,5202.2,Cash on Delivery,Delivered,Profit
ORD01808,2026-05-29,CUST0256,Accessories,Mouse,1.0,0.05,1330.0,457.75,NetBanking,Delivered,Profit
ORD01809,2025-10-31,CUST0259,Electronics,Keyboard,4.0,0.0,10000.0,3200.0,NetBanking,Delivered,Profit
ORD01810,2025-10-06,CUST0299,Furniture,Bookshelf,3.0,0.05,31350.0,6919.87,Cash on Delivery,Delivered,Profit
ORD01811,2026-07-24,CUST0443,Furniture,Cabinet,2.0,0.2,20800.0,-4017.66,UPI,Returned,Loss
ORD01812,2025-07-11,CUST0082,Accessories,Usb Hub,1.0,0.2,1440.0,469.13,Card,Shipped,Profit
ORD01813,2025-11-18,CUST0590,Electronics,Monitor,3.0,0.2,43200.0,5158.59,Card,Delivered,Profit
ORD01814,2025-09-24,CUST0170,Accessories,Backpack,2.0,0.05,4180.0,1355.13,Cash on Delivery,Shipped,Profit
ORD01815,2026-08-21,CUST0376,Accessories,Webcam,3.0,0.1,11340.0,2681.87,NetBanking,Delivered,Profit
ORD01816,2026-08-11,CUST0323,Accessories,Webcam,2.0,0.15,7140.0,1611.45,Cash on Delivery,Delivered,Profit
ORD01817,2026-06-15,CUST0185,Electronics,Monitor,2.0,0.15,30600.0,-4881.94,NetBanking,Returned,Loss
ORD01818,2025-08-13,CUST0364,Office Supplies,Paper,4.0,0.0,1800.0,440.0,Cash on Delivery,Delivered,Profit
ORD01819,2026-06-04,CUST0516,Electronics,Laptop,4.0,0.1,198000.0,24370.8,NetBanking,Delivered,Profit
ORD01820,2025-11-29,CUST0395,Furniture,Bookshelf,3.0,0.1,29700.0,5123.01,UPI,Shipped,Profit
ORD01821,2025-10-31,CUST0422,Accessories,Webcam,4.0,0.0,16800.0,4800.0,Card,Delivered,Profit
ORD01822,2026-06-07,CUST0529,Electronics,Keyboard,5.0,0.1,11250.0,3406.24,Cash on Delivery,Delivered,Profit
ORD01823,2025-07-05,CUST0393,Electronics,Laptop,3.0,0.15,140250.0,9961.35,NetBanking,Delivered,Profit
ORD01824,2025-09-04,CUST0113,Electronics,Monitor,1.0,0.0,18000.0,3500.0,Card,Delivered,Profit
ORD01825,2025-11-06,CUST0537,Office Supplies,Paper,6.0,0.1,2430.0,520.41,NetBanking,Delivered,Profit
ORD01826,2026-02-09,CUST0056,Furniture,Desk,1.0,0.1,13500.0,2493.07,Card,Shipped,Profit
ORD01827,2025-08-05,CUST0567,Electronics,Laptop,6.0,0.2,264000.0,17128.93,UPI,Delivered,Profit
ORD01828,2026-08-04,CUST0211,Office Supplies,Paper,1.0,0.1,405.0,76.53,Card,Delivered,Profit
ORD01829,2026-01-10,CUST0321,Accessories,Backpack,2.0,0.1,3960.0,1301.99,Card,Delivered,Profit
ORD01830,2025-12-27,CUST0276,Accessories,Usb Hub,3.0,0.1,4860.0,1550.87,Cash on Delivery,Delivered,Profit
ORD01831,2025-07-12,CUST0516,Electronics,Keyboard,4.0,0.0,10000.0,3200.0,Cash on Delivery,Delivered,Profit
ORD01832,2026-01-22,CUST0389,Electronics,Laptop,3.0,0.15,140250.0,13083.3,UPI,Delivered,Profit
ORD01833,2026-01-18,CUST0600,Office Supplies,Paper,1.0,0.1,405.0,83.58,UPI,Delivered,Profit
ORD01834,2026-06-02,CUST0239,Office Supplies,Stapler,5.0,0.1,1575.0,461.71,Cash on Delivery,Delivered,Profit
ORD01835,2026-03-11,CUST0457,Office Supplies,Desk Organizer,2.0,0.1,1620.0,428.37,NetBanking,Delivered,Profit
ORD01836,2026-08-28,CUST0209,Accessories,Backpack,4.0,0.0,8800.0,3000.0,Cash on Delivery,Delivered,Profit
ORD01837,2025-12-04,CUST0543,Accessories,Backpack,1.0,0.1,1980.0,638.05,UPI,Delivered,Profit
ORD01838,2026-07-27,CUST0347,Electronics,Headphones,2.0,0.1,8100.0,2304.25,Card,Delivered,Profit
ORD01839,2026-02-28,CUST0325,Electronics,Headphones,3.0,0.0,13500.0,4500.0,Card,Delivered,Profit
ORD01840,2026-07-24,CUST0266,Office Supplies,Desk Organizer,2.0,0.0,1800.0,560.0,NetBanking,Shipped,Profit
ORD01841,2026-05-18,CUST0044,Electronics,Monitor,3.0,0.05,51300.0,-10616.95,Card,Cancelled,Loss
ORD01842,2025-12-29,CUST0209,Office Supplies,Stapler,4.0,0.1,1260.0,371.04,Card,Delivered,Profit
ORD01843,2026-01-25,CUST0314,Office Supplies,Stapler,3.0,0.2,840.0,-18.7,Card,Cancelled,Loss
ORD01844,2026-07-12,CUST0431,Electronics,Headphones,3.0,0.15,11475.0,2836.16,UPI,Delivered,Profit
ORD01845,2025-09-26,CUST0509,Accessories,Usb Hub,3.0,0.1,4860.0,1692.68,UPI,Delivered,Profit
ORD01846,2025-10-24,CUST0008,Accessories,Mouse,1.0,0.0,1400.0,500.0,UPI,Delivered,Profit
ORD01847,2025-11-21,CUST0563,Office Supplies,Stapler,2.0,0.0,700.0,240.0,Cash on Delivery,Delivered,Profit
ORD01848,2026-04-19,CUST0292,Accessories,Backpack,4.0,0.15,7480.0,2080.79,Cash on Delivery,Delivered,Profit
ORD01849,2026-06-30,CUST0273,Office Supplies,Printer,5.0,0.05,66500.0,11599.88,UPI,Delivered,Profit
ORD01850,2025-10-19,CUST0201,Electronics,Laptop,1.0,0.15,46750.0,3837.71,UPI,Shipped,Profit
ORD01851,2026-03-04,CUST0108,Furniture,Desk,1.0,0.15,12750.0,1969.14,Cash on Delivery,Delivered,Profit
ORD01852,2026-02-07,CUST0315,Accessories,Mouse,2.0,0.1,2520.0,813.11,Card,Shipped,Profit
ORD01853,2025-08-18,CUST0152,Furniture,Office Chair,4.0,0.1,32400.0,6227.68,Cash on Delivery,Delivered,Profit
ORD01854,2026-04-16,CUST0553,Electronics,Laptop,2.0,0.2,88000.0,730.7,Cash on Delivery,Shipped,Profit
ORD01855,2026-02-09,CUST0465,Furniture,Desk,1.0,0.15,12750.0,2371.92,NetBanking,Delivered,Profit
ORD01856,2026-02-16,CUST0537,Furniture,Desk,3.0,0.0,45000.0,10500.0,Cash on Delivery,Delivered,Profit
ORD01857,2026-03-11,CUST0157,Furniture,Desk,2.0,0.0,30000.0,7000.0,NetBanking,Delivered,Profit
ORD01858,2026-01-10,CUST0570,Electronics,Laptop,2.0,0.1,99000.0,8966.5,Card,Shipped,Profit
ORD01859,2026-07-12,CUST0340,Electronics,Headphones,3.0,0.0,13500.0,4500.0,UPI,Shipped,Profit
ORD01860,2025-10-09,CUST0038,Electronics,Keyboard,10.0,0.0,25000.0,8000.0,Cash on Delivery,Delivered,Profit
ORD01861,2025-08-15,CUST0292,Furniture,Office Chair,3.0,0.15,22950.0,-6713.04,Card,Cancelled,Loss
ORD01862,2025-12-16,CUST0298,Furniture,Bookshelf,5.0,0.1,49500.0,10408.62,Card,Shipped,Profit
ORD01863,2026-06-30,CUST0073,Electronics,Monitor,1.0,0.1,16200.0,2162.5,NetBanking,Delivered,Profit
ORD01864,2026-05-03,CUST0111,Accessories,Webcam,3.0,0.0,12600.0,3600.0,NetBanking,Delivered,Profit
ORD01865,2026-06-19,CUST0402,Electronics,Monitor,6.0,0.1,97200.0,14643.84,Cash on Delivery,Delivered,Profit
ORD01866,2025-10-23,CUST0129,Furniture,Desk,2.0,0.1,27000.0,5096.24,NetBanking,Shipped,Profit
ORD01867,2026-03-02,CUST0401,Electronics,Laptop,2.0,0.2,88000.0,-411.49,UPI,Delivered,Loss
ORD01868,2026-05-07,CUST0375,Furniture,Cabinet,10.0,0.2,104000.0,17571.79,UPI,Delivered,Profit
ORD01869,2025-08-28,CUST0206,Office Supplies,Printer,2.0,0.15,23800.0,2380.34,Card,Delivered,Profit
ORD01870,2026-02-05,CUST0411,Office Supplies,Printer,4.0,0.05,53200.0,9678.94,Cash on Delivery,Delivered,Profit
ORD01871,2026-04-26,CUST0455,Office Supplies,Paper,2.0,0.15,765.0,147.98,NetBanking,Shipped,Profit
ORD01872,2026-04-20,CUST0245,Office Supplies,Printer,4.0,0.2,44800.0,4115.81,Card,Delivered,Profit
ORD01873,2025-07-18,CUST0281,Accessories,Mouse,1.0,0.3,980.0,238.07,Cash on Delivery,Delivered,Profit
ORD01874,2026-04-28,CUST0572,Office Supplies,Paper,1.0,0.15,382.5,54.88,Cash on Delivery,Delivered,Profit
ORD01875,2026-01-06,CUST0195,Electronics,Headphones,1.0,0.05,4275.0,1398.12,UPI,Delivered,Profit
ORD01876,2026-06-16,CUST0181,Office Supplies,Paper,3.0,0.05,1282.5,275.85,UPI,Shipped,Profit
ORD01877,2025-12-12,CUST0215,Office Supplies,Printer,6.0,0.0,84000.0,16800.0,UPI,Shipped,Profit
ORD01878,2026-02-17,CUST0506,Accessories,Usb Hub,3.0,0.1,4860.0,1556.65,Card,Delivered,Profit
ORD01879,2026-03-03,CUST0495,Office Supplies,Desk Organizer,2.0,0.05,1710.0,489.04,UPI,Delivered,Profit
ORD01880,2026-04-16,CUST0374,Furniture,Office Chair,2.0,0.15,15300.0,3123.05,NetBanking,Delivered,Profit
ORD01881,2026-03-12,CUST0269,Office Supplies,Desk Organizer,5.0,0.15,3825.0,-639.22,UPI,Cancelled,Loss
ORD01882,2026-05-25,CUST0427,Furniture,Bookshelf,2.0,0.15,18700.0,2495.55,Card,Delivered,Profit
ORD01883,2026-08-19,CUST0292,Accessories,Mouse,1.0,0.0,1400.0,500.0,UPI,Shipped,Profit
ORD01884,2026-03-05,CUST0185,Electronics,Monitor,2.0,0.15,30600.0,3252.09,Card,Delivered,Profit
ORD01885,2025-12-27,CUST0432,Electronics,Headphones,1.0,0.1,4050.0,1204.44,UPI,Shipped,Profit
ORD01886,2026-06-27,CUST0589,Accessories,Backpack,2.0,0.2,3520.0,826.41,Cash on Delivery,Delivered,Profit
ORD01887,2026-03-27,CUST0553,Electronics,Monitor,2.0,0.1,32400.0,-4992.74,UPI,Returned,Loss
ORD01888,2025-12-24,CUST0586,Furniture,Cabinet,2.0,0.0,26000.0,6400.0,Cash on Delivery,Delivered,Profit
ORD01889,2026-02-21,CUST0067,Office Supplies,Printer,3.0,0.1,37800.0,5078.13,UPI,Delivered,Profit
ORD01890,2026-04-09,CUST0413,Furniture,Desk,1.0,0.05,14250.0,2918.25,UPI,Delivered,Profit
ORD01891,2026-03-17,CUST0596,Electronics,Laptop,3.0,0.2,132000.0,6920.91,Card,Shipped,Profit
ORD01892,2026-06-07,CUST0418,Electronics,Keyboard,4.0,0.1,9000.0,-3085.19,NetBanking,Cancelled,Loss
ORD01893,2025-07-10,CUST0073,Electronics,Headphones,2.0,0.0,9000.0,3000.0,NetBanking,Delivered,Profit
ORD01894,2025-09-24,CUST0224,Electronics,Laptop,1.0,0.0,55000.0,-11454.76,UPI,Cancelled,Loss
ORD01895,2026-07-17,CUST0034,Accessories,Mouse,4.0,0.2,4480.0,1421.69,NetBanking,Delivered,Profit
ORD01896,2025-11-19,CUST0138,Furniture,Cabinet,4.0,0.0,52000.0,12800.0,NetBanking,Delivered,Profit
ORD01897,2026-03-21,CUST0196,Furniture,Bookshelf,2.0,0.15,18700.0,2535.21,Cash on Delivery,Delivered,Profit
ORD01898,2025-09-11,CUST0440,Electronics,Headphones,1.0,0.0,4500.0,1500.0,Cash on Delivery,Delivered,Profit
ORD01899,2026-08-25,CUST0212,Electronics,Keyboard,1.0,0.05,2375.0,709.1,NetBanking,Delivered,Profit
ORD01900,2026-06-02,CUST0582,Office Supplies,Stapler,10.0,0.15,2975.0,890.92,UPI,Delivered,Profit
ORD01902,2026-05-31,CUST0046,Office Supplies,Printer,4.0,0.1,50400.0,6809.69,Cash on Delivery,Delivered,Profit
ORD01903,2026-08-11,CUST0018,Electronics,Laptop,5.0,0.1,247500.0,27155.66,Cash on Delivery,Delivered,Profit
ORD01904,2025-12-13,CUST0157,Office Supplies,Printer,3.0,0.0,42000.0,8400.0,UPI,Shipped,Profit
ORD01905,2025-09-04,CUST0451,Furniture,Office Chair,4.0,0.0,36000.0,9200.0,Cash on Delivery,Shipped,Profit
ORD01906,2025-08-23,CUST0430,Electronics,Monitor,4.0,0.2,57600.0,3811.73,UPI,Shipped,Profit
ORD01907,2025-10-29,CUST0243,Electronics,Monitor,5.0,0.05,85500.0,13903.96,Card,Delivered,Profit
ORD01908,2026-03-27,CUST0289,Electronics,Laptop,2.0,0.15,93500.0,8310.27,Card,Shipped,Profit
ORD01909,2026-08-07,CUST0378,Electronics,Laptop,1.0,0.3,38500.0,-284.5,UPI,Shipped,Loss
ORD01910,2025-10-22,CUST0228,Furniture,Office Chair,2.0,0.2,14400.0,2721.22,UPI,Delivered,Profit
ORD01911,2026-06-05,CUST0059,Office Supplies,Stapler,1.0,0.1,315.0,96.03,NetBanking,Delivered,Profit
ORD01912,2025-08-26,CUST0420,Furniture,Cabinet,5.0,0.05,61750.0,13470.77,Card,Delivered,Profit
ORD01913,2026-06-14,CUST0124,Office Supplies,Paper,2.0,0.1,810.0,144.14,Cash on Delivery,Delivered,Profit
ORD01914,2026-01-29,CUST0535,Office Supplies,Stapler,1.0,0.1,315.0,104.1,NetBanking,Delivered,Profit
ORD01915,2025-09-05,CUST0311,Office Supplies,Printer,1.0,0.05,13300.0,-2874.6,NetBanking,Returned,Loss
ORD01916,2026-07-29,CUST0565,Office Supplies,Printer,3.0,0.0,42000.0,8400.0,Cash on Delivery,Delivered,Profit
ORD01917,2025-07-05,CUST0143,Furniture,Office Chair,2.0,0.15,15300.0,2526.01,Card,Delivered,Profit
ORD01918,2026-05-19,CUST0203,Electronics,Keyboard,3.0,0.05,7125.0,2095.77,Cash on Delivery,Delivered,Profit
ORD01919,2026-06-07,CUST0081,Furniture,Desk,2.0,0.1,27000.0,5020.27,Card,Delivered,Profit
ORD01920,2026-03-31,CUST0165,Accessories,Usb Hub,2.0,0.15,3060.0,1053.27,UPI,Delivered,Profit
ORD01921,2026-08-12,CUST0136,Office Supplies,Paper,5.0,0.3,1575.0,-6.26,Cash on Delivery,Delivered,Loss
ORD01922,2026-01-23,CUST0190,Furniture,Bookshelf,4.0,0.0,44000.0,10400.0,UPI,Delivered,Profit
ORD01923,2026-02-05,CUST0185,Office Supplies,Stapler,1.0,0.05,332.5,-90.83,NetBanking,Cancelled,Loss
ORD01924,2026-04-16,CUST0032,Office Supplies,Stapler,6.0,0.2,1680.0,530.21,Card,Delivered,Profit
ORD01925,2026-07-10,CUST0267,Accessories,Backpack,5.0,0.1,9900.0,3017.6,Cash on Delivery,Delivered,Profit
ORD01926,2025-07-07,CUST0428,Electronics,Monitor,6.0,0.0,108000.0,-8859.0,Cash on Delivery,Cancelled,Loss
ORD01927,2025-11-10,CUST0007,Furniture,Desk,10.0,0.1,135000.0,22646.15,UPI,Delivered,Profit
ORD01928,2026-01-18,CUST0158,Office Supplies,Printer,3.0,0.15,35700.0,3467.11,Card,Delivered,Profit
ORD01929,2026-05-31,CUST0111,Accessories,Mouse,4.0,0.1,5040.0,1706.54,NetBanking,Delivered,Profit
ORD01930,2025-10-03,CUST0065,Electronics,Monitor,2.0,0.05,34200.0,6096.36,NetBanking,Delivered,Profit
ORD01931,2026-08-27,CUST0011,Electronics,Headphones,6.0,0.2,21600.0,5280.85,UPI,Delivered,Profit
ORD01932,2025-11-13,CUST0544,Electronics,Monitor,1.0,0.1,16200.0,2467.92,NetBanking,Delivered,Profit
ORD01933,2025-09-24,CUST0276,Office Supplies,Stapler,4.0,0.15,1190.0,318.78,Cash on Delivery,Delivered,Profit
ORD01934,2026-07-18,CUST0119,Accessories,Backpack,3.0,0.15,5610.0,1546.87,Cash on Delivery,Delivered,Profit
ORD01935,2026-02-06,CUST0314,Electronics,Keyboard,2.0,0.2,4000.0,967.03,NetBanking,Delivered,Profit
ORD01936,2025-12-27,CUST0452,Furniture,Cabinet,5.0,0.05,61750.0,13953.42,NetBanking,Delivered,Profit
ORD01937,2025-11-25,CUST0130,Electronics,Keyboard,2.0,0.2,4000.0,1144.45,Cash on Delivery,Delivered,Profit
ORD01938,2026-03-07,CUST0298,Electronics,Monitor,3.0,0.1,48600.0,7683.56,UPI,Delivered,Profit
ORD01939,2026-01-11,CUST0358,Office Supplies,Desk Organizer,3.0,0.05,2565.0,739.86,Card,Delivered,Profit
ORD01940,2025-07-27,CUST0066,Electronics,Keyboard,4.0,0.1,9000.0,-2884.36,NetBanking,Returned,Loss
ORD01941,2025-08-09,CUST0528,Office Supplies,Stapler,3.0,0.1,945.0,283.67,Card,Delivered,Profit
ORD01942,2025-09-14,CUST0432,Accessories,Webcam,5.0,0.1,18900.0,-6328.73,Card,Returned,Loss
ORD01943,2026-04-05,CUST0337,Office Supplies,Printer,1.0,0.05,13300.0,2340.11,UPI,Delivered,Profit
ORD01944,2026-03-22,CUST0510,Office Supplies,Printer,4.0,0.15,47600.0,-28833.6,Cash on Delivery,Cancelled,Loss
ORD01945,2026-07-02,CUST0341,Office Supplies,Paper,3.0,0.05,1282.5,297.17,NetBanking,Delivered,Profit
ORD01946,2026-01-15,CUST0413,Electronics,Headphones,3.0,0.2,10800.0,2210.95,Cash on Delivery,Delivered,Profit
ORD01947,2025-09-24,CUST0359,Accessories,Backpack,2.0,0.0,4400.0,-1081.23,Card,Cancelled,Loss
ORD01948,2025-11-22,CUST0555,Accessories,Usb Hub,2.0,0.05,3420.0,1190.99,Cash on Delivery,Delivered,Profit
ORD01949,2026-08-26,CUST0259,Office Supplies,Paper,2.0,0.05,855.0,194.28,Card,Delivered,Profit
ORD01950,2026-08-25,CUST0109,Office Supplies,Desk Organizer,3.0,0.05,2565.0,766.48,NetBanking,Delivered,Profit
ORD01951,2026-03-05,CUST0255,Electronics,Headphones,3.0,0.0,13500.0,4500.0,UPI,Delivered,Profit
ORD01952,2025-11-18,CUST0269,Office Supplies,Stapler,2.0,0.2,560.0,151.48,Cash on Delivery,Delivered,Profit
ORD01953,2025-09-12,CUST0441,Electronics,Monitor,3.0,0.15,45900.0,5725.98,NetBanking,Delivered,Profit
ORD01954,2026-02-08,CUST0233,Office Supplies,Paper,3.0,0.1,1215.0,-217.25,NetBanking,Cancelled,Loss
ORD01955,2026-08-28,CUST0459,Office Supplies,Desk Organizer,3.0,0.2,2160.0,575.27,NetBanking,Shipped,Profit
ORD01956,2026-08-20,CUST0481,Electronics,Laptop,3.0,0.3,115500.0,2179.29,Cash on Delivery,Shipped,Profit
ORD01957,2026-05-14,CUST0585,Electronics,Laptop,6.0,0.15,280500.0,27550.21,Cash on Delivery,Delivered,Profit
ORD01958,2026-05-10,CUST0348,Office Supplies,Desk Organizer,3.0,0.1,2430.0,715.34,UPI,Delivered,Profit
ORD01959,2025-09-11,CUST0251,Office Supplies,Paper,2.0,0.05,855.0,190.55,Cash on Delivery,Delivered,Profit
ORD01960,2026-07-30,CUST0014,Accessories,Mouse,1.0,0.2,1120.0,289.46,NetBanking,Delivered,Profit
ORD01961,2026-06-18,CUST0057,Accessories,Usb Hub,1.0,0.0,1800.0,-182.44,UPI,Cancelled,Loss
ORD01962,2025-12-07,CUST0081,Office Supplies,Desk Organizer,2.0,0.2,1440.0,367.77,Cash on Delivery,Delivered,Profit
ORD01963,2026-07-20,CUST0079,Furniture,Desk,1.0,0.0,15000.0,3500.0,UPI,Delivered,Profit
ORD01964,2025-09-24,CUST0062,Furniture,Cabinet,2.0,0.0,26000.0,6400.0,Cash on Delivery,Delivered,Profit
ORD01965,2026-06-27,CUST0257,Office Supplies,Printer,1.0,0.1,12600.0,1714.74,Cash on Delivery,Shipped,Profit
ORD01966,2025-11-24,CUST0457,Electronics,Laptop,3.0,0.1,148500.0,13754.34,UPI,Delivered,Profit
ORD01967,2026-07-29,CUST0181,Accessories,Mouse,4.0,0.0,5600.0,2000.0,UPI,Delivered,Profit
ORD01968,2025-08-14,CUST0531,Office Supplies,Paper,1.0,0.2,360.0,42.79,UPI,Delivered,Profit
ORD01969,2025-07-02,CUST0444,Accessories,Mouse,4.0,0.1,5040.0,1609.29,Cash on Delivery,Shipped,Profit
ORD01970,2026-06-23,CUST0300,Accessories,Webcam,3.0,0.15,10710.0,2018.15,NetBanking,Delivered,Profit
ORD01971,2026-04-05,CUST0257,Accessories,Backpack,1.0,0.1,1980.0,587.65,NetBanking,Delivered,Profit
ORD01972,2025-10-10,CUST0258,Furniture,Bookshelf,3.0,0.05,31350.0,7034.78,UPI,Delivered,Profit
ORD01973,2026-04-18,CUST0253,Electronics,Laptop,1.0,0.1,49500.0,5131.6,UPI,Shipped,Profit
ORD01974,2025-11-11,CUST0290,Electronics,Laptop,1.0,0.15,46750.0,2942.31,Cash on Delivery,Delivered,Profit
ORD01975,2026-06-29,CUST0111,Office Supplies,Stapler,5.0,0.2,1400.0,389.07,UPI,Shipped,Profit
ORD01976,2026-02-16,CUST0538,Office Supplies,Paper,1.0,0.1,405.0,87.07,Card,Delivered,Profit
ORD01977,2025-12-25,CUST0403,Electronics,Keyboard,5.0,0.1,11250.0,3147.89,Cash on Delivery,Delivered,Profit
ORD01978,2026-04-14,CUST0533,Furniture,Desk,3.0,0.0,45000.0,10500.0,UPI,Shipped,Profit
ORD01979,2025-12-06,CUST0007,Furniture,Cabinet,6.0,0.15,66300.0,12394.97,UPI,Delivered,Profit
ORD01980,2026-07-21,CUST0159,Furniture,Bookshelf,15.0,0.3,115500.0,-33038.71,UPI,Returned,Loss
ORD01981,2025-07-11,CUST0593,Accessories,Backpack,2.0,0.0,4400.0,1500.0,Cash on Delivery,Shipped,Profit
ORD01982,2025-12-24,CUST0465,Furniture,Office Chair,3.0,0.05,25650.0,6031.58,Cash on Delivery,Delivered,Profit
ORD01983,2025-09-20,CUST0355,Accessories,Webcam,2.0,0.3,5880.0,1002.07,UPI,Delivered,Profit
ORD01984,2025-11-23,CUST0146,Accessories,Mouse,2.0,0.2,2240.0,607.04,UPI,Delivered,Profit
ORD01985,2026-04-07,CUST0548,Accessories,Mouse,3.0,0.0,4200.0,1500.0,UPI,Delivered,Profit
ORD01986,2025-11-20,CUST0311,Office Supplies,Paper,4.0,0.0,1800.0,440.0,Card,Shipped,Profit
ORD01987,2026-06-01,CUST0384,Electronics,Laptop,10.0,0.2,440000.0,-2323.52,NetBanking,Delivered,Loss
ORD01988,2026-05-09,CUST0481,Furniture,Office Chair,1.0,0.05,8550.0,1978.02,NetBanking,Delivered,Profit
ORD01989,2026-02-08,CUST0155,Furniture,Office Chair,4.0,0.1,32400.0,6627.87,UPI,Delivered,Profit
ORD01990,2026-02-20,CUST0483,Furniture,Bookshelf,1.0,0.1,9900.0,1728.35,NetBanking,Delivered,Profit
ORD01991,2026-05-27,CUST0553,Accessories,Usb Hub,1.0,0.2,1440.0,385.66,Card,Delivered,Profit
ORD01992,2026-04-16,CUST0583,Accessories,Webcam,1.0,0.0,4200.0,1200.0,UPI,Delivered,Profit
ORD01993,2025-12-22,CUST0196,Accessories,Usb Hub,1.0,0.05,1710.0,592.98,NetBanking,Shipped,Profit
ORD01994,2026-08-14,CUST0121,Office Supplies,Desk Organizer,5.0,0.15,3825.0,906.98,UPI,Shipped,Profit
ORD01995,2025-10-05,CUST0576,Furniture,Cabinet,4.0,0.05,49400.0,11564.15,NetBanking,Delivered,Profit
ORD01996,2026-02-01,CUST0418,Furniture,Desk,6.0,0.05,85500.0,17679.06,UPI,Delivered,Profit
ORD01997,2025-12-13,CUST0579,Accessories,Backpack,4.0,0.1,7920.0,2296.41,Card,Delivered,Profit
ORD01998,2026-04-30,CUST0262,Electronics,Monitor,2.0,0.3,25200.0,-17324.42,NetBanking,Cancelled,Loss
ORD01999,2025-11-17,CUST0062,Furniture,Cabinet,2.0,0.15,22100.0,4249.92,NetBanking,Shipped,Profit
ORD02000,2025-09-06,CUST0583,Electronics,Laptop,2.0,0.05,104500.0,15124.97,Cash on Delivery,Shipped,Profit
ORD02001,2026-08-05,CUST0363,Office Supplies,Desk Organizer,1.0,0.1,810.0,216.55,UPI,Delivered,Profit
ORD02002,2026-02-18,CUST0523,Furniture,Cabinet,2.0,0.1,23400.0,4193.31,Card,Shipped,Profit
ORD02003,2026-07-02,CUST0304,Electronics,Laptop,1.0,0.1,49500.0,4637.33,NetBanking,Delivered,Profit
ORD02004,2025-10-18,CUST0214,Accessories,Usb Hub,3.0,0.05,5130.0,-2268.49,UPI,Cancelled,Loss
ORD02005,2026-02-21,CUST0007,Furniture,Cabinet,1.0,0.15,11050.0,2275.7,Cash on Delivery,Delivered,Profit
ORD02006,2025-11-14,CUST0161,Office Supplies,Printer,1.0,0.0,14000.0,2800.0,NetBanking,Delivered,Profit
ORD02007,2026-02-13,CUST0415,Office Supplies,Paper,2.0,0.2,720.0,-133.49,Card,Returned,Loss
ORD02008,2025-09-26,CUST0091,Furniture,Bookshelf,3.0,0.05,31350.0,6988.46,Cash on Delivery,Delivered,Profit
ORD02009,2026-01-22,CUST0357,Accessories,Mouse,2.0,0.15,2380.0,689.31,Cash on Delivery,Delivered,Profit
ORD02010,2025-09-16,CUST0302,Furniture,Desk,3.0,0.0,45000.0,10500.0,Cash on Delivery,Delivered,Profit
ORD02011,2025-12-26,CUST0362,Furniture,Cabinet,5.0,0.1,58500.0,12674.28,Cash on Delivery,Delivered,Profit
ORD02012,2025-11-24,CUST0175,Electronics,Headphones,10.0,0.2,36000.0,10043.81,Card,Delivered,Profit
ORD02013,2025-08-19,CUST0520,Furniture,Office Chair,1.0,0.0,9000.0,2300.0,NetBanking,Shipped,Profit
ORD02014,2026-05-15,CUST0386,Office Supplies,Stapler,1.0,0.15,297.5,88.09,NetBanking,Delivered,Profit
ORD02015,2025-10-06,CUST0213,Accessories,Backpack,6.0,0.1,11880.0,3413.52,Card,Delivered,Profit
ORD02016,2025-12-13,CUST0562,Electronics,Keyboard,1.0,0.0,2500.0,-746.76,UPI,Returned,Loss
ORD02017,2026-02-12,CUST0385,Electronics,Laptop,1.0,0.0,55000.0,9000.0,NetBanking,Delivered,Profit
ORD02018,2026-05-04,CUST0227,Office Supplies,Desk Organizer,1.0,0.15,765.0,170.43,NetBanking,Delivered,Profit
ORD02019,2026-03-25,CUST0590,Electronics,Monitor,6.0,0.0,108000.0,21000.0,Cash on Delivery,Shipped,Profit
ORD02020,2025-09-03,CUST0117,Furniture,Cabinet,1.0,0.0,13000.0,3200.0,Cash on Delivery,Delivered,Profit
ORD02021,2026-06-18,CUST0176,Accessories,Usb Hub,1.0,0.1,1620.0,537.09,NetBanking,Delivered,Profit
ORD02022,2025-10-03,CUST0017,Electronics,Keyboard,3.0,0.15,6375.0,1575.31,Card,Delivered,Profit
ORD02023,2025-12-09,CUST0089,Furniture,Desk,1.0,0.1,13500.0,2451.6,Cash on Delivery,Delivered,Profit
ORD02024,2025-08-21,CUST0158,Accessories,Webcam,2.0,0.0,8400.0,-1405.25,UPI,Returned,Loss
ORD02025,2025-11-12,CUST0496,Accessories,Webcam,5.0,0.2,16800.0,3643.73,Card,Shipped,Profit
ORD02026,2026-05-13,CUST0403,Furniture,Cabinet,3.0,0.1,35100.0,6633.66,Card,Delivered,Profit
ORD02027,2026-03-19,CUST0162,Furniture,Bookshelf,1.0,0.05,10450.0,2210.73,Card,Delivered,Profit
ORD02028,2026-07-01,CUST0160,Furniture,Cabinet,1.0,0.0,13000.0,3200.0,UPI,Delivered,Profit
ORD02029,2025-11-06,CUST0235,Electronics,Laptop,3.0,0.0,165000.0,27000.0,UPI,Delivered,Profit
ORD02030,2026-02-04,CUST0044,Office Supplies,Desk Organizer,2.0,0.1,1620.0,448.01,Cash on Delivery,Delivered,Profit
ORD02031,2026-08-20,CUST0018,Electronics,Laptop,3.0,0.1,148500.0,14865.54,Card,Shipped,Profit
ORD02032,2025-08-09,CUST0289,Electronics,Headphones,2.0,0.15,7650.0,2129.28,Cash on Delivery,Delivered,Profit
ORD02033,2026-07-17,CUST0112,Electronics,Monitor,1.0,0.0,18000.0,3500.0,NetBanking,Shipped,Profit
ORD02034,2025-12-02,CUST0243,Office Supplies,Stapler,1.0,0.1,315.0,98.37,UPI,Delivered,Profit
ORD02035,2025-08-15,CUST0157,Furniture,Cabinet,2.0,0.0,26000.0,6400.0,Cash on Delivery,Delivered,Profit
ORD02036,2026-02-24,CUST0002,Electronics,Monitor,2.0,0.2,28800.0,3058.29,Card,Delivered,Profit
ORD02037,2026-02-17,CUST0105,Office Supplies,Desk Organizer,1.0,0.0,900.0,280.0,NetBanking,Delivered,Profit
ORD02038,2026-04-12,CUST0217,Electronics,Monitor,1.0,0.0,18000.0,3500.0,NetBanking,Shipped,Profit
ORD02039,2026-03-03,CUST0002,Electronics,Headphones,3.0,0.1,12150.0,3710.99,Cash on Delivery,Delivered,Profit
ORD02040,2026-08-13,CUST0174,Office Supplies,Desk Organizer,3.0,0.0,2700.0,840.0,Card,Delivered,Profit
ORD02041,2026-08-19,CUST0319,Furniture,Bookshelf,2.0,0.2,17600.0,1487.97,NetBanking,Shipped,Profit
ORD02042,2026-06-04,CUST0099,Accessories,Mouse,3.0,0.1,3780.0,1240.04,Cash on Delivery,Shipped,Profit
ORD02043,2026-01-10,CUST0392,Electronics,Keyboard,1.0,0.15,2125.0,504.34,Cash on Delivery,Delivered,Profit
ORD02044,2026-02-07,CUST0120,Office Supplies,Paper,6.0,0.1,2430.0,510.77,UPI,Delivered,Profit
ORD02045,2025-09-23,CUST0047,Furniture,Cabinet,1.0,0.1,11700.0,-7001.23,UPI,Returned,Loss
ORD02046,2026-07-31,CUST0380,Electronics,Keyboard,1.0,0.1,2250.0,619.74,NetBanking,Delivered,Profit
ORD02047,2026-03-10,CUST0548,Furniture,Bookshelf,4.0,0.15,37400.0,7003.59,NetBanking,Delivered,Profit
ORD02048,2026-04-06,CUST0315,Furniture,Cabinet,1.0,0.3,9100.0,48.65,UPI,Delivered,Profit
ORD02049,2026-05-10,CUST0365,Furniture,Desk,3.0,0.1,40500.0,8139.11,UPI,Delivered,Profit
ORD02050,2025-10-10,CUST0415,Office Supplies,Printer,3.0,0.05,39900.0,7084.23,Card,Delivered,Profit
ORD02051,2026-04-12,CUST0121,Accessories,Webcam,1.0,0.05,3990.0,-672.34,UPI,Cancelled,Loss
ORD02052,2026-07-02,CUST0354,Electronics,Headphones,2.0,0.05,8550.0,-3031.71,Card,Returned,Loss
ORD02053,2026-03-18,CUST0509,Electronics,Laptop,1.0,0.0,55000.0,9000.0,Cash on Delivery,Delivered,Profit
ORD02054,2026-03-29,CUST0549,Accessories,Usb Hub,3.0,0.15,4590.0,1339.99,NetBanking,Shipped,Profit
ORD02055,2025-10-14,CUST0527,Office Supplies,Paper,1.0,0.1,405.0,84.23,NetBanking,Delivered,Profit
ORD02056,2025-09-25,CUST0119,Furniture,Desk,1.0,0.15,12750.0,1910.54,NetBanking,Delivered,Profit
ORD02057,2026-03-20,CUST0548,Accessories,Webcam,1.0,0.15,3570.0,666.79,UPI,Delivered,Profit
ORD02058,2025-12-12,CUST0155,Office Supplies,Stapler,5.0,0.1,1575.0,83.02,Cash on Delivery,Cancelled,Profit
ORD02059,2025-11-12,CUST0309,Furniture,Cabinet,2.0,0.05,24700.0,5526.93,UPI,Shipped,Profit
ORD02060,2026-04-21,CUST0338,Electronics,Monitor,2.0,0.1,32400.0,3982.08,UPI,Delivered,Profit
ORD02061,2025-09-12,CUST0449,Office Supplies,Stapler,2.0,0.05,665.0,-199.99,NetBanking,Cancelled,Loss
ORD02062,2025-10-27,CUST0410,Accessories,Backpack,2.0,0.15,3740.0,1078.27,Cash on Delivery,Delivered,Profit
ORD02063,2026-01-07,CUST0024,Accessories,Webcam,1.0,0.1,3780.0,855.19,NetBanking,Delivered,Profit
ORD02064,2026-05-02,CUST0305,Furniture,Desk,2.0,0.1,27000.0,4502.58,NetBanking,Shipped,Profit
ORD02065,2026-07-17,CUST0316,Electronics,Laptop,5.0,0.0,275000.0,45000.0,Cash on Delivery,Delivered,Profit
ORD02066,2026-01-28,CUST0244,Electronics,Headphones,2.0,0.1,8100.0,2571.89,UPI,Delivered,Profit
ORD02067,2025-11-24,CUST0025,Office Supplies,Stapler,2.0,0.15,595.0,183.37,NetBanking,Delivered,Profit
ORD02068,2026-06-21,CUST0109,Office Supplies,Stapler,1.0,0.1,315.0,91.09,UPI,Delivered,Profit
ORD02069,2025-09-15,CUST0117,Furniture,Cabinet,10.0,0.1,117000.0,23212.74,UPI,Delivered,Profit
ORD02070,2025-08-30,CUST0272,Furniture,Cabinet,3.0,0.05,37050.0,8067.2,NetBanking,Delivered,Profit
ORD02071,2025-12-09,CUST0120,Furniture,Bookshelf,1.0,0.0,11000.0,2600.0,Cash on Delivery,Delivered,Profit
ORD02072,2026-04-11,CUST0511,Furniture,Office Chair,1.0,0.05,8550.0,1983.09,NetBanking,Shipped,Profit
ORD02073,2025-07-28,CUST0061,Furniture,Desk,1.0,0.05,14250.0,3140.98,Card,Delivered,Profit
ORD02074,2025-09-20,CUST0388,Electronics,Keyboard,1.0,0.05,2375.0,704.11,Card,Delivered,Profit
ORD02075,2025-11-09,CUST0482,Furniture,Office Chair,6.0,0.15,45900.0,9493.14,Cash on Delivery,Delivered,Profit
ORD02076,2025-12-20,CUST0373,Electronics,Keyboard,4.0,0.15,8500.0,2078.13,NetBanking,Delivered,Profit
ORD02077,2025-10-11,CUST0073,Electronics,Monitor,3.0,0.1,48600.0,-29647.39,Cash on Delivery,Returned,Loss
ORD02078,2026-06-06,CUST0078,Accessories,Webcam,2.0,0.15,7140.0,1628.31,Cash on Delivery,Delivered,Profit
ORD02079,2025-10-04,CUST0203,Furniture,Bookshelf,3.0,0.2,26400.0,-6800.79,NetBanking,Returned,Loss
ORD02080,2025-11-08,CUST0146,Accessories,Mouse,1.0,0.1,1260.0,426.93,UPI,Shipped,Profit
ORD02081,2026-01-21,CUST0103,Accessories,Webcam,6.0,0.1,22680.0,-8215.89,UPI,Cancelled,Loss
ORD02082,2025-07-20,CUST0289,Furniture,Desk,2.0,0.1,27000.0,4676.39,Cash on Delivery,Delivered,Profit
ORD02083,2026-07-27,CUST0266,Electronics,Laptop,3.0,0.05,156750.0,21943.69,Cash on Delivery,Shipped,Profit
ORD02084,2026-06-18,CUST0345,Electronics,Headphones,2.0,0.3,6300.0,1715.06,UPI,Delivered,Profit
ORD02085,2025-07-28,CUST0033,Electronics,Laptop,1.0,0.1,49500.0,4802.54,Card,Delivered,Profit
ORD02086,2026-06-16,CUST0158,Office Supplies,Stapler,2.0,0.1,630.0,200.77,UPI,Delivered,Profit
ORD02087,2026-04-02,CUST0399,Office Supplies,Paper,2.0,0.0,900.0,220.0,NetBanking,Delivered,Profit
ORD02088,2026-02-10,CUST0475,Accessories,Webcam,5.0,0.0,21000.0,6000.0,Card,Delivered,Profit
ORD02089,2025-09-25,CUST0165,Office Supplies,Stapler,2.0,0.0,700.0,-66.82,Cash on Delivery,Cancelled,Loss
ORD02090,2026-04-27,CUST0007,Electronics,Headphones,5.0,0.0,22500.0,7500.0,NetBanking,Delivered,Profit
ORD02091,2026-04-29,CUST0419,Office Supplies,Paper,1.0,0.05,427.5,91.9,NetBanking,Delivered,Profit
ORD02092,2026-02-27,CUST0543,Electronics,Monitor,2.0,0.05,34200.0,5707.4,UPI,Delivered,Profit
ORD02093,2026-04-29,CUST0521,Accessories,Mouse,3.0,0.1,3780.0,1254.29,NetBanking,Shipped,Profit
ORD02094,2026-07-14,CUST0535,Office Supplies,Desk Organizer,2.0,0.0,1800.0,560.0,Cash on Delivery,Delivered,Profit
ORD02095,2026-03-18,CUST0520,Accessories,Webcam,6.0,0.1,22680.0,5734.37,UPI,Shipped,Profit
ORD02096,2025-10-11,CUST0333,Office Supplies,Desk Organizer,6.0,0.15,4590.0,1193.56,UPI,Delivered,Profit
ORD02097,2026-07-30,CUST0079,Accessories,Mouse,1.0,0.1,1260.0,416.74,NetBanking,Delivered,Profit
ORD02098,2025-07-13,CUST0313,Electronics,Keyboard,4.0,0.0,10000.0,3200.0,Cash on Delivery,Delivered,Profit
ORD02099,2026-01-15,CUST0021,Accessories,Mouse,1.0,0.1,1260.0,391.68,Cash on Delivery,Delivered,Profit
ORD02100,2026-02-11,CUST0454,Office Supplies,Printer,2.0,0.0,28000.0,-13673.01,UPI,Returned,Loss
ORD02101,2025-10-09,CUST0072,Office Supplies,Stapler,4.0,0.05,1330.0,432.66,NetBanking,Delivered,Profit
ORD02102,2026-03-17,CUST0504,Furniture,Office Chair,3.0,0.05,25650.0,6143.4,NetBanking,Shipped,Profit
ORD02103,2026-08-10,CUST0266,Office Supplies,Stapler,1.0,0.15,297.5,77.72,UPI,Delivered,Profit
ORD02104,2025-11-26,CUST0061,Electronics,Monitor,5.0,0.0,90000.0,17500.0,Cash on Delivery,Delivered,Profit
ORD02105,2025-07-05,CUST0272,Office Supplies,Stapler,3.0,0.2,840.0,210.38,Cash on Delivery,Delivered,Profit
ORD02106,2026-08-08,CUST0420,Electronics,Monitor,2.0,0.1,32400.0,5199.85,NetBanking,Delivered,Profit
ORD02107,2026-05-30,CUST0323,Electronics,Keyboard,1.0,0.2,2000.0,452.99,UPI,Delivered,Profit
ORD02108,2025-08-23,CUST0055,Furniture,Bookshelf,3.0,0.1,29700.0,5512.94,UPI,Delivered,Profit
ORD02109,2026-07-23,CUST0373,Electronics,Keyboard,4.0,0.0,10000.0,3200.0,Card,Delivered,Profit
ORD02110,2025-08-22,CUST0432,Furniture,Bookshelf,3.0,0.0,33000.0,7800.0,Card,Delivered,Profit
ORD02111,2026-05-07,CUST0128,Furniture,Cabinet,3.0,0.0,39000.0,9600.0,Card,Shipped,Profit
ORD02112,2026-04-11,CUST0292,Office Supplies,Desk Organizer,4.0,0.05,3420.0,989.56,Cash on Delivery,Delivered,Profit
ORD02113,2026-06-06,CUST0141,Accessories,Mouse,1.0,0.15,1190.0,350.89,NetBanking,Delivered,Profit
ORD02114,2026-02-04,CUST0229,Office Supplies,Paper,2.0,0.1,810.0,155.83,NetBanking,Shipped,Profit
ORD02115,2025-09-25,CUST0537,Accessories,Usb Hub,1.0,0.3,1260.0,277.86,UPI,Delivered,Profit
ORD02116,2025-07-18,CUST0075,Electronics,Headphones,1.0,0.1,4050.0,1167.36,UPI,Delivered,Profit
ORD02117,2025-11-30,CUST0066,Furniture,Cabinet,3.0,0.05,37050.0,8112.79,NetBanking,Delivered,Profit
ORD02118,2026-07-29,CUST0425,Furniture,Bookshelf,3.0,0.1,29700.0,5568.68,UPI,Delivered,Profit
ORD02119,2026-01-18,CUST0395,Accessories,Mouse,10.0,0.0,14000.0,5000.0,NetBanking,Delivered,Profit
ORD02120,2025-08-06,CUST0041,Electronics,Headphones,2.0,0.1,8100.0,2524.39,Card,Delivered,Profit
ORD02121,2026-07-01,CUST0523,Accessories,Webcam,1.0,0.05,3990.0,1026.78,UPI,Delivered,Profit
ORD02122,2026-07-20,CUST0192,Electronics,Laptop,4.0,0.0,220000.0,36000.0,UPI,Delivered,Profit
ORD02123,2026-01-25,CUST0532,Office Supplies,Desk Organizer,15.0,0.1,12150.0,3486.99,Cash on Delivery,Delivered,Profit
ORD02124,2026-02-23,CUST0583,Electronics,Keyboard,1.0,0.0,2500.0,800.0,UPI,Shipped,Profit
ORD02125,2026-05-10,CUST0154,Furniture,Desk,1.0,0.15,12750.0,2300.42,UPI,Shipped,Profit
ORD02126,2025-09-14,CUST0254,Electronics,Keyboard,1.0,0.0,2500.0,800.0,NetBanking,Delivered,Profit
ORD02127,2026-04-22,CUST0107,Furniture,Desk,1.0,0.1,13500.0,2412.32,UPI,Shipped,Profit
ORD02128,2025-10-20,CUST0083,Electronics,Laptop,2.0,0.1,99000.0,11635.29,NetBanking,Delivered,Profit
ORD02129,2026-08-23,CUST0294,Electronics,Monitor,1.0,0.1,16200.0,2032.38,Cash on Delivery,Delivered,Profit
ORD02130,2025-08-14,CUST0214,Electronics,Headphones,3.0,0.15,11475.0,3053.84,Cash on Delivery,Delivered,Profit
ORD02131,2025-07-08,CUST0600,Accessories,Webcam,4.0,0.05,15960.0,4249.5,UPI,Delivered,Profit
ORD02132,2025-12-14,CUST0273,Office Supplies,Paper,2.0,0.1,810.0,144.88,NetBanking,Delivered,Profit
ORD02133,2026-02-03,CUST0251,Office Supplies,Printer,4.0,0.05,53200.0,-12432.41,NetBanking,Returned,Loss
ORD02134,2026-01-08,CUST0573,Office Supplies,Paper,2.0,0.1,810.0,177.69,Cash on Delivery,Delivered,Profit
ORD02135,2025-08-04,CUST0171,Electronics,Laptop,4.0,0.15,187000.0,20984.77,Card,Delivered,Profit
ORD02136,2025-09-15,CUST0586,Accessories,Webcam,4.0,0.3,11760.0,979.68,Card,Delivered,Profit
ORD02137,2026-05-25,CUST0295,Office Supplies,Printer,6.0,0.1,75600.0,12492.38,Cash on Delivery,Shipped,Profit
ORD02138,2025-08-23,CUST0137,Furniture,Cabinet,3.0,0.05,37050.0,8042.38,NetBanking,Delivered,Profit
ORD02139,2026-06-09,CUST0425,Office Supplies,Desk Organizer,1.0,0.1,810.0,218.46,Cash on Delivery,Delivered,Profit
ORD02140,2026-08-31,CUST0167,Accessories,Usb Hub,3.0,0.2,4320.0,1239.53,NetBanking,Delivered,Profit
ORD02141,2026-05-11,CUST0007,Furniture,Desk,2.0,0.15,25500.0,-3081.33,Card,Cancelled,Loss
ORD02142,2025-07-08,CUST0068,Office Supplies,Desk Organizer,6.0,0.1,4860.0,1388.14,Card,Delivered,Profit
ORD02143,2025-10-30,CUST0108,Electronics,Laptop,3.0,0.05,156750.0,20053.71,NetBanking,Delivered,Profit
ORD02144,2026-02-03,CUST0493,Office Supplies,Stapler,1.0,0.3,245.0,45.03,NetBanking,Delivered,Profit
ORD02145,2026-07-28,CUST0052,Furniture,Cabinet,3.0,0.1,35100.0,7554.05,Card,Delivered,Profit
ORD02146,2025-07-08,CUST0333,Furniture,Cabinet,3.0,0.0,39000.0,9600.0,NetBanking,Delivered,Profit
ORD02147,2025-12-03,CUST0087,Electronics,Laptop,1.0,0.05,52250.0,7728.57,NetBanking,Shipped,Profit
ORD02148,2025-10-11,CUST0008,Office Supplies,Desk Organizer,6.0,0.3,3780.0,852.67,Card,Delivered,Profit
ORD02149,2026-05-27,CUST0525,Furniture,Desk,1.0,0.0,15000.0,3500.0,UPI,Delivered,Profit
ORD02150,2026-01-05,CUST0012,Accessories,Backpack,4.0,0.15,7480.0,2256.02,UPI,Shipped,Profit
ORD02151,2026-03-31,CUST0501,Furniture,Desk,5.0,0.1,67500.0,13121.46,Cash on Delivery,Delivered,Profit
ORD02152,2026-05-22,CUST0019,Furniture,Desk,1.0,0.1,13500.0,2518.61,Card,Delivered,Profit
ORD02153,2026-02-11,CUST0169,Accessories,Usb Hub,3.0,0.1,4860.0,1575.15,Card,Delivered,Profit
ORD02154,2025-08-25,CUST0112,Electronics,Laptop,2.0,0.1,99000.0,9637.36,NetBanking,Delivered,Profit
ORD02155,2026-06-03,CUST0067,Accessories,Usb Hub,1.0,0.0,1800.0,650.0,NetBanking,Delivered,Profit
ORD02156,2026-08-14,CUST0439,Furniture,Office Chair,1.0,0.15,7650.0,1233.8,Cash on Delivery,Delivered,Profit
ORD02157,2026-03-10,CUST0581,Office Supplies,Printer,4.0,0.15,47600.0,5063.45,UPI,Delivered,Profit
ORD02158,2025-09-26,CUST0405,Office Supplies,Stapler,1.0,0.15,297.5,79.68,NetBanking,Delivered,Profit
ORD02159,2026-03-22,CUST0111,Electronics,Monitor,4.0,0.05,68400.0,12055.66,UPI,Delivered,Profit
ORD02160,2026-07-29,CUST0436,Furniture,Cabinet,15.0,0.2,156000.0,16578.11,NetBanking,Delivered,Profit
ORD02161,2026-04-14,CUST0454,Furniture,Bookshelf,4.0,0.1,39600.0,7011.88,NetBanking,Delivered,Profit
ORD02162,2025-09-12,CUST0426,Office Supplies,Desk Organizer,3.0,0.1,2430.0,707.1,Card,Shipped,Profit
ORD02163,2026-03-11,CUST0469,Electronics,Laptop,3.0,0.0,165000.0,27000.0,NetBanking,Delivered,Profit
ORD02164,2026-08-07,CUST0122,Furniture,Cabinet,2.0,0.1,23400.0,4628.61,UPI,Delivered,Profit
ORD02165,2026-08-10,CUST0421,Furniture,Cabinet,2.0,0.0,26000.0,6400.0,NetBanking,Shipped,Profit
ORD02166,2026-03-02,CUST0479,Office Supplies,Stapler,1.0,0.15,297.5,-2.04,Card,Cancelled,Loss
ORD02167,2026-06-26,CUST0223,Electronics,Monitor,2.0,0.2,28800.0,2004.21,Card,Delivered,Profit
ORD02168,2026-08-22,CUST0255,Furniture,Cabinet,2.0,0.15,22100.0,-2882.84,NetBanking,Cancelled,Loss
ORD02169,2026-08-03,CUST0394,Office Supplies,Stapler,1.0,0.0,350.0,120.0,NetBanking,Delivered,Profit
ORD02170,2025-12-09,CUST0126,Office Supplies,Stapler,1.0,0.15,297.5,93.04,NetBanking,Delivered,Profit
ORD02171,2026-02-28,CUST0522,Electronics,Monitor,2.0,0.05,34200.0,5691.42,Card,Delivered,Profit
ORD02172,2026-07-06,CUST0083,Furniture,Office Chair,1.0,0.05,8550.0,2013.08,Card,Delivered,Profit
ORD02173,2025-12-11,CUST0114,Accessories,Usb Hub,1.0,0.05,1710.0,162.96,Card,Cancelled,Profit
ORD02174,2026-06-15,CUST0028,Office Supplies,Stapler,10.0,0.2,2800.0,801.25,NetBanking,Delivered,Profit
ORD02175,2025-08-28,CUST0278,Office Supplies,Printer,15.0,0.0,210000.0,42000.0,UPI,Delivered,Profit
ORD02176,2025-09-19,CUST0434,Furniture,Office Chair,4.0,0.2,28800.0,3282.46,Cash on Delivery,Delivered,Profit
ORD02177,2025-10-08,CUST0235,Furniture,Office Chair,1.0,0.1,8100.0,1817.34,Card,Delivered,Profit
ORD02178,2025-11-10,CUST0374,Electronics,Monitor,1.0,0.2,14400.0,453.74,Cash on Delivery,Delivered,Profit
ORD02179,2025-11-20,CUST0402,Accessories,Backpack,3.0,0.15,5610.0,1774.25,Cash on Delivery,Delivered,Profit
ORD02180,2025-11-30,CUST0209,Office Supplies,Paper,4.0,0.1,1620.0,321.6,Card,Delivered,Profit
ORD02181,2026-07-09,CUST0429,Office Supplies,Paper,1.0,0.1,405.0,76.3,UPI,Delivered,Profit
ORD02182,2026-02-15,CUST0530,Accessories,Backpack,5.0,0.05,10450.0,3315.49,UPI,Delivered,Profit
ORD02183,2026-04-19,CUST0438,Accessories,Usb Hub,3.0,0.1,4860.0,1502.49,Card,Delivered,Profit
ORD02184,2025-11-04,CUST0379,Electronics,Headphones,1.0,0.0,4500.0,1500.0,UPI,Delivered,Profit
ORD02185,2026-03-02,CUST0220,Furniture,Cabinet,5.0,0.05,61750.0,14507.38,UPI,Delivered,Profit
ORD02186,2026-02-12,CUST0223,Furniture,Bookshelf,2.0,0.05,20900.0,4539.95,UPI,Delivered,Profit
ORD02187,2026-03-31,CUST0490,Electronics,Headphones,1.0,0.0,4500.0,1500.0,UPI,Delivered,Profit
ORD02188,2025-11-17,CUST0559,Office Supplies,Stapler,3.0,0.05,997.5,332.24,Card,Delivered,Profit
ORD02189,2026-02-04,CUST0584,Accessories,Webcam,1.0,0.0,4200.0,1200.0,Cash on Delivery,Delivered,Profit
ORD02190,2026-02-23,CUST0203,Accessories,Webcam,1.0,0.15,3570.0,822.9,Cash on Delivery,Delivered,Profit
ORD02191,2026-07-14,CUST0587,Furniture,Cabinet,3.0,0.1,35100.0,7037.25,NetBanking,Delivered,Profit
ORD02192,2026-03-15,CUST0300,Furniture,Bookshelf,3.0,0.1,29700.0,5957.55,Cash on Delivery,Delivered,Profit
ORD02193,2025-09-21,CUST0412,Office Supplies,Stapler,5.0,0.05,1662.5,542.67,NetBanking,Delivered,Profit
ORD02194,2025-12-16,CUST0516,Office Supplies,Desk Organizer,2.0,0.1,1620.0,432.03,Cash on Delivery,Delivered,Profit
ORD02195,2025-11-22,CUST0529,Accessories,Backpack,1.0,0.1,1980.0,600.7,UPI,Delivered,Profit
ORD02196,2026-01-02,CUST0170,Furniture,Office Chair,5.0,0.1,40500.0,9166.43,Cash on Delivery,Shipped,Profit
ORD02197,2026-06-19,CUST0243,Electronics,Keyboard,2.0,0.0,5000.0,1600.0,Card,Delivered,Profit
ORD02198,2026-01-08,CUST0487,Office Supplies,Paper,1.0,0.0,450.0,110.0,UPI,Delivered,Profit
ORD02199,2025-09-22,CUST0184,Accessories,Webcam,2.0,0.0,8400.0,95.45,Cash on Delivery,Cancelled,Profit
ORD02200,2025-12-25,CUST0028,Accessories,Mouse,3.0,0.15,3570.0,976.75,NetBanking,Delivered,Profit
ORD02202,2025-11-19,CUST0364,Electronics,Laptop,2.0,0.2,88000.0,-32528.08,Card,Cancelled,Loss
ORD02203,2025-08-15,CUST0228,Electronics,Laptop,4.0,0.05,209000.0,30622.01,Card,Delivered,Profit
ORD02204,2025-07-15,CUST0264,Furniture,Cabinet,6.0,0.2,62400.0,7172.89,Cash on Delivery,Delivered,Profit
ORD02205,2025-09-03,CUST0160,Electronics,Monitor,1.0,0.0,18000.0,3500.0,Card,Delivered,Profit
ORD02206,2025-10-23,CUST0023,Accessories,Webcam,1.0,0.0,4200.0,1200.0,Cash on Delivery,Delivered,Profit
ORD02207,2026-08-30,CUST0555,Accessories,Webcam,1.0,0.0,4200.0,-246.64,Cash on Delivery,Cancelled,Loss
ORD02208,2025-11-21,CUST0019,Electronics,Monitor,5.0,0.1,81000.0,10099.63,Card,Delivered,Profit
ORD02209,2026-05-11,CUST0468,Office Supplies,Stapler,4.0,0.05,1330.0,444.12,UPI,Delivered,Profit
ORD02210,2025-08-28,CUST0573,Furniture,Bookshelf,3.0,0.1,29700.0,5342.38,Card,Delivered,Profit
ORD02211,2026-01-18,CUST0086,Office Supplies,Paper,2.0,0.1,810.0,-425.29,Cash on Delivery,Returned,Loss
ORD02212,2026-08-05,CUST0142,Office Supplies,Desk Organizer,3.0,0.0,2700.0,840.0,NetBanking,Delivered,Profit
ORD02213,2025-10-17,CUST0425,Office Supplies,Stapler,1.0,0.15,297.5,86.29,NetBanking,Delivered,Profit
ORD02214,2026-06-24,CUST0540,Furniture,Desk,5.0,0.1,67500.0,12818.44,UPI,Delivered,Profit
ORD02215,2025-09-03,CUST0113,Electronics,Monitor,2.0,0.15,30600.0,2657.37,UPI,Delivered,Profit
ORD02216,2026-06-12,CUST0182,Office Supplies,Stapler,1.0,0.15,297.5,95.97,UPI,Delivered,Profit
ORD02217,2026-01-21,CUST0048,Office Supplies,Stapler,1.0,0.15,297.5,87.66,Card,Delivered,Profit
ORD02218,2026-04-12,CUST0232,Electronics,Headphones,3.0,0.1,12150.0,3802.01,Cash on Delivery,Shipped,Profit
ORD02219,2025-12-24,CUST0371,Office Supplies,Paper,2.0,0.05,855.0,188.54,UPI,Delivered,Profit
ORD02220,2026-04-22,CUST0139,Electronics,Laptop,1.0,0.1,49500.0,5806.48,NetBanking,Delivered,Profit
ORD02221,2025-10-26,CUST0129,Electronics,Laptop,4.0,0.0,220000.0,36000.0,UPI,Delivered,Profit
ORD02222,2025-12-16,CUST0192,Electronics,Keyboard,6.0,0.0,15000.0,4800.0,Card,Delivered,Profit
ORD02223,2025-07-16,CUST0440,Furniture,Cabinet,4.0,0.0,52000.0,12800.0,Cash on Delivery,Shipped,Profit
ORD02224,2025-07-21,CUST0562,Office Supplies,Desk Organizer,1.0,0.05,855.0,244.04,Cash on Delivery,Delivered,Profit
ORD02225,2026-04-20,CUST0404,Office Supplies,Paper,3.0,0.2,1080.0,147.81,Cash on Delivery,Delivered,Profit
ORD02226,2026-04-24,CUST0020,Electronics,Laptop,1.0,0.2,44000.0,1668.58,Card,Delivered,Profit
ORD02227,2025-07-08,CUST0066,Furniture,Office Chair,1.0,0.3,6300.0,617.22,NetBanking,Delivered,Profit
ORD02228,2025-11-11,CUST0524,Accessories,Usb Hub,3.0,0.0,5400.0,1950.0,NetBanking,Delivered,Profit
ORD02229,2025-08-04,CUST0093,Electronics,Headphones,1.0,0.1,4050.0,-725.82,Cash on Delivery,Returned,Loss
ORD02230,2026-07-14,CUST0028,Accessories,Mouse,2.0,0.1,2520.0,771.8,NetBanking,Delivered,Profit
ORD02231,2026-05-04,CUST0520,Furniture,Bookshelf,10.0,0.05,104500.0,21974.19,Cash on Delivery,Delivered,Profit
ORD02232,2026-02-27,CUST0577,Accessories,Webcam,1.0,0.0,4200.0,1200.0,UPI,Delivered,Profit
ORD02233,2026-08-18,CUST0190,Office Supplies,Paper,4.0,0.15,1530.0,277.76,Card,Delivered,Profit
ORD02234,2026-05-24,CUST0083,Furniture,Desk,2.0,0.1,27000.0,4743.15,NetBanking,Delivered,Profit
ORD02235,2025-09-29,CUST0528,Electronics,Monitor,2.0,0.1,32400.0,4473.12,UPI,Delivered,Profit
ORD02236,2025-12-01,CUST0555,Furniture,Bookshelf,4.0,0.2,35200.0,5326.38,Cash on Delivery,Delivered,Profit
ORD02237,2026-01-07,CUST0104,Furniture,Desk,6.0,0.0,90000.0,21000.0,NetBanking,Delivered,Profit
ORD02238,2026-02-24,CUST0332,Office Supplies,Paper,3.0,0.15,1147.5,-370.71,Card,Cancelled,Loss
ORD02239,2026-05-09,CUST0042,Electronics,Keyboard,3.0,0.15,6375.0,1777.87,NetBanking,Delivered,Profit
ORD02240,2026-03-30,CUST0162,Electronics,Keyboard,4.0,0.0,10000.0,-122.31,Cash on Delivery,Cancelled,Loss
ORD02241,2026-02-23,CUST0222,Furniture,Desk,3.0,0.1,40500.0,7227.54,Cash on Delivery,Delivered,Profit
ORD02242,2025-07-14,CUST0338,Office Supplies,Paper,15.0,0.15,5737.5,849.68,UPI,Delivered,Profit
ORD02243,2026-06-09,CUST0037,Office Supplies,Printer,4.0,0.0,56000.0,11200.0,UPI,Delivered,Profit
ORD02244,2025-10-02,CUST0537,Office Supplies,Stapler,2.0,0.15,595.0,155.45,NetBanking,Delivered,Profit
ORD02245,2025-09-19,CUST0586,Accessories,Mouse,2.0,0.0,2800.0,1000.0,NetBanking,Delivered,Profit
ORD02246,2025-10-22,CUST0176,Accessories,Mouse,2.0,0.05,2660.0,936.63,Card,Delivered,Profit
ORD02247,2025-07-14,CUST0216,Accessories,Webcam,1.0,0.1,3780.0,945.14,Card,Delivered,Profit
ORD02248,2026-04-25,CUST0096,Furniture,Cabinet,6.0,0.0,78000.0,19200.0,UPI,Delivered,Profit
ORD02249,2025-11-08,CUST0528,Electronics,Keyboard,5.0,0.05,11875.0,-3385.96,UPI,Returned,Loss
ORD02250,2025-10-17,CUST0404,Electronics,Monitor,1.0,0.05,17100.0,3057.9,UPI,Delivered,Profit
ORD02251,2026-03-16,CUST0384,Accessories,Usb Hub,3.0,0.05,5130.0,-780.11,Cash on Delivery,Cancelled,Loss
ORD02252,2026-08-18,CUST0391,Office Supplies,Printer,1.0,0.0,14000.0,-5537.48,UPI,Returned,Loss
ORD02253,2026-08-07,CUST0520,Electronics,Laptop,3.0,0.2,132000.0,1359.31,NetBanking,Delivered,Profit
ORD02254,2025-08-11,CUST0030,Electronics,Headphones,4.0,0.0,18000.0,6000.0,Card,Delivered,Profit
ORD02255,2026-07-03,CUST0520,Office Supplies,Paper,1.0,0.15,382.5,72.69,Cash on Delivery,Delivered,Profit
ORD02256,2026-05-21,CUST0287,Accessories,Backpack,2.0,0.15,3740.0,943.6,UPI,Delivered,Profit
ORD02257,2026-02-14,CUST0312,Furniture,Cabinet,1.0,0.1,11700.0,2400.51,Cash on Delivery,Delivered,Profit
ORD02258,2026-02-06,CUST0473,Furniture,Bookshelf,2.0,0.15,18700.0,3186.98,Card,Delivered,Profit
ORD02259,2026-05-09,CUST0142,Furniture,Cabinet,3.0,0.15,33150.0,6765.56,NetBanking,Delivered,Profit
ORD02260,2026-04-24,CUST0002,Office Supplies,Paper,1.0,0.2,360.0,66.65,Card,Delivered,Profit
ORD02261,2026-08-06,CUST0216,Office Supplies,Desk Organizer,3.0,0.0,2700.0,-369.1,Card,Returned,Loss
ORD02262,2025-09-08,CUST0551,Accessories,Mouse,3.0,0.2,3360.0,-957.99,Card,Cancelled,Loss
ORD02263,2025-08-03,CUST0018,Office Supplies,Stapler,4.0,0.2,1120.0,330.31,Cash on Delivery,Delivered,Profit
ORD02264,2026-08-30,CUST0447,Accessories,Mouse,2.0,0.1,2520.0,780.63,UPI,Delivered,Profit
ORD02265,2026-07-12,CUST0333,Accessories,Webcam,1.0,0.05,3990.0,1074.35,Card,Delivered,Profit
ORD02266,2025-12-04,CUST0143,Electronics,Keyboard,3.0,0.1,6750.0,-3174.41,UPI,Cancelled,Loss
ORD02267,2025-08-27,CUST0186,Office Supplies,Stapler,1.0,0.1,315.0,94.35,Card,Shipped,Profit
ORD02268,2026-02-22,CUST0014,Accessories,Webcam,1.0,0.0,4200.0,1200.0,Cash on Delivery,Delivered,Profit
ORD02269,2026-02-02,CUST0578,Furniture,Office Chair,6.0,0.1,48600.0,10407.61,UPI,Delivered,Profit
ORD02270,2026-06-03,CUST0170,Electronics,Headphones,3.0,0.15,11475.0,3148.85,UPI,Delivered,Profit
ORD02271,2025-07-24,CUST0379,Accessories,Webcam,3.0,0.0,12600.0,3600.0,UPI,Delivered,Profit
ORD02272,2026-07-17,CUST0114,Furniture,Office Chair,15.0,0.1,121500.0,27591.66,Card,Delivered,Profit
ORD02273,2026-01-19,CUST0560,Electronics,Keyboard,1.0,0.0,2500.0,-945.94,Card,Returned,Loss
ORD02274,2026-08-03,CUST0474,Office Supplies,Paper,1.0,0.0,450.0,110.0,Card,Delivered,Profit
ORD02275,2026-06-30,CUST0556,Accessories,Backpack,6.0,0.1,11880.0,3438.83,UPI,Delivered,Profit
ORD02276,2026-06-14,CUST0539,Office Supplies,Printer,3.0,0.15,35700.0,4217.13,UPI,Delivered,Profit
ORD02277,2025-08-27,CUST0199,Accessories,Usb Hub,2.0,0.1,3240.0,1055.99,Card,Delivered,Profit
ORD02278,2025-08-15,CUST0251,Office Supplies,Stapler,2.0,0.2,560.0,165.02,UPI,Delivered,Profit
ORD02279,2025-09-24,CUST0100,Office Supplies,Printer,5.0,0.0,70000.0,14000.0,Card,Delivered,Profit
ORD02280,2025-12-11,CUST0041,Electronics,Headphones,4.0,0.1,16200.0,4531.25,Card,Delivered,Profit
ORD02281,2026-07-03,CUST0444,Furniture,Cabinet,1.0,0.15,11050.0,2243.17,NetBanking,Delivered,Profit
ORD02282,2026-08-29,CUST0073,Electronics,Keyboard,2.0,0.1,4500.0,-1124.29,NetBanking,Cancelled,Loss
ORD02283,2026-02-26,CUST0252,Electronics,Headphones,6.0,0.0,27000.0,9000.0,Cash on Delivery,Delivered,Profit
ORD02284,2026-06-26,CUST0292,Office Supplies,Desk Organizer,2.0,0.1,1620.0,413.72,Cash on Delivery,Delivered,Profit
ORD02285,2026-05-29,CUST0074,Furniture,Cabinet,2.0,0.0,26000.0,6400.0,Card,Delivered,Profit
ORD02286,2026-01-22,CUST0218,Accessories,Webcam,1.0,0.2,3360.0,780.46,UPI,Delivered,Profit
ORD02287,2026-06-08,CUST0517,Accessories,Usb Hub,3.0,0.15,4590.0,280.64,NetBanking,Cancelled,Profit
ORD02288,2025-12-08,CUST0337,Electronics,Keyboard,3.0,0.15,6375.0,1859.02,NetBanking,Delivered,Profit
ORD02289,2026-03-31,CUST0356,Office Supplies,Paper,2.0,0.15,765.0,-385.52,Card,Cancelled,Loss
ORD02290,2025-12-12,CUST0156,Office Supplies,Stapler,1.0,0.1,315.0,102.41,Cash on Delivery,Delivered,Profit
ORD02291,2025-10-03,CUST0166,Electronics,Laptop,2.0,0.1,99000.0,9360.41,Card,Delivered,Profit
ORD02292,2025-11-23,CUST0443,Accessories,Usb Hub,10.0,0.1,16200.0,5566.46,UPI,Delivered,Profit
ORD02293,2025-07-25,CUST0397,Office Supplies,Printer,1.0,0.3,9800.0,-88.54,Cash on Delivery,Delivered,Loss
ORD02294,2026-06-30,CUST0081,Electronics,Monitor,1.0,0.0,18000.0,3500.0,NetBanking,Delivered,Profit
ORD02295,2025-11-27,CUST0256,Accessories,Backpack,1.0,0.05,2090.0,698.58,Cash on Delivery,Delivered,Profit
ORD02296,2026-08-09,CUST0475,Furniture,Desk,1.0,0.1,13500.0,2761.68,Cash on Delivery,Delivered,Profit
ORD02297,2026-02-20,CUST0410,Furniture,Desk,1.0,0.0,15000.0,3500.0,NetBanking,Delivered,Profit
ORD02298,2025-11-27,CUST0409,Furniture,Office Chair,1.0,0.2,7200.0,1278.77,NetBanking,Delivered,Profit
ORD02299,2026-02-17,CUST0407,Office Supplies,Desk Organizer,1.0,0.1,810.0,230.74,NetBanking,Delivered,Profit
ORD02300,2025-09-26,CUST0166,Office Supplies,Paper,2.0,0.0,900.0,220.0,UPI,Delivered,Profit
ORD02301,2026-07-29,CUST0157,Electronics,Keyboard,1.0,0.2,2000.0,486.83,Card,Delivered,Profit
ORD02302,2026-07-06,CUST0385,Accessories,Usb Hub,1.0,0.2,1440.0,400.88,NetBanking,Delivered,Profit
ORD02303,2025-10-31,CUST0453,Electronics,Headphones,3.0,0.15,11475.0,3126.16,NetBanking,Delivered,Profit
ORD02304,2026-07-23,CUST0259,Office Supplies,Desk Organizer,1.0,0.1,810.0,216.21,UPI,Shipped,Profit
ORD02305,2025-11-14,CUST0169,Electronics,Monitor,4.0,0.0,72000.0,14000.0,NetBanking,Delivered,Profit
ORD02306,2026-01-27,CUST0531,Accessories,Webcam,2.0,0.1,7560.0,1739.7,Card,Delivered,Profit
ORD02307,2026-04-02,CUST0475,Furniture,Cabinet,3.0,0.1,35100.0,6870.22,UPI,Delivered,Profit
ORD02308,2026-04-12,CUST0480,Furniture,Bookshelf,2.0,0.0,22000.0,5200.0,NetBanking,Delivered,Profit
ORD02309,2025-07-29,CUST0260,Electronics,Monitor,3.0,0.0,54000.0,10500.0,Cash on Delivery,Delivered,Profit
ORD02310,2025-07-29,CUST0080,Accessories,Webcam,3.0,0.0,12600.0,-1266.39,Card,Cancelled,Loss
ORD02311,2026-02-08,CUST0144,Electronics,Keyboard,1.0,0.1,2250.0,682.9,UPI,Delivered,Profit
ORD02312,2026-02-16,CUST0044,Furniture,Office Chair,1.0,0.1,8100.0,1714.86,Cash on Delivery,Delivered,Profit
ORD02313,2026-05-17,CUST0188,Accessories,Usb Hub,3.0,0.05,5130.0,1729.96,NetBanking,Delivered,Profit
ORD02314,2026-08-09,CUST0109,Office Supplies,Desk Organizer,3.0,0.0,2700.0,840.0,Cash on Delivery,Shipped,Profit
ORD02315,2026-07-13,CUST0081,Office Supplies,Desk Organizer,3.0,0.1,2430.0,713.43,NetBanking,Delivered,Profit
ORD02316,2025-11-17,CUST0025,Furniture,Cabinet,1.0,0.15,11050.0,1675.59,Card,Delivered,Profit
ORD02317,2025-09-14,CUST0018,Office Supplies,Stapler,1.0,0.0,350.0,120.0,UPI,Delivered,Profit
ORD02318,2026-04-15,CUST0100,Accessories,Backpack,6.0,0.0,13200.0,4500.0,Cash on Delivery,Delivered,Profit
ORD02319,2025-08-12,CUST0204,Office Supplies,Paper,3.0,0.05,1282.5,-499.73,UPI,Returned,Loss
ORD02320,2025-11-23,CUST0158,Electronics,Headphones,1.0,0.0,4500.0,1500.0,NetBanking,Delivered,Profit
ORD02321,2026-03-11,CUST0035,Furniture,Cabinet,3.0,0.15,33150.0,6807.76,Cash on Delivery,Delivered,Profit
ORD02322,2026-04-08,CUST0442,Furniture,Desk,3.0,0.1,40500.0,8250.52,Card,Delivered,Profit
ORD02323,2026-01-20,CUST0532,Accessories,Webcam,1.0,0.0,4200.0,1200.0,Cash on Delivery,Delivered,Profit
ORD02324,2025-10-05,CUST0228,Accessories,Mouse,3.0,0.15,3570.0,1046.46,NetBanking,Delivered,Profit
ORD02325,2026-01-14,CUST0430,Electronics,Laptop,5.0,0.0,275000.0,45000.0,UPI,Delivered,Profit
ORD02326,2026-08-02,CUST0521,Office Supplies,Stapler,6.0,0.05,1995.0,645.74,NetBanking,Delivered,Profit
ORD02327,2026-05-09,CUST0317,Accessories,Webcam,1.0,0.05,3990.0,1028.64,Cash on Delivery,Delivered,Profit
ORD02328,2025-08-13,CUST0307,Accessories,Usb Hub,2.0,0.1,3240.0,1038.02,NetBanking,Delivered,Profit
ORD02329,2025-08-12,CUST0419,Electronics,Keyboard,3.0,0.1,6750.0,2001.68,Cash on Delivery,Delivered,Profit
ORD02330,2026-06-11,CUST0396,Accessories,Mouse,2.0,0.15,2380.0,675.09,UPI,Delivered,Profit
ORD02331,2026-03-08,CUST0288,Furniture,Cabinet,3.0,0.0,39000.0,9600.0,Card,Delivered,Profit
ORD02332,2026-07-27,CUST0498,Accessories,Mouse,1.0,0.0,1400.0,500.0,Cash on Delivery,Delivered,Profit
ORD02333,2025-08-31,CUST0513,Electronics,Laptop,1.0,0.05,52250.0,-16435.93,Cash on Delivery,Returned,Loss
ORD02334,2025-12-21,CUST0573,Accessories,Usb Hub,1.0,0.15,1530.0,-651.3,UPI,Returned,Loss
ORD02335,2025-07-10,CUST0068,Furniture,Cabinet,3.0,0.2,31200.0,3907.94,Card,Delivered,Profit
ORD02336,2026-06-02,CUST0263,Electronics,Headphones,4.0,0.0,18000.0,6000.0,NetBanking,Delivered,Profit
ORD02337,2025-09-20,CUST0121,Accessories,Backpack,4.0,0.1,7920.0,2331.01,UPI,Delivered,Profit
ORD02338,2025-10-14,CUST0182,Office Supplies,Desk Organizer,2.0,0.1,1620.0,428.49,Cash on Delivery,Delivered,Profit
ORD02339,2026-08-22,CUST0415,Office Supplies,Stapler,1.0,0.15,297.5,-17.32,NetBanking,Returned,Loss
ORD02340,2026-07-14,CUST0401,Accessories,Backpack,3.0,0.2,5280.0,1497.77,Card,Delivered,Profit
ORD02341,2026-07-19,CUST0140,Electronics,Laptop,1.0,0.15,46750.0,4001.47,UPI,Delivered,Profit
ORD02342,2025-11-20,CUST0217,Electronics,Headphones,4.0,0.05,17100.0,5279.7,NetBanking,Shipped,Profit
ORD02343,2025-08-17,CUST0082,Furniture,Office Chair,2.0,0.2,14400.0,1894.75,NetBanking,Delivered,Profit
ORD02344,2025-11-17,CUST0552,Office Supplies,Printer,5.0,0.0,70000.0,14000.0,NetBanking,Delivered,Profit
ORD02345,2025-08-06,CUST0410,Furniture,Office Chair,1.0,0.15,7650.0,1226.89,NetBanking,Delivered,Profit
ORD02346,2025-12-01,CUST0543,Electronics,Monitor,2.0,0.15,30600.0,2413.98,NetBanking,Delivered,Profit
ORD02347,2026-02-07,CUST0481,Electronics,Keyboard,3.0,0.15,6375.0,1514.67,Card,Delivered,Profit
ORD02348,2026-08-05,CUST0452,Electronics,Headphones,2.0,0.1,8100.0,2332.36,Card,Delivered,Profit
ORD02349,2026-06-29,CUST0447,Office Supplies,Stapler,3.0,0.05,997.5,335.49,Card,Delivered,Profit
ORD02350,2026-01-26,CUST0540,Furniture,Cabinet,2.0,0.05,24700.0,5712.83,Cash on Delivery,Delivered,Profit
ORD02351,2025-08-21,CUST0431,Office Supplies,Printer,2.0,0.1,25200.0,4061.83,UPI,Delivered,Profit
ORD02352,2025-10-13,CUST0576,Furniture,Office Chair,4.0,0.0,36000.0,9200.0,NetBanking,Delivered,Profit
ORD02353,2025-08-18,CUST0317,Furniture,Bookshelf,2.0,0.2,17600.0,3178.66,Cash on Delivery,Delivered,Profit
ORD02354,2026-06-03,CUST0252,Office Supplies,Printer,2.0,0.05,26600.0,4590.68,UPI,Shipped,Profit
ORD02355,2025-11-25,CUST0187,Office Supplies,Paper,1.0,0.05,427.5,-210.41,NetBanking,Returned,Loss
ORD02356,2025-12-20,CUST0425,Electronics,Keyboard,2.0,0.0,5000.0,1600.0,UPI,Delivered,Profit
ORD02357,2026-06-20,CUST0276,Office Supplies,Stapler,1.0,0.2,280.0,66.94,Card,Delivered,Profit
ORD02358,2026-03-16,CUST0202,Accessories,Backpack,1.0,0.2,1760.0,-262.87,UPI,Cancelled,Loss
ORD02359,2026-03-19,CUST0233,Furniture,Office Chair,2.0,0.2,14400.0,2782.77,Cash on Delivery,Delivered,Profit
ORD02360,2026-03-04,CUST0358,Accessories,Webcam,4.0,0.1,15120.0,3414.41,NetBanking,Delivered,Profit
ORD02361,2026-08-03,CUST0333,Electronics,Laptop,6.0,0.1,297000.0,37548.45,Card,Delivered,Profit
ORD02362,2025-09-14,CUST0398,Electronics,Keyboard,3.0,0.3,5250.0,768.88,Card,Delivered,Profit
ORD02363,2026-02-27,CUST0305,Electronics,Keyboard,1.0,0.0,2500.0,800.0,NetBanking,Delivered,Profit
ORD02364,2026-04-09,CUST0402,Accessories,Usb Hub,5.0,0.0,9000.0,3250.0,Card,Delivered,Profit
ORD02365,2025-11-01,CUST0521,Electronics,Keyboard,4.0,0.05,9500.0,2860.99,Cash on Delivery,Delivered,Profit
ORD02366,2025-10-12,CUST0049,Accessories,Usb Hub,4.0,0.0,7200.0,-1185.26,Cash on Delivery,Returned,Loss
ORD02367,2025-07-09,CUST0410,Office Supplies,Paper,5.0,0.1,2025.0,380.22,Cash on Delivery,Shipped,Profit
ORD02368,2025-11-30,CUST0275,Office Supplies,Paper,1.0,0.1,405.0,77.24,NetBanking,Shipped,Profit
ORD02369,2025-10-02,CUST0038,Accessories,Usb Hub,1.0,0.1,1620.0,540.15,NetBanking,Delivered,Profit
ORD02370,2026-05-30,CUST0174,Office Supplies,Desk Organizer,2.0,0.2,1440.0,397.46,UPI,Delivered,Profit
ORD02371,2025-07-14,CUST0307,Office Supplies,Printer,4.0,0.1,50400.0,7732.31,UPI,Delivered,Profit
ORD02372,2026-02-01,CUST0114,Office Supplies,Paper,1.0,0.1,405.0,85.54,Cash on Delivery,Delivered,Profit
ORD02373,2025-09-27,CUST0452,Furniture,Desk,4.0,0.15,51000.0,8569.41,NetBanking,Delivered,Profit
ORD02374,2026-06-22,CUST0343,Office Supplies,Paper,4.0,0.1,1620.0,333.57,UPI,Delivered,Profit
ORD02375,2025-09-09,CUST0553,Electronics,Headphones,10.0,0.2,36000.0,7989.11,Cash on Delivery,Delivered,Profit
ORD02376,2026-05-22,CUST0096,Accessories,Mouse,4.0,0.1,5040.0,1548.33,UPI,Delivered,Profit
ORD02377,2025-08-27,CUST0408,Furniture,Office Chair,5.0,0.05,42750.0,10108.68,Cash on Delivery,Delivered,Profit
ORD02378,2025-09-02,CUST0215,Accessories,Webcam,3.0,0.15,10710.0,2680.5,Cash on Delivery,Delivered,Profit
ORD02379,2026-02-15,CUST0479,Electronics,Keyboard,4.0,0.15,8500.0,2479.82,Cash on Delivery,Shipped,Profit
ORD02380,2025-12-28,CUST0325,Electronics,Laptop,2.0,0.05,104500.0,15279.24,Card,Shipped,Profit
ORD02381,2026-06-08,CUST0455,Electronics,Monitor,1.0,0.05,17100.0,2747.61,Card,Delivered,Profit
ORD02382,2026-04-02,CUST0370,Electronics,Monitor,4.0,0.1,64800.0,10302.61,Cash on Delivery,Delivered,Profit
ORD02383,2026-02-19,CUST0013,Office Supplies,Paper,2.0,0.05,855.0,188.1,NetBanking,Shipped,Profit
ORD02384,2026-01-22,CUST0499,Office Supplies,Stapler,5.0,0.1,1575.0,462.3,Cash on Delivery,Delivered,Profit
ORD02385,2026-08-25,CUST0473,Electronics,Monitor,3.0,0.1,48600.0,7444.03,Card,Delivered,Profit
ORD02386,2025-12-03,CUST0053,Furniture,Cabinet,5.0,0.1,58500.0,10598.05,Card,Delivered,Profit
ORD02387,2026-06-27,CUST0463,Office Supplies,Stapler,4.0,0.1,1260.0,396.96,Cash on Delivery,Delivered,Profit
ORD02388,2026-03-17,CUST0148,Furniture,Cabinet,3.0,0.0,39000.0,9600.0,UPI,Delivered,Profit
ORD02389,2025-07-12,CUST0058,Electronics,Headphones,1.0,0.0,4500.0,1500.0,Cash on Delivery,Delivered,Profit
ORD02390,2026-01-08,CUST0024,Furniture,Office Chair,2.0,0.1,16200.0,3781.91,Card,Delivered,Profit
ORD02391,2026-07-01,CUST0418,Furniture,Desk,1.0,0.1,13500.0,2316.91,Card,Delivered,Profit
ORD02392,2026-05-28,CUST0264,Electronics,Laptop,3.0,0.05,156750.0,-73522.26,UPI,Returned,Loss
ORD02393,2026-08-20,CUST0162,Furniture,Desk,3.0,0.0,45000.0,10500.0,UPI,Delivered,Profit
ORD02394,2025-07-04,CUST0126,Electronics,Monitor,1.0,0.05,17100.0,3010.64,NetBanking,Delivered,Profit
ORD02395,2025-08-26,CUST0425,Office Supplies,Printer,1.0,0.0,14000.0,2800.0,Card,Delivered,Profit
ORD02396,2025-11-21,CUST0261,Office Supplies,Printer,4.0,0.15,47600.0,5648.26,NetBanking,Delivered,Profit
ORD02397,2025-08-02,CUST0262,Electronics,Laptop,5.0,0.05,261250.0,36093.64,Cash on Delivery,Delivered,Profit
ORD02398,2026-04-12,CUST0291,Electronics,Laptop,4.0,0.0,220000.0,36000.0,Cash on Delivery,Shipped,Profit
ORD02399,2026-07-23,CUST0540,Office Supplies,Paper,2.0,0.1,810.0,150.79,NetBanking,Delivered,Profit
ORD02400,2026-01-27,CUST0173,Electronics,Laptop,5.0,0.0,275000.0,-53981.43,Cash on Delivery,Cancelled,Loss
ORD02401,2026-08-23,CUST0085,Office Supplies,Printer,2.0,0.1,25200.0,-4602.89,Card,Returned,Loss
ORD02402,2026-07-03,CUST0183,Electronics,Monitor,6.0,0.3,75600.0,-2264.25,Card,Delivered,Loss
ORD02403,2025-10-14,CUST0310,Accessories,Backpack,3.0,0.1,5940.0,1831.96,UPI,Delivered,Profit
ORD02404,2025-07-28,CUST0532,Electronics,Keyboard,3.0,0.1,6750.0,1941.97,Cash on Delivery,Delivered,Profit
ORD02405,2026-05-17,CUST0329,Electronics,Headphones,4.0,0.15,15300.0,3957.43,UPI,Delivered,Profit
ORD02406,2026-05-11,CUST0335,Electronics,Laptop,2.0,0.1,99000.0,-18206.18,NetBanking,Cancelled,Loss
ORD02407,2026-02-10,CUST0465,Accessories,Mouse,3.0,0.2,3360.0,996.84,NetBanking,Delivered,Profit
ORD02408,2026-02-05,CUST0483,Electronics,Keyboard,2.0,0.15,4250.0,1137.12,UPI,Delivered,Profit
ORD02409,2025-07-05,CUST0223,Furniture,Desk,2.0,0.05,28500.0,5860.38,Card,Delivered,Profit
ORD02410,2025-11-13,CUST0090,Electronics,Laptop,2.0,0.15,93500.0,6062.54,UPI,Shipped,Profit
ORD02411,2026-06-07,CUST0436,Furniture,Office Chair,1.0,0.1,8100.0,-1049.7,Cash on Delivery,Returned,Loss
ORD02412,2026-07-08,CUST0274,Office Supplies,Paper,3.0,0.05,1282.5,280.21,NetBanking,Delivered,Profit
ORD02413,2026-06-08,CUST0219,Office Supplies,Paper,3.0,0.05,1282.5,279.47,UPI,Delivered,Profit
ORD02414,2026-01-22,CUST0087,Electronics,Monitor,4.0,0.05,68400.0,12305.57,NetBanking,Delivered,Profit
ORD02415,2025-07-24,CUST0289,Office Supplies,Stapler,1.0,0.0,350.0,120.0,NetBanking,Delivered,Profit
ORD02416,2026-04-07,CUST0383,Furniture,Desk,3.0,0.1,40500.0,7871.8,UPI,Delivered,Profit
ORD02417,2026-03-29,CUST0065,Office Supplies,Desk Organizer,4.0,0.2,2880.0,-1029.2,UPI,Returned,Loss
ORD02418,2025-11-26,CUST0357,Accessories,Webcam,3.0,0.2,10080.0,-1953.32,UPI,Cancelled,Loss
ORD02419,2025-11-28,CUST0326,Electronics,Headphones,1.0,0.1,4050.0,-1645.39,Cash on Delivery,Returned,Loss
ORD02420,2026-04-18,CUST0456,Office Supplies,Stapler,3.0,0.15,892.5,246.15,Cash on Delivery,Shipped,Profit
ORD02421,2026-05-17,CUST0565,Electronics,Laptop,3.0,0.15,140250.0,8270.01,NetBanking,Delivered,Profit
ORD02422,2026-05-03,CUST0238,Furniture,Office Chair,2.0,0.15,15300.0,2783.93,NetBanking,Delivered,Profit
ORD02423,2026-05-26,CUST0468,Office Supplies,Paper,2.0,0.1,810.0,148.43,NetBanking,Delivered,Profit
ORD02424,2025-11-06,CUST0385,Furniture,Desk,4.0,0.05,57000.0,12222.41,Card,Delivered,Profit
ORD02425,2026-04-06,CUST0176,Office Supplies,Desk Organizer,1.0,0.1,810.0,205.1,Cash on Delivery,Delivered,Profit
ORD02426,2026-06-20,CUST0480,Accessories,Usb Hub,2.0,0.05,3420.0,1210.84,Cash on Delivery,Delivered,Profit
ORD02427,2025-11-29,CUST0447,Electronics,Keyboard,4.0,0.1,9000.0,2424.15,NetBanking,Delivered,Profit
ORD02428,2025-08-14,CUST0366,Electronics,Monitor,3.0,0.15,45900.0,-5903.01,UPI,Cancelled,Loss
ORD02429,2026-05-26,CUST0008,Electronics,Keyboard,5.0,0.2,10000.0,2222.76,NetBanking,Shipped,Profit
ORD02430,2025-07-01,CUST0495,Electronics,Keyboard,1.0,0.1,2250.0,612.51,Card,Delivered,Profit
ORD02431,2025-08-06,CUST0088,Furniture,Office Chair,4.0,0.2,28800.0,-9856.88,Card,Cancelled,Loss
ORD02432,2026-01-28,CUST0237,Electronics,Monitor,2.0,0.1,32400.0,5220.41,Card,Delivered,Profit
ORD02433,2026-08-06,CUST0363,Accessories,Mouse,3.0,0.0,4200.0,1500.0,Card,Delivered,Profit
ORD02434,2026-05-11,CUST0007,Electronics,Headphones,2.0,0.05,8550.0,2784.82,Card,Delivered,Profit
ORD02435,2025-10-17,CUST0343,Office Supplies,Paper,4.0,0.0,1800.0,440.0,UPI,Delivered,Profit
ORD02436,2026-06-23,CUST0136,Electronics,Keyboard,4.0,0.05,9500.0,2835.97,Cash on Delivery,Delivered,Profit
ORD02437,2026-08-30,CUST0259,Office Supplies,Stapler,1.0,0.1,315.0,103.37,NetBanking,Delivered,Profit
ORD02438,2026-02-18,CUST0251,Furniture,Desk,1.0,0.0,15000.0,3500.0,Cash on Delivery,Shipped,Profit
ORD02439,2025-10-20,CUST0214,Furniture,Office Chair,2.0,0.2,14400.0,1892.13,Card,Delivered,Profit
ORD02440,2025-12-31,CUST0176,Office Supplies,Paper,2.0,0.05,855.0,197.2,UPI,Delivered,Profit
ORD02441,2025-10-24,CUST0543,Office Supplies,Desk Organizer,3.0,0.15,2295.0,-1147.94,Cash on Delivery,Cancelled,Loss
ORD02442,2026-05-02,CUST0514,Electronics,Keyboard,3.0,0.15,6375.0,1758.02,Cash on Delivery,Delivered,Profit
ORD02443,2025-07-12,CUST0396,Electronics,Headphones,2.0,0.05,8550.0,2709.71,UPI,Delivered,Profit
ORD02444,2025-09-24,CUST0344,Office Supplies,Printer,4.0,0.0,56000.0,11200.0,Cash on Delivery,Delivered,Profit
ORD02445,2026-01-28,CUST0259,Electronics,Laptop,1.0,0.2,44000.0,2044.89,UPI,Shipped,Profit
ORD02446,2026-03-02,CUST0413,Accessories,Usb Hub,5.0,0.05,8550.0,2939.78,UPI,Delivered,Profit
ORD02447,2025-09-29,CUST0131,Office Supplies,Printer,2.0,0.15,23800.0,2467.84,NetBanking,Delivered,Profit
ORD02448,2026-08-03,CUST0332,Furniture,Desk,3.0,0.2,36000.0,5764.85,UPI,Shipped,Profit
ORD02449,2026-04-19,CUST0501,Furniture,Office Chair,1.0,0.0,9000.0,2300.0,UPI,Delivered,Profit
ORD02450,2025-07-18,CUST0310,Accessories,Usb Hub,4.0,0.1,6480.0,2266.11,Card,Delivered,Profit
ORD02451,2025-11-24,CUST0326,Office Supplies,Printer,1.0,0.0,14000.0,2800.0,Card,Delivered,Profit
ORD02452,2025-11-29,CUST0274,Office Supplies,Desk Organizer,3.0,0.05,2565.0,778.09,UPI,Delivered,Profit
ORD02453,2026-08-22,CUST0367,Office Supplies,Paper,6.0,0.1,2430.0,-663.64,NetBanking,Returned,Loss
ORD02454,2026-03-13,CUST0569,Electronics,Keyboard,3.0,0.3,5250.0,581.27,Cash on Delivery,Delivered,Profit
ORD02455,2025-11-10,CUST0342,Furniture,Desk,3.0,0.15,38250.0,6632.6,NetBanking,Delivered,Profit
ORD02456,2026-06-09,CUST0241,Accessories,Backpack,1.0,0.1,1980.0,581.73,UPI,Shipped,Profit
ORD02457,2025-12-09,CUST0211,Electronics,Laptop,2.0,0.0,110000.0,18000.0,Cash on Delivery,Delivered,Profit
ORD02458,2026-05-27,CUST0503,Accessories,Webcam,1.0,0.05,3990.0,1093.96,NetBanking,Delivered,Profit
ORD02459,2026-05-12,CUST0269,Furniture,Cabinet,4.0,0.05,49400.0,10725.65,Cash on Delivery,Delivered,Profit
ORD02460,2025-07-24,CUST0041,Electronics,Headphones,1.0,0.0,4500.0,-1052.71,UPI,Returned,Loss
ORD02461,2026-01-22,CUST0139,Furniture,Desk,2.0,0.0,30000.0,7000.0,Cash on Delivery,Delivered,Profit
ORD02462,2025-07-20,CUST0538,Office Supplies,Stapler,3.0,0.0,1050.0,-293.35,UPI,Returned,Loss
ORD02463,2026-07-02,CUST0114,Furniture,Desk,2.0,0.05,28500.0,5844.89,NetBanking,Delivered,Profit
ORD02464,2026-04-28,CUST0284,Accessories,Mouse,2.0,0.15,2380.0,671.06,Cash on Delivery,Shipped,Profit
ORD02465,2026-01-15,CUST0432,Electronics,Monitor,4.0,0.15,61200.0,5936.15,Card,Delivered,Profit
ORD02466,2025-09-26,CUST0014,Electronics,Keyboard,10.0,0.2,20000.0,3765.72,Cash on Delivery,Delivered,Profit
ORD02467,2025-12-04,CUST0049,Furniture,Cabinet,15.0,0.0,195000.0,48000.0,UPI,Delivered,Profit
ORD02468,2025-11-26,CUST0137,Electronics,Headphones,1.0,0.05,4275.0,1395.52,NetBanking,Delivered,Profit
ORD02469,2026-03-01,CUST0166,Accessories,Usb Hub,2.0,0.1,3240.0,1097.47,NetBanking,Delivered,Profit
ORD02470,2025-09-18,CUST0457,Office Supplies,Stapler,5.0,0.05,1662.5,540.36,NetBanking,Delivered,Profit
ORD02471,2026-08-07,CUST0479,Electronics,Monitor,3.0,0.2,43200.0,4359.63,UPI,Delivered,Profit
ORD02472,2026-08-25,CUST0028,Furniture,Office Chair,3.0,0.0,27000.0,6900.0,UPI,Delivered,Profit
ORD02473,2026-04-04,CUST0343,Accessories,Backpack,1.0,0.05,2090.0,694.46,Card,Delivered,Profit
ORD02474,2026-05-01,CUST0145,Accessories,Usb Hub,5.0,0.15,7650.0,2388.64,Card,Delivered,Profit
ORD02475,2026-03-07,CUST0079,Accessories,Usb Hub,3.0,0.05,5130.0,1739.4,Card,Delivered,Profit
ORD02476,2025-12-04,CUST0041,Office Supplies,Paper,5.0,0.05,2137.5,477.15,NetBanking,Delivered,Profit
ORD02477,2025-08-25,CUST0023,Electronics,Headphones,4.0,0.1,16200.0,4917.78,NetBanking,Delivered,Profit
ORD02478,2026-03-04,CUST0204,Furniture,Bookshelf,2.0,0.15,18700.0,3352.0,NetBanking,Delivered,Profit
ORD02479,2026-05-27,CUST0468,Furniture,Desk,10.0,0.15,127500.0,24505.69,UPI,Delivered,Profit
ORD02480,2026-02-27,CUST0148,Electronics,Keyboard,1.0,0.0,2500.0,159.38,UPI,Returned,Profit
ORD02481,2026-07-28,CUST0385,Accessories,Backpack,4.0,0.1,7920.0,-3069.07,NetBanking,Returned,Loss
ORD02482,2026-01-17,CUST0143,Office Supplies,Printer,3.0,0.0,42000.0,8400.0,Cash on Delivery,Delivered,Profit
ORD02483,2026-07-02,CUST0600,Electronics,Monitor,6.0,0.2,86400.0,-51842.21,UPI,Returned,Loss
ORD02484,2026-02-09,CUST0207,Accessories,Usb Hub,3.0,0.3,3780.0,742.03,NetBanking,Delivered,Profit
ORD02485,2026-01-10,CUST0228,Furniture,Office Chair,3.0,0.05,25650.0,6064.47,NetBanking,Delivered,Profit
ORD02486,2026-05-18,CUST0366,Electronics,Headphones,2.0,0.1,8100.0,2474.6,UPI,Delivered,Profit
ORD02487,2026-05-02,CUST0352,Electronics,Keyboard,2.0,0.0,5000.0,1600.0,UPI,Delivered,Profit
ORD02488,2025-07-15,CUST0212,Office Supplies,Desk Organizer,2.0,0.15,1530.0,-788.04,Cash on Delivery,Cancelled,Loss
ORD02489,2026-06-23,CUST0475,Furniture,Desk,1.0,0.15,12750.0,2132.79,Cash on Delivery,Delivered,Profit
ORD02490,2025-07-06,CUST0464,Accessories,Backpack,1.0,0.1,1980.0,630.15,UPI,Delivered,Profit
ORD02491,2026-07-17,CUST0191,Office Supplies,Paper,2.0,0.0,900.0,220.0,Cash on Delivery,Delivered,Profit
ORD02492,2025-08-20,CUST0041,Accessories,Usb Hub,1.0,0.0,1800.0,650.0,NetBanking,Delivered,Profit
ORD02493,2026-06-12,CUST0086,Accessories,Usb Hub,6.0,0.0,10800.0,3900.0,UPI,Delivered,Profit
ORD02494,2026-02-09,CUST0061,Office Supplies,Desk Organizer,6.0,0.1,4860.0,1223.37,NetBanking,Delivered,Profit
ORD02495,2026-02-21,CUST0599,Furniture,Desk,6.0,0.1,81000.0,13687.75,Cash on Delivery,Delivered,Profit
ORD02496,2026-07-12,CUST0189,Office Supplies,Stapler,1.0,0.0,350.0,120.0,UPI,Shipped,Profit
ORD02497,2026-01-19,CUST0353,Accessories,Mouse,2.0,0.0,2800.0,1000.0,UPI,Delivered,Profit
ORD02498,2025-10-25,CUST0162,Electronics,Monitor,1.0,0.0,18000.0,3500.0,NetBanking,Delivered,Profit
ORD02499,2025-10-25,CUST0338,Accessories,Mouse,1.0,0.1,1260.0,-141.47,Cash on Delivery,Cancelled,Loss
ORD02500,2026-04-13,CUST0415,Electronics,Monitor,1.0,0.05,17100.0,3022.37,Cash on Delivery,Delivered,Profit
ORD02502,2025-11-28,CUST0545,Office Supplies,Printer,4.0,0.2,44800.0,4563.62,Card,Delivered,Profit
ORD02503,2025-12-31,CUST0160,Electronics,Keyboard,1.0,0.0,2500.0,71.69,Cash on Delivery,Cancelled,Profit
ORD02504,2026-03-29,CUST0095,Furniture,Bookshelf,6.0,0.15,56100.0,-15449.98,NetBanking,Returned,Loss
ORD02505,2025-08-16,CUST0404,Electronics,Headphones,4.0,0.05,17100.0,-3504.41,Card,Returned,Loss
ORD02506,2025-10-08,CUST0014,Electronics,Monitor,2.0,0.0,36000.0,7000.0,Cash on Delivery,Delivered,Profit
ORD02507,2025-10-25,CUST0253,Accessories,Backpack,2.0,0.3,3080.0,389.18,Card,Shipped,Profit
ORD02508,2025-07-08,CUST0029,Office Supplies,Desk Organizer,3.0,0.0,2700.0,840.0,Cash on Delivery,Delivered,Profit
ORD02509,2025-07-04,CUST0339,Electronics,Keyboard,1.0,0.05,2375.0,-319.04,UPI,Cancelled,Loss
ORD02510,2025-08-06,CUST0277,Office Supplies,Desk Organizer,2.0,0.0,1800.0,560.0,Cash on Delivery,Shipped,Profit
ORD02511,2026-02-01,CUST0456,Electronics,Laptop,3.0,0.0,165000.0,27000.0,UPI,Delivered,Profit
ORD02512,2026-05-22,CUST0340,Office Supplies,Desk Organizer,2.0,0.15,1530.0,366.7,UPI,Delivered,Profit
ORD02513,2025-11-29,CUST0152,Electronics,Keyboard,2.0,0.1,4500.0,1181.28,UPI,Delivered,Profit
ORD02514,2025-10-09,CUST0036,Office Supplies,Stapler,3.0,0.05,997.5,318.28,Cash on Delivery,Delivered,Profit
ORD02515,2026-05-24,CUST0020,Electronics,Monitor,1.0,0.05,17100.0,2754.92,NetBanking,Shipped,Profit
ORD02516,2026-02-02,CUST0051,Electronics,Laptop,2.0,0.2,88000.0,1637.01,Cash on Delivery,Delivered,Profit
ORD02517,2025-10-10,CUST0219,Furniture,Bookshelf,4.0,0.1,39600.0,7465.84,Cash on Delivery,Shipped,Profit
ORD02518,2026-02-28,CUST0238,Electronics,Keyboard,2.0,0.1,4500.0,1349.33,UPI,Delivered,Profit
ORD02519,2025-07-26,CUST0094,Furniture,Bookshelf,4.0,0.1,39600.0,7100.16,NetBanking,Delivered,Profit
ORD02520,2025-08-17,CUST0583,Accessories,Webcam,3.0,0.0,12600.0,3600.0,Cash on Delivery,Delivered,Profit
ORD02521,2025-07-24,CUST0220,Accessories,Mouse,3.0,0.1,3780.0,1180.5,Card,Delivered,Profit
ORD02522,2026-01-31,CUST0319,Office Supplies,Stapler,1.0,0.05,332.5,106.06,NetBanking,Delivered,Profit
ORD02523,2025-07-08,CUST0281,Furniture,Desk,4.0,0.1,54000.0,-23219.34,NetBanking,Cancelled,Loss
ORD02524,2026-07-27,CUST0531,Furniture,Desk,4.0,0.1,54000.0,10814.83,UPI,Delivered,Profit
ORD02525,2025-09-10,CUST0402,Accessories,Backpack,4.0,0.2,7040.0,1919.49,Card,Delivered,Profit
ORD02526,2026-05-07,CUST0461,Furniture,Desk,2.0,0.1,27000.0,-6197.61,Card,Cancelled,Loss
ORD02527,2026-08-11,CUST0182,Office Supplies,Printer,2.0,0.0,28000.0,5600.0,NetBanking,Delivered,Profit
ORD02528,2026-04-25,CUST0455,Office Supplies,Stapler,4.0,0.15,1190.0,-134.76,NetBanking,Returned,Loss
ORD02529,2025-11-09,CUST0527,Furniture,Office Chair,2.0,0.1,16200.0,3571.51,Cash on Delivery,Delivered,Profit
ORD02530,2026-07-27,CUST0427,Accessories,Usb Hub,2.0,0.0,3600.0,1300.0,Card,Delivered,Profit
ORD02531,2026-07-19,CUST0301,Accessories,Backpack,1.0,0.1,1980.0,-330.47,UPI,Returned,Loss
ORD02532,2026-07-06,CUST0370,Electronics,Monitor,2.0,0.05,34200.0,5877.81,Card,Delivered,Profit
ORD02533,2026-03-14,CUST0501,Furniture,Bookshelf,1.0,0.05,10450.0,2270.15,Cash on Delivery,Shipped,Profit
ORD02534,2026-08-14,CUST0175,Office Supplies,Desk Organizer,1.0,0.0,900.0,280.0,UPI,Delivered,Profit
ORD02535,2026-06-05,CUST0166,Office Supplies,Stapler,5.0,0.05,1662.5,545.04,NetBanking,Delivered,Profit
ORD02536,2026-01-03,CUST0489,Electronics,Headphones,1.0,0.05,4275.0,-125.72,UPI,Returned,Loss
ORD02537,2025-11-07,CUST0325,Furniture,Office Chair,5.0,0.1,40500.0,8450.69,NetBanking,Shipped,Profit
ORD02538,2026-07-06,CUST0353,Office Supplies,Paper,1.0,0.1,405.0,86.61,Card,Delivered,Profit
ORD02539,2025-07-06,CUST0217,Office Supplies,Desk Organizer,1.0,0.15,765.0,206.56,Cash on Delivery,Delivered,Profit
ORD02540,2026-06-20,CUST0190,Electronics,Keyboard,2.0,0.0,5000.0,1600.0,Cash on Delivery,Delivered,Profit
ORD02541,2026-07-28,CUST0230,Office Supplies,Paper,4.0,0.1,1620.0,351.87,UPI,Delivered,Profit
ORD02542,2026-01-20,CUST0121,Accessories,Mouse,4.0,0.15,4760.0,1417.59,UPI,Delivered,Profit
ORD02543,2025-11-08,CUST0250,Office Supplies,Stapler,3.0,0.0,1050.0,360.0,Card,Delivered,Profit
ORD02544,2026-03-03,CUST0199,Office Supplies,Printer,6.0,0.1,75600.0,12791.84,Cash on Delivery,Delivered,Profit
ORD02545,2026-08-10,CUST0537,Office Supplies,Paper,5.0,0.1,2025.0,422.67,Cash on Delivery,Delivered,Profit
ORD02546,2025-08-12,CUST0093,Accessories,Backpack,1.0,0.15,1870.0,569.12,Card,Delivered,Profit
ORD02547,2025-11-11,CUST0061,Electronics,Laptop,2.0,0.05,104500.0,15292.96,NetBanking,Delivered,Profit
ORD02548,2026-07-14,CUST0100,Electronics,Monitor,1.0,0.05,17100.0,2886.96,UPI,Delivered,Profit
ORD02549,2025-09-08,CUST0490,Office Supplies,Desk Organizer,2.0,0.1,1620.0,412.91,UPI,Delivered,Profit
ORD02550,2025-07-18,CUST0229,Electronics,Laptop,15.0,0.2,660000.0,-479560.98,NetBanking,Returned,Loss
ORD02551,2025-12-27,CUST0362,Furniture,Office Chair,2.0,0.2,14400.0,2428.69,Card,Delivered,Profit
ORD02552,2026-07-11,CUST0128,Electronics,Monitor,2.0,0.0,36000.0,-18963.68,UPI,Returned,Loss
ORD02553,2025-07-19,CUST0102,Accessories,Webcam,1.0,0.05,3990.0,1083.12,NetBanking,Delivered,Profit
ORD02554,2026-02-24,CUST0343,Electronics,Monitor,1.0,0.1,16200.0,2547.81,Card,Delivered,Profit
ORD02555,2026-02-14,CUST0292,Office Supplies,Paper,6.0,0.05,2565.0,566.42,NetBanking,Shipped,Profit
ORD02556,2026-06-24,CUST0319,Electronics,Monitor,1.0,0.1,16200.0,2209.42,Cash on Delivery,Delivered,Profit
ORD02557,2026-07-03,CUST0527,Electronics,Headphones,1.0,0.1,4050.0,1257.35,Card,Shipped,Profit
ORD02558,2026-02-24,CUST0469,Furniture,Desk,1.0,0.1,13500.0,2278.12,UPI,Delivered,Profit
ORD02559,2025-07-09,CUST0471,Accessories,Mouse,1.0,0.0,1400.0,500.0,UPI,Delivered,Profit
ORD02560,2025-09-20,CUST0413,Office Supplies,Stapler,3.0,0.05,997.5,326.52,NetBanking,Delivered,Profit
ORD02561,2026-05-10,CUST0541,Accessories,Webcam,5.0,0.0,21000.0,6000.0,Cash on Delivery,Delivered,Profit
ORD02562,2025-12-01,CUST0423,Furniture,Desk,5.0,0.05,71250.0,15659.42,UPI,Delivered,Profit
ORD02563,2026-07-26,CUST0483,Electronics,Laptop,5.0,0.0,275000.0,-171858.98,NetBanking,Returned,Loss
ORD02564,2025-08-31,CUST0178,Electronics,Monitor,2.0,0.15,30600.0,2910.57,UPI,Delivered,Profit
ORD02565,2026-02-23,CUST0219,Accessories,Usb Hub,3.0,0.0,5400.0,1950.0,UPI,Shipped,Profit
ORD02566,2025-09-20,CUST0020,Office Supplies,Stapler,1.0,0.0,350.0,120.0,Cash on Delivery,Delivered,Profit
ORD02567,2026-01-17,CUST0048,Furniture,Cabinet,1.0,0.0,13000.0,3200.0,UPI,Delivered,Profit
ORD02568,2025-09-05,CUST0198,Electronics,Monitor,2.0,0.1,32400.0,4671.33,Cash on Delivery,Delivered,Profit
ORD02569,2025-11-16,CUST0396,Accessories,Webcam,2.0,0.1,7560.0,1786.52,NetBanking,Delivered,Profit
ORD02570,2026-02-18,CUST0483,Furniture,Cabinet,3.0,0.1,35100.0,6934.66,UPI,Delivered,Profit
ORD02571,2026-06-25,CUST0353,Accessories,Usb Hub,2.0,0.2,2880.0,-631.06,NetBanking,Cancelled,Loss
ORD02572,2025-10-24,CUST0504,Furniture,Cabinet,3.0,0.05,37050.0,8289.7,NetBanking,Delivered,Profit
ORD02573,2025-11-19,CUST0162,Electronics,Keyboard,1.0,0.05,2375.0,715.7,Cash on Delivery,Delivered,Profit
ORD02574,2025-08-26,CUST0140,Accessories,Backpack,1.0,0.0,2200.0,750.0,Cash on Delivery,Shipped,Profit
ORD02575,2025-08-27,CUST0164,Office Supplies,Stapler,2.0,0.0,700.0,240.0,NetBanking,Delivered,Profit
ORD02576,2026-06-02,CUST0350,Office Supplies,Desk Organizer,1.0,0.15,765.0,196.61,NetBanking,Delivered,Profit
ORD02577,2026-05-02,CUST0332,Furniture,Desk,3.0,0.05,42750.0,9086.4,Cash on Delivery,Delivered,Profit
ORD02578,2026-01-06,CUST0576,Office Supplies,Printer,1.0,0.2,11200.0,-3283.69,NetBanking,Returned,Loss
ORD02579,2026-08-14,CUST0553,Electronics,Headphones,1.0,0.1,4050.0,1208.14,Card,Delivered,Profit
ORD02580,2025-08-17,CUST0314,Furniture,Cabinet,4.0,0.0,52000.0,12800.0,Card,Delivered,Profit
ORD02581,2025-08-21,CUST0038,Furniture,Cabinet,2.0,0.15,22100.0,4082.14,UPI,Delivered,Profit
ORD02582,2026-01-08,CUST0103,Accessories,Usb Hub,2.0,0.0,3600.0,1300.0,Cash on Delivery,Delivered,Profit
ORD02583,2025-12-03,CUST0036,Furniture,Desk,3.0,0.15,38250.0,6077.6,Card,Delivered,Profit
ORD02584,2025-09-27,CUST0549,Electronics,Keyboard,5.0,0.2,10000.0,2420.3,NetBanking,Delivered,Profit
ORD02585,2025-08-31,CUST0121,Furniture,Desk,2.0,0.1,27000.0,5043.79,Card,Delivered,Profit
ORD02586,2026-03-22,CUST0103,Office Supplies,Paper,2.0,0.15,765.0,137.34,Card,Delivered,Profit
ORD02587,2025-07-13,CUST0111,Furniture,Cabinet,1.0,0.1,11700.0,2140.83,NetBanking,Shipped,Profit
ORD02588,2026-04-28,CUST0343,Electronics,Monitor,4.0,0.3,50400.0,-2655.42,UPI,Delivered,Loss
ORD02589,2026-04-09,CUST0060,Accessories,Webcam,3.0,0.1,11340.0,2598.42,NetBanking,Delivered,Profit
ORD02590,2025-10-13,CUST0383,Furniture,Cabinet,4.0,0.2,41600.0,6980.86,Card,Delivered,Profit
ORD02591,2025-07-23,CUST0454,Furniture,Office Chair,3.0,0.2,21600.0,3921.16,NetBanking,Delivered,Profit
ORD02592,2025-11-14,CUST0273,Electronics,Headphones,1.0,0.0,4500.0,1500.0,NetBanking,Shipped,Profit
ORD02593,2025-11-04,CUST0015,Furniture,Cabinet,1.0,0.0,13000.0,3200.0,UPI,Delivered,Profit
ORD02594,2026-02-13,CUST0014,Furniture,Desk,3.0,0.2,36000.0,-18834.87,Cash on Delivery,Cancelled,Loss
ORD02595,2026-02-08,CUST0599,Electronics,Keyboard,3.0,0.2,6000.0,1335.9,Cash on Delivery,Delivered,Profit
ORD02596,2026-01-18,CUST0515,Furniture,Desk,5.0,0.2,60000.0,-34392.67,NetBanking,Cancelled,Loss
ORD02597,2025-10-21,CUST0372,Electronics,Keyboard,2.0,0.3,3500.0,361.73,NetBanking,Delivered,Profit
ORD02598,2026-07-23,CUST0273,Furniture,Office Chair,4.0,0.0,36000.0,9200.0,Card,Delivered,Profit
ORD02599,2025-11-19,CUST0366,Furniture,Cabinet,3.0,0.2,31200.0,5620.63,Cash on Delivery,Delivered,Profit
ORD02600,2026-05-30,CUST0103,Furniture,Office Chair,5.0,0.2,36000.0,4675.72,Cash on Delivery,Delivered,Profit
ORD02601,2025-08-13,CUST0237,Accessories,Webcam,4.0,0.1,15120.0,-1125.73,NetBanking,Cancelled,Loss
ORD02602,2026-08-27,CUST0473,Accessories,Usb Hub,6.0,0.1,9720.0,368.58,NetBanking,Returned,Profit
ORD02603,2026-05-04,CUST0228,Furniture,Cabinet,10.0,0.2,104000.0,11247.96,NetBanking,Delivered,Profit
ORD02604,2025-08-13,CUST0423,Office Supplies,Printer,6.0,0.1,75600.0,9684.08,Card,Shipped,Profit
ORD02605,2025-11-29,CUST0244,Office Supplies,Desk Organizer,1.0,0.0,900.0,-405.34,NetBanking,Returned,Loss
ORD02606,2026-06-10,CUST0139,Office Supplies,Desk Organizer,2.0,0.0,1800.0,-146.23,UPI,Returned,Loss
ORD02607,2025-12-15,CUST0110,Furniture,Bookshelf,2.0,0.15,18700.0,3272.57,Cash on Delivery,Delivered,Profit
ORD02608,2026-05-27,CUST0539,Accessories,Mouse,1.0,0.0,1400.0,500.0,Cash on Delivery,Shipped,Profit
ORD02609,2026-07-23,CUST0402,Accessories,Webcam,3.0,0.0,12600.0,3600.0,Card,Delivered,Profit
ORD02610,2026-06-13,CUST0262,Furniture,Cabinet,4.0,0.2,41600.0,5445.28,NetBanking,Delivered,Profit
ORD02611,2026-08-25,CUST0531,Furniture,Desk,1.0,0.1,13500.0,2363.3,NetBanking,Delivered,Profit
ORD02612,2026-07-01,CUST0063,Accessories,Webcam,3.0,0.15,10710.0,2473.94,Card,Delivered,Profit
ORD02613,2025-10-31,CUST0015,Electronics,Keyboard,1.0,0.15,2125.0,-940.37,UPI,Returned,Loss
ORD02614,2026-05-09,CUST0167,Accessories,Backpack,10.0,0.0,22000.0,7500.0,UPI,Delivered,Profit
ORD02615,2025-07-11,CUST0507,Office Supplies,Stapler,3.0,0.1,945.0,14.97,NetBanking,Cancelled,Profit
ORD02616,2025-12-11,CUST0116,Accessories,Webcam,1.0,0.05,3990.0,1060.39,UPI,Delivered,Profit
ORD02617,2025-12-08,CUST0506,Electronics,Laptop,3.0,0.1,148500.0,14768.45,Card,Shipped,Profit
ORD02618,2025-09-08,CUST0434,Furniture,Desk,4.0,0.1,54000.0,10095.28,Cash on Delivery,Delivered,Profit
ORD02619,2026-02-22,CUST0143,Office Supplies,Paper,2.0,0.1,810.0,144.13,UPI,Shipped,Profit
ORD02620,2026-05-31,CUST0359,Furniture,Desk,1.0,0.0,15000.0,3500.0,Cash on Delivery,Shipped,Profit
ORD02621,2026-06-23,CUST0139,Electronics,Headphones,5.0,0.15,19125.0,5163.14,Card,Delivered,Profit
ORD02622,2026-06-23,CUST0405,Office Supplies,Printer,5.0,0.05,66500.0,11725.61,UPI,Delivered,Profit
ORD02623,2025-12-14,CUST0565,Furniture,Desk,1.0,0.15,12750.0,1695.71,Cash on Delivery,Shipped,Profit
ORD02624,2026-08-03,CUST0396,Office Supplies,Paper,3.0,0.05,1282.5,285.6,Card,Delivered,Profit
ORD02625,2026-07-23,CUST0572,Furniture,Cabinet,1.0,0.0,13000.0,3200.0,NetBanking,Delivered,Profit
ORD02626,2025-07-23,CUST0267,Office Supplies,Paper,1.0,0.0,450.0,110.0,Cash on Delivery,Delivered,Profit
ORD02627,2026-03-22,CUST0230,Electronics,Monitor,2.0,0.0,36000.0,-20363.26,Card,Returned,Loss
ORD02628,2025-12-01,CUST0183,Accessories,Mouse,3.0,0.05,3990.0,1371.3,NetBanking,Delivered,Profit
ORD02629,2026-06-29,CUST0396,Furniture,Cabinet,3.0,0.15,33150.0,4718.78,Cash on Delivery,Delivered,Profit
ORD02630,2025-08-30,CUST0415,Accessories,Backpack,2.0,0.1,3960.0,1191.94,Card,Delivered,Profit
ORD02631,2026-06-21,CUST0388,Furniture,Bookshelf,1.0,0.0,11000.0,2600.0,UPI,Shipped,Profit
ORD02632,2026-02-18,CUST0144,Office Supplies,Desk Organizer,4.0,0.15,3060.0,854.26,Cash on Delivery,Delivered,Profit
ORD02633,2025-07-09,CUST0589,Electronics,Headphones,1.0,0.1,4050.0,1172.36,Card,Shipped,Profit
ORD02634,2025-10-23,CUST0266,Electronics,Monitor,2.0,0.0,36000.0,7000.0,Cash on Delivery,Delivered,Profit
ORD02635,2026-08-04,CUST0450,Office Supplies,Stapler,6.0,0.0,2100.0,720.0,NetBanking,Delivered,Profit
ORD02636,2025-09-10,CUST0374,Office Supplies,Stapler,1.0,0.15,297.5,95.08,Cash on Delivery,Delivered,Profit
ORD02637,2026-01-30,CUST0538,Electronics,Headphones,2.0,0.0,9000.0,3000.0,Card,Delivered,Profit
ORD02638,2025-12-21,CUST0158,Furniture,Desk,3.0,0.05,42750.0,9288.73,Cash on Delivery,Shipped,Profit
ORD02639,2026-02-16,CUST0186,Furniture,Bookshelf,3.0,0.1,29700.0,6027.72,Cash on Delivery,Delivered,Profit
ORD02640,2026-07-30,CUST0273,Office Supplies,Stapler,1.0,0.1,315.0,99.9,UPI,Delivered,Profit
ORD02641,2025-09-28,CUST0044,Furniture,Bookshelf,3.0,0.2,26400.0,3831.62,NetBanking,Shipped,Profit
ORD02642,2026-03-03,CUST0462,Accessories,Mouse,2.0,0.3,1960.0,324.26,Card,Delivered,Profit
ORD02643,2025-07-12,CUST0515,Furniture,Office Chair,2.0,0.0,18000.0,4600.0,Cash on Delivery,Delivered,Profit
ORD02644,2026-04-18,CUST0046,Electronics,Laptop,1.0,0.05,52250.0,6860.52,Card,Delivered,Profit
ORD02645,2025-07-08,CUST0510,Electronics,Headphones,3.0,0.2,10800.0,2497.11,Cash on Delivery,Delivered,Profit
ORD02646,2026-02-04,CUST0468,Electronics,Laptop,2.0,0.05,104500.0,14761.34,Cash on Delivery,Shipped,Profit
ORD02647,2026-05-21,CUST0375,Accessories,Mouse,6.0,0.2,6720.0,1667.36,Cash on Delivery,Delivered,Profit
ORD02648,2026-08-25,CUST0124,Office Supplies,Desk Organizer,1.0,0.1,810.0,213.02,UPI,Delivered,Profit
ORD02649,2026-04-30,CUST0313,Furniture,Desk,1.0,0.15,12750.0,1764.56,Cash on Delivery,Delivered,Profit
ORD02650,2025-12-20,CUST0362,Furniture,Bookshelf,1.0,0.15,9350.0,1797.55,Card,Delivered,Profit
ORD02651,2026-07-25,CUST0512,Electronics,Monitor,2.0,0.1,32400.0,5015.45,Cash on Delivery,Delivered,Profit
ORD02652,2025-11-13,CUST0346,Accessories,Mouse,6.0,0.05,7980.0,2691.73,Cash on Delivery,Shipped,Profit
ORD02653,2025-08-15,CUST0322,Office Supplies,Stapler,3.0,0.1,945.0,308.39,Card,Delivered,Profit
ORD02654,2026-05-09,CUST0103,Electronics,Keyboard,2.0,0.3,3500.0,499.56,Cash on Delivery,Shipped,Profit
ORD02655,2026-07-29,CUST0405,Accessories,Webcam,3.0,0.05,11970.0,3073.82,Cash on Delivery,Delivered,Profit
ORD02656,2026-05-16,CUST0190,Electronics,Laptop,1.0,0.05,52250.0,7382.04,NetBanking,Delivered,Profit
ORD02657,2025-10-25,CUST0103,Furniture,Cabinet,5.0,0.1,58500.0,11202.37,NetBanking,Delivered,Profit
ORD02658,2025-10-09,CUST0576,Furniture,Desk,1.0,0.15,12750.0,1788.68,NetBanking,Shipped,Profit
ORD02659,2026-08-10,CUST0495,Office Supplies,Stapler,2.0,0.0,700.0,240.0,Cash on Delivery,Delivered,Profit
ORD02660,2026-06-05,CUST0031,Electronics,Headphones,1.0,0.05,4275.0,1317.23,Cash on Delivery,Delivered,Profit
ORD02661,2026-06-14,CUST0003,Electronics,Headphones,2.0,0.1,8100.0,2453.84,Card,Delivered,Profit
ORD02662,2026-07-13,CUST0595,Electronics,Keyboard,5.0,0.1,11250.0,-803.91,Card,Cancelled,Loss
ORD02663,2025-12-05,CUST0594,Electronics,Laptop,5.0,0.05,261250.0,37439.57,UPI,Delivered,Profit
ORD02664,2026-01-19,CUST0369,Electronics,Keyboard,2.0,0.0,5000.0,1600.0,UPI,Delivered,Profit
ORD02665,2026-04-08,CUST0157,Office Supplies,Desk Organizer,2.0,0.15,1530.0,388.2,UPI,Delivered,Profit
ORD02666,2026-05-23,CUST0310,Furniture,Cabinet,3.0,0.05,37050.0,8518.3,UPI,Delivered,Profit
ORD02667,2025-08-17,CUST0497,Furniture,Desk,3.0,0.1,40500.0,-8647.35,Cash on Delivery,Returned,Loss
ORD02668,2026-06-27,CUST0341,Office Supplies,Desk Organizer,1.0,0.0,900.0,280.0,NetBanking,Delivered,Profit
ORD02669,2026-07-24,CUST0161,Electronics,Monitor,4.0,0.0,72000.0,14000.0,NetBanking,Delivered,Profit
ORD02670,2026-07-06,CUST0119,Furniture,Desk,2.0,0.1,27000.0,4869.33,UPI,Delivered,Profit
ORD02671,2026-06-07,CUST0443,Office Supplies,Desk Organizer,1.0,0.3,630.0,68.97,Card,Delivered,Profit
ORD02672,2026-03-16,CUST0422,Furniture,Bookshelf,5.0,0.1,49500.0,-20903.35,NetBanking,Returned,Loss
ORD02673,2025-10-06,CUST0593,Electronics,Monitor,5.0,0.1,81000.0,10679.96,Cash on Delivery,Delivered,Profit
ORD02674,2025-11-27,CUST0003,Accessories,Backpack,6.0,0.0,13200.0,4500.0,Cash on Delivery,Delivered,Profit
ORD02675,2025-12-15,CUST0119,Office Supplies,Desk Organizer,1.0,0.0,900.0,280.0,NetBanking,Shipped,Profit
ORD02676,2026-05-06,CUST0462,Accessories,Webcam,1.0,0.2,3360.0,682.02,NetBanking,Delivered,Profit
ORD02677,2026-07-01,CUST0399,Electronics,Laptop,1.0,0.05,52250.0,7440.4,Cash on Delivery,Delivered,Profit
ORD02678,2026-02-03,CUST0187,Office Supplies,Paper,1.0,0.1,405.0,80.94,UPI,Shipped,Profit
ORD02679,2026-01-09,CUST0267,Office Supplies,Desk Organizer,1.0,0.3,630.0,148.53,Card,Delivered,Profit
ORD02680,2026-05-19,CUST0013,Office Supplies,Printer,3.0,0.1,37800.0,6018.39,NetBanking,Delivered,Profit
ORD02681,2026-01-05,CUST0362,Electronics,Laptop,6.0,0.1,297000.0,34392.09,NetBanking,Delivered,Profit
ORD02682,2025-09-10,CUST0073,Electronics,Laptop,2.0,0.05,104500.0,15442.32,Cash on Delivery,Shipped,Profit
ORD02683,2025-10-14,CUST0252,Accessories,Backpack,2.0,0.0,4400.0,1500.0,Card,Delivered,Profit
ORD02684,2026-04-09,CUST0307,Office Supplies,Printer,2.0,0.1,25200.0,-3364.3,Cash on Delivery,Returned,Loss
ORD02685,2026-03-13,CUST0376,Accessories,Mouse,2.0,0.2,2240.0,576.61,Card,Delivered,Profit
ORD02686,2025-07-03,CUST0517,Electronics,Headphones,1.0,0.3,3150.0,839.06,NetBanking,Delivered,Profit
ORD02687,2025-09-02,CUST0543,Electronics,Monitor,3.0,0.05,51300.0,8816.08,Card,Delivered,Profit
ORD02688,2026-07-16,CUST0252,Electronics,Headphones,6.0,0.2,21600.0,6331.43,NetBanking,Delivered,Profit
ORD02689,2025-08-26,CUST0410,Office Supplies,Desk Organizer,1.0,0.0,900.0,280.0,Cash on Delivery,Delivered,Profit
ORD02690,2026-07-28,CUST0062,Accessories,Mouse,3.0,0.0,4200.0,1500.0,Card,Delivered,Profit
ORD02691,2026-03-11,CUST0528,Electronics,Headphones,6.0,0.05,25650.0,8162.56,Cash on Delivery,Delivered,Profit
ORD02692,2026-08-28,CUST0402,Office Supplies,Printer,2.0,0.2,22400.0,1233.27,UPI,Delivered,Profit
ORD02693,2025-10-21,CUST0440,Office Supplies,Desk Organizer,1.0,0.15,765.0,191.35,Card,Delivered,Profit
ORD02694,2026-05-29,CUST0193,Electronics,Headphones,4.0,0.05,17100.0,5583.88,NetBanking,Delivered,Profit
ORD02695,2025-07-11,CUST0257,Electronics,Keyboard,1.0,0.05,2375.0,738.74,UPI,Shipped,Profit
ORD02696,2026-04-14,CUST0251,Accessories,Webcam,1.0,0.1,3780.0,924.74,UPI,Shipped,Profit
ORD02697,2025-11-14,CUST0514,Electronics,Headphones,2.0,0.15,7650.0,-1023.79,UPI,Cancelled,Loss
ORD02698,2025-11-22,CUST0358,Office Supplies,Paper,1.0,0.2,360.0,65.15,UPI,Delivered,Profit
ORD02699,2025-12-27,CUST0598,Electronics,Monitor,2.0,0.0,36000.0,7000.0,UPI,Shipped,Profit
ORD02700,2026-08-12,CUST0393,Office Supplies,Desk Organizer,3.0,0.0,2700.0,840.0,NetBanking,Delivered,Profit
ORD02701,2025-08-12,CUST0519,Electronics,Headphones,1.0,0.15,3825.0,1115.91,NetBanking,Delivered,Profit
ORD02702,2025-07-31,CUST0165,Electronics,Headphones,3.0,0.1,12150.0,3407.5,NetBanking,Delivered,Profit
ORD02703,2026-02-14,CUST0215,Accessories,Backpack,4.0,0.0,8800.0,3000.0,Cash on Delivery,Delivered,Profit
ORD02704,2026-05-09,CUST0047,Electronics,Headphones,5.0,0.15,19125.0,5639.17,NetBanking,Delivered,Profit
ORD02705,2025-08-10,CUST0333,Accessories,Backpack,2.0,0.05,4180.0,1391.79,UPI,Delivered,Profit
ORD02706,2025-08-29,CUST0118,Accessories,Backpack,3.0,0.05,6270.0,1978.58,NetBanking,Delivered,Profit
ORD02707,2026-07-09,CUST0217,Accessories,Mouse,4.0,0.15,4760.0,1319.45,Card,Delivered,Profit
ORD02708,2026-05-15,CUST0248,Office Supplies,Paper,1.0,0.0,450.0,110.0,Cash on Delivery,Delivered,Profit
ORD02709,2025-10-26,CUST0224,Electronics,Keyboard,1.0,0.05,2375.0,716.51,NetBanking,Shipped,Profit
ORD02710,2025-12-02,CUST0492,Office Supplies,Paper,4.0,0.05,1710.0,397.86,UPI,Delivered,Profit
ORD02711,2025-09-06,CUST0535,Electronics,Headphones,1.0,0.15,3825.0,1102.8,Card,Delivered,Profit
ORD02712,2025-12-15,CUST0410,Electronics,Monitor,2.0,0.05,34200.0,-4273.52,Cash on Delivery,Returned,Loss
ORD02713,2026-03-14,CUST0152,Furniture,Bookshelf,3.0,0.15,28050.0,4581.57,UPI,Delivered,Profit
ORD02714,2025-10-15,CUST0119,Furniture,Cabinet,6.0,0.05,74100.0,16735.38,UPI,Delivered,Profit
ORD02715,2025-10-01,CUST0441,Furniture,Desk,4.0,0.15,51000.0,8027.52,NetBanking,Shipped,Profit
ORD02716,2026-04-22,CUST0286,Accessories,Backpack,3.0,0.1,5940.0,1748.88,UPI,Delivered,Profit
ORD02717,2026-08-19,CUST0479,Furniture,Cabinet,3.0,0.0,39000.0,9600.0,UPI,Delivered,Profit
ORD02718,2026-05-20,CUST0421,Electronics,Headphones,4.0,0.0,18000.0,6000.0,UPI,Delivered,Profit
ORD02719,2026-05-26,CUST0565,Accessories,Webcam,5.0,0.1,18900.0,4576.3,Card,Delivered,Profit
ORD02720,2025-12-20,CUST0542,Electronics,Laptop,1.0,0.15,46750.0,4696.05,NetBanking,Delivered,Profit
ORD02721,2026-03-12,CUST0137,Furniture,Office Chair,2.0,0.1,16200.0,3650.96,NetBanking,Delivered,Profit
ORD02722,2025-07-02,CUST0024,Furniture,Bookshelf,2.0,0.0,22000.0,5200.0,UPI,Delivered,Profit
ORD02723,2025-07-27,CUST0365,Electronics,Monitor,5.0,0.2,72000.0,3100.88,Cash on Delivery,Delivered,Profit
ORD02724,2025-10-19,CUST0294,Office Supplies,Desk Organizer,6.0,0.1,4860.0,1278.4,Cash on Delivery,Delivered,Profit
ORD02725,2025-07-11,CUST0128,Electronics,Monitor,1.0,0.15,15300.0,1683.75,Cash on Delivery,Delivered,Profit
ORD02726,2026-05-30,CUST0103,Accessories,Mouse,1.0,0.05,1330.0,464.26,Card,Shipped,Profit
ORD02727,2025-09-03,CUST0141,Furniture,Bookshelf,4.0,0.1,39600.0,-13569.29,NetBanking,Cancelled,Loss
ORD02728,2025-07-05,CUST0401,Office Supplies,Printer,1.0,0.05,13300.0,-4427.22,Cash on Delivery,Returned,Loss
ORD02729,2025-12-21,CUST0531,Office Supplies,Paper,1.0,0.05,427.5,93.96,UPI,Delivered,Profit
ORD02730,2026-06-09,CUST0501,Accessories,Usb Hub,1.0,0.1,1620.0,-697.8,NetBanking,Cancelled,Loss
ORD02731,2026-08-25,CUST0468,Accessories,Mouse,2.0,0.05,2660.0,918.77,Card,Delivered,Profit
ORD02732,2025-11-04,CUST0501,Electronics,Laptop,1.0,0.0,55000.0,9000.0,NetBanking,Shipped,Profit
ORD02733,2025-08-04,CUST0309,Accessories,Usb Hub,4.0,0.1,6480.0,-61.97,NetBanking,Returned,Loss
ORD02734,2026-05-14,CUST0341,Electronics,Headphones,1.0,0.15,3825.0,987.8,Card,Shipped,Profit
ORD02735,2026-07-11,CUST0216,Furniture,Cabinet,4.0,0.2,41600.0,6644.36,UPI,Delivered,Profit
ORD02736,2026-05-03,CUST0219,Electronics,Headphones,1.0,0.2,3600.0,876.07,Cash on Delivery,Shipped,Profit
ORD02737,2025-12-20,CUST0170,Accessories,Mouse,4.0,0.1,5040.0,1675.73,NetBanking,Delivered,Profit
ORD02738,2025-09-29,CUST0596,Furniture,Desk,1.0,0.1,13500.0,2718.82,UPI,Delivered,Profit
ORD02739,2026-03-22,CUST0185,Office Supplies,Stapler,1.0,0.2,280.0,66.85,UPI,Delivered,Profit
ORD02740,2026-03-20,CUST0241,Office Supplies,Printer,4.0,0.05,53200.0,-17486.7,NetBanking,Cancelled,Loss
ORD02741,2026-06-05,CUST0500,Furniture,Bookshelf,5.0,0.15,46750.0,7159.23,UPI,Delivered,Profit
ORD02742,2026-02-18,CUST0014,Furniture,Cabinet,1.0,0.2,10400.0,1925.99,Card,Delivered,Profit
ORD02743,2026-02-13,CUST0474,Electronics,Keyboard,3.0,0.05,7125.0,2163.49,Cash on Delivery,Delivered,Profit
ORD02744,2026-01-25,CUST0018,Office Supplies,Stapler,4.0,0.3,980.0,192.97,UPI,Delivered,Profit
ORD02745,2025-12-28,CUST0169,Electronics,Keyboard,1.0,0.1,2250.0,621.59,NetBanking,Delivered,Profit
ORD02746,2026-06-04,CUST0063,Furniture,Cabinet,3.0,0.2,31200.0,3695.14,Cash on Delivery,Delivered,Profit
ORD02747,2025-11-25,CUST0247,Accessories,Webcam,1.0,0.15,3570.0,746.53,UPI,Delivered,Profit
ORD02748,2026-06-11,CUST0003,Electronics,Headphones,2.0,0.1,8100.0,2283.74,Card,Delivered,Profit
ORD02749,2025-11-27,CUST0362,Furniture,Cabinet,3.0,0.1,35100.0,7503.34,Card,Shipped,Profit
ORD02750,2025-10-02,CUST0078,Office Supplies,Stapler,4.0,0.3,980.0,-107.47,Cash on Delivery,Cancelled,Loss
ORD02751,2025-07-05,CUST0015,Accessories,Backpack,1.0,0.1,1980.0,637.06,Cash on Delivery,Delivered,Profit
ORD02752,2025-08-29,CUST0482,Office Supplies,Paper,2.0,0.0,900.0,220.0,UPI,Delivered,Profit
ORD02753,2025-12-26,CUST0431,Furniture,Cabinet,10.0,0.2,104000.0,18282.22,NetBanking,Delivered,Profit
ORD02754,2025-11-11,CUST0528,Furniture,Bookshelf,1.0,0.2,8800.0,773.3,Cash on Delivery,Shipped,Profit
ORD02755,2026-08-01,CUST0168,Office Supplies,Printer,1.0,0.15,11900.0,1563.07,NetBanking,Delivered,Profit
ORD02756,2025-09-25,CUST0209,Electronics,Headphones,3.0,0.05,12825.0,4154.25,Cash on Delivery,Delivered,Profit
ORD02757,2026-05-01,CUST0505,Furniture,Bookshelf,4.0,0.05,41800.0,-22306.37,UPI,Cancelled,Loss
ORD02758,2025-09-15,CUST0465,Furniture,Desk,3.0,0.05,42750.0,8885.81,Cash on Delivery,Shipped,Profit
ORD02759,2026-08-29,CUST0460,Accessories,Webcam,1.0,0.0,4200.0,1200.0,NetBanking,Delivered,Profit
ORD02760,2025-11-19,CUST0318,Furniture,Desk,4.0,0.0,60000.0,14000.0,NetBanking,Delivered,Profit
ORD02761,2026-01-17,CUST0563,Furniture,Desk,3.0,0.15,38250.0,5651.7,Cash on Delivery,Delivered,Profit
ORD02762,2026-01-06,CUST0386,Furniture,Office Chair,1.0,0.15,7650.0,1160.88,Cash on Delivery,Delivered,Profit
ORD02763,2026-04-01,CUST0090,Electronics,Monitor,3.0,0.05,51300.0,8791.25,Cash on Delivery,Delivered,Profit
ORD02764,2026-05-18,CUST0343,Electronics,Keyboard,1.0,0.3,1750.0,442.17,NetBanking,Delivered,Profit
ORD02765,2025-09-05,CUST0592,Electronics,Headphones,4.0,0.15,15300.0,4389.98,NetBanking,Delivered,Profit
ORD02766,2026-08-28,CUST0190,Office Supplies,Paper,10.0,0.05,4275.0,922.53,NetBanking,Shipped,Profit
ORD02767,2025-12-14,CUST0110,Electronics,Monitor,4.0,0.3,50400.0,-1714.58,Cash on Delivery,Delivered,Loss
ORD02768,2026-02-23,CUST0132,Electronics,Headphones,1.0,0.0,4500.0,1500.0,NetBanking,Delivered,Profit
ORD02769,2026-01-27,CUST0033,Electronics,Headphones,1.0,0.0,4500.0,1500.0,Card,Delivered,Profit
ORD02770,2025-11-24,CUST0077,Office Supplies,Stapler,2.0,0.1,630.0,184.86,UPI,Delivered,Profit
ORD02771,2026-05-29,CUST0396,Office Supplies,Paper,4.0,0.15,1530.0,223.25,Card,Delivered,Profit
ORD02772,2026-08-03,CUST0298,Electronics,Monitor,3.0,0.15,45900.0,5471.85,Card,Delivered,Profit
ORD02773,2026-05-28,CUST0142,Furniture,Cabinet,3.0,0.2,31200.0,4463.74,NetBanking,Delivered,Profit
ORD02774,2026-02-07,CUST0362,Office Supplies,Printer,4.0,0.1,50400.0,7219.55,Cash on Delivery,Delivered,Profit
ORD02775,2026-02-01,CUST0451,Accessories,Usb Hub,2.0,0.0,3600.0,1300.0,UPI,Delivered,Profit
ORD02776,2025-08-10,CUST0386,Electronics,Keyboard,1.0,0.2,2000.0,565.07,NetBanking,Delivered,Profit
ORD02777,2025-12-01,CUST0196,Office Supplies,Paper,3.0,0.1,1215.0,247.46,NetBanking,Delivered,Profit
ORD02778,2026-08-18,CUST0301,Office Supplies,Desk Organizer,2.0,0.1,1620.0,424.84,UPI,Delivered,Profit
ORD02779,2025-07-01,CUST0356,Electronics,Laptop,1.0,0.05,52250.0,7483.48,Card,Delivered,Profit
ORD02780,2026-07-24,CUST0475,Electronics,Monitor,2.0,0.05,34200.0,6095.54,UPI,Delivered,Profit
ORD02781,2025-10-30,CUST0554,Accessories,Mouse,3.0,0.15,3570.0,970.59,NetBanking,Delivered,Profit
ORD02782,2025-07-10,CUST0167,Electronics,Laptop,6.0,0.0,330000.0,54000.0,NetBanking,Delivered,Profit
ORD02783,2025-09-05,CUST0388,Furniture,Office Chair,2.0,0.1,16200.0,3104.59,UPI,Delivered,Profit
ORD02784,2025-08-06,CUST0383,Office Supplies,Stapler,3.0,0.0,1050.0,-72.49,Cash on Delivery,Cancelled,Loss
ORD02785,2026-08-01,CUST0280,Furniture,Office Chair,1.0,0.15,7650.0,1442.98,Cash on Delivery,Delivered,Profit
ORD02786,2026-08-12,CUST0187,Furniture,Bookshelf,1.0,0.1,9900.0,1719.21,Card,Delivered,Profit
ORD02787,2026-05-23,CUST0155,Office Supplies,Paper,5.0,0.15,1912.5,295.72,Card,Delivered,Profit
ORD02788,2025-09-29,CUST0120,Office Supplies,Printer,1.0,0.1,12600.0,1708.62,Cash on Delivery,Delivered,Profit
ORD02789,2026-03-30,CUST0032,Furniture,Office Chair,2.0,0.2,14400.0,2145.1,Card,Delivered,Profit
ORD02790,2026-05-25,CUST0170,Furniture,Office Chair,1.0,0.05,8550.0,2068.27,NetBanking,Delivered,Profit
ORD02791,2025-07-13,CUST0598,Furniture,Cabinet,5.0,0.1,58500.0,12823.79,Card,Delivered,Profit
ORD02792,2025-09-09,CUST0229,Furniture,Bookshelf,1.0,0.2,8800.0,1380.16,Cash on Delivery,Delivered,Profit
ORD02793,2025-10-11,CUST0090,Accessories,Mouse,3.0,0.2,3360.0,970.3,NetBanking,Delivered,Profit
ORD02794,2026-06-19,CUST0184,Electronics,Headphones,1.0,0.15,3825.0,1135.46,NetBanking,Delivered,Profit
ORD02795,2026-05-14,CUST0328,Accessories,Backpack,1.0,0.1,1980.0,563.26,NetBanking,Delivered,Profit
ORD02796,2025-08-07,CUST0007,Office Supplies,Desk Organizer,1.0,0.0,900.0,280.0,NetBanking,Delivered,Profit
ORD02797,2026-08-05,CUST0547,Accessories,Webcam,1.0,0.0,4200.0,1200.0,NetBanking,Delivered,Profit
ORD02798,2025-11-02,CUST0081,Furniture,Cabinet,1.0,0.15,11050.0,-6970.97,UPI,Cancelled,Loss
ORD02799,2025-12-25,CUST0289,Office Supplies,Desk Organizer,2.0,0.05,1710.0,485.74,UPI,Delivered,Profit
ORD02800,2025-12-21,CUST0012,Office Supplies,Paper,3.0,0.05,1282.5,-183.38,Cash on Delivery,Cancelled,Loss
ORD02802,2025-08-04,CUST0362,Electronics,Keyboard,1.0,0.2,2000.0,497.82,UPI,Delivered,Profit
ORD02803,2025-08-18,CUST0487,Electronics,Monitor,2.0,0.1,32400.0,4525.46,Card,Shipped,Profit
ORD02804,2025-09-06,CUST0047,Electronics,Headphones,5.0,0.15,19125.0,5521.56,Cash on Delivery,Delivered,Profit
ORD02805,2025-09-30,CUST0359,Accessories,Webcam,3.0,0.0,12600.0,3600.0,Cash on Delivery,Delivered,Profit
ORD02806,2025-08-16,CUST0303,Electronics,Monitor,3.0,0.1,48600.0,7541.75,Card,Delivered,Profit
ORD02807,2025-11-12,CUST0424,Accessories,Backpack,3.0,0.1,5940.0,1938.8,Card,Delivered,Profit
ORD02808,2025-09-26,CUST0217,Electronics,Headphones,1.0,0.15,3825.0,943.29,NetBanking,Shipped,Profit
ORD02809,2026-05-24,CUST0012,Accessories,Mouse,2.0,0.1,2520.0,814.26,UPI,Delivered,Profit
ORD02810,2026-06-21,CUST0360,Accessories,Mouse,2.0,0.05,2660.0,890.13,NetBanking,Shipped,Profit
ORD02811,2026-01-24,CUST0033,Electronics,Laptop,4.0,0.1,198000.0,17636.97,NetBanking,Shipped,Profit
ORD02812,2025-10-27,CUST0179,Office Supplies,Desk Organizer,3.0,0.15,2295.0,499.48,UPI,Delivered,Profit
ORD02813,2026-06-24,CUST0225,Office Supplies,Stapler,3.0,0.1,945.0,292.7,Card,Delivered,Profit
ORD02814,2026-06-11,CUST0114,Furniture,Cabinet,1.0,0.2,10400.0,1890.0,Cash on Delivery,Delivered,Profit
ORD02815,2026-06-14,CUST0448,Furniture,Office Chair,3.0,0.1,24300.0,4757.01,UPI,Delivered,Profit
ORD02816,2026-04-25,CUST0315,Office Supplies,Printer,10.0,0.0,140000.0,28000.0,Cash on Delivery,Delivered,Profit
ORD02817,2025-07-29,CUST0422,Furniture,Bookshelf,4.0,0.1,39600.0,6773.82,NetBanking,Delivered,Profit
ORD02818,2025-09-20,CUST0142,Electronics,Laptop,1.0,0.1,49500.0,5970.97,UPI,Delivered,Profit
ORD02819,2026-05-09,CUST0175,Accessories,Usb Hub,2.0,0.0,3600.0,1300.0,Card,Delivered,Profit
ORD02820,2025-12-29,CUST0169,Furniture,Bookshelf,3.0,0.0,33000.0,7800.0,Cash on Delivery,Delivered,Profit
ORD02821,2025-08-10,CUST0100,Electronics,Keyboard,6.0,0.1,13500.0,3613.62,Cash on Delivery,Delivered,Profit
ORD02822,2026-03-24,CUST0352,Furniture,Desk,1.0,0.0,15000.0,-7610.3,UPI,Cancelled,Loss
ORD02823,2025-12-24,CUST0516,Accessories,Mouse,2.0,0.3,1960.0,428.98,NetBanking,Delivered,Profit
ORD02824,2026-02-27,CUST0245,Electronics,Monitor,2.0,0.2,28800.0,3434.35,NetBanking,Delivered,Profit
ORD02825,2026-06-17,CUST0386,Furniture,Office Chair,5.0,0.0,45000.0,11500.0,Cash on Delivery,Delivered,Profit
ORD02826,2025-10-03,CUST0470,Furniture,Bookshelf,1.0,0.1,9900.0,1908.4,UPI,Delivered,Profit
ORD02827,2026-01-16,CUST0342,Furniture,Cabinet,1.0,0.1,11700.0,2611.05,Cash on Delivery,Delivered,Profit
ORD02828,2025-11-27,CUST0128,Furniture,Cabinet,10.0,0.0,130000.0,32000.0,NetBanking,Delivered,Profit
ORD02829,2025-12-03,CUST0569,Furniture,Desk,3.0,0.1,40500.0,7804.96,Card,Delivered,Profit
ORD02830,2026-08-05,CUST0487,Furniture,Cabinet,1.0,0.05,12350.0,2856.72,NetBanking,Delivered,Profit
ORD02831,2026-02-10,CUST0186,Electronics,Headphones,3.0,0.3,9450.0,-2943.06,UPI,Cancelled,Loss
ORD02832,2026-03-27,CUST0013,Electronics,Headphones,10.0,0.1,40500.0,12007.12,Card,Delivered,Profit
ORD02833,2026-08-31,CUST0543,Office Supplies,Stapler,5.0,0.15,1487.5,446.95,UPI,Shipped,Profit
ORD02834,2025-11-09,CUST0516,Furniture,Bookshelf,1.0,0.1,9900.0,-1653.92,Card,Cancelled,Loss
ORD02835,2026-05-21,CUST0469,Accessories,Usb Hub,1.0,0.0,1800.0,650.0,NetBanking,Delivered,Profit
ORD02836,2025-07-21,CUST0184,Electronics,Headphones,2.0,0.1,8100.0,2263.37,NetBanking,Delivered,Profit
ORD02837,2025-08-22,CUST0435,Office Supplies,Paper,4.0,0.15,1530.0,277.82,Cash on Delivery,Delivered,Profit
ORD02838,2026-05-15,CUST0056,Electronics,Headphones,2.0,0.15,7650.0,2264.31,Card,Shipped,Profit
ORD02839,2026-08-21,CUST0251,Accessories,Webcam,1.0,0.0,4200.0,1200.0,UPI,Delivered,Profit
ORD02840,2026-03-15,CUST0267,Accessories,Backpack,1.0,0.05,2090.0,682.91,Cash on Delivery,Shipped,Profit
ORD02841,2026-07-09,CUST0121,Furniture,Office Chair,1.0,0.0,9000.0,2300.0,NetBanking,Delivered,Profit
ORD02842,2026-07-17,CUST0140,Furniture,Cabinet,1.0,0.0,13000.0,3200.0,UPI,Delivered,Profit
ORD02843,2025-10-19,CUST0243,Accessories,Mouse,5.0,0.2,5600.0,1356.0,NetBanking,Delivered,Profit
ORD02844,2026-02-01,CUST0524,Office Supplies,Printer,4.0,0.1,50400.0,-24368.39,Card,Returned,Loss
ORD02845,2025-09-24,CUST0152,Electronics,Monitor,1.0,0.1,16200.0,2033.05,Card,Delivered,Profit
ORD02846,2025-11-02,CUST0152,Accessories,Webcam,2.0,0.15,7140.0,1511.25,NetBanking,Delivered,Profit
ORD02847,2026-07-26,CUST0203,Accessories,Backpack,2.0,0.1,3960.0,-222.27,UPI,Returned,Loss
ORD02848,2025-12-04,CUST0158,Electronics,Headphones,2.0,0.1,8100.0,2262.92,Card,Delivered,Profit
ORD02849,2025-07-22,CUST0113,Furniture,Office Chair,5.0,0.05,42750.0,9675.18,NetBanking,Delivered,Profit
ORD02850,2025-10-02,CUST0006,Accessories,Webcam,2.0,0.05,7980.0,2202.88,Card,Delivered,Profit
ORD02851,2025-11-17,CUST0003,Furniture,Cabinet,2.0,0.0,26000.0,6400.0,UPI,Delivered,Profit
ORD02852,2026-04-18,CUST0281,Furniture,Office Chair,2.0,0.0,18000.0,4600.0,NetBanking,Delivered,Profit
ORD02853,2026-07-14,CUST0190,Electronics,Keyboard,4.0,0.05,9500.0,2893.96,NetBanking,Delivered,Profit
ORD02854,2026-08-28,CUST0427,Furniture,Desk,3.0,0.3,31500.0,-20247.02,UPI,Cancelled,Loss
ORD02855,2026-04-17,CUST0508,Office Supplies,Paper,10.0,0.0,4500.0,-2075.88,Cash on Delivery,Cancelled,Loss
ORD02856,2026-08-17,CUST0203,Office Supplies,Paper,1.0,0.1,405.0,82.92,Cash on Delivery,Delivered,Profit
ORD02857,2026-04-24,CUST0528,Electronics,Monitor,6.0,0.05,102600.0,16988.54,Card,Delivered,Profit
ORD02858,2025-07-13,CUST0104,Furniture,Cabinet,3.0,0.05,37050.0,8273.01,Cash on Delivery,Shipped,Profit
ORD02859,2025-08-30,CUST0373,Office Supplies,Desk Organizer,4.0,0.1,3240.0,877.7,UPI,Delivered,Profit
ORD02860,2026-02-27,CUST0310,Electronics,Headphones,2.0,0.2,7200.0,1561.19,UPI,Shipped,Profit
ORD02861,2026-05-12,CUST0026,Office Supplies,Printer,2.0,0.05,26600.0,4863.15,Cash on Delivery,Shipped,Profit
ORD02862,2026-03-03,CUST0065,Furniture,Bookshelf,3.0,0.2,26400.0,3621.95,Cash on Delivery,Delivered,Profit
ORD02863,2025-11-09,CUST0007,Electronics,Monitor,2.0,0.15,30600.0,3270.99,UPI,Delivered,Profit
ORD02864,2026-01-01,CUST0187,Electronics,Headphones,1.0,0.05,4275.0,1359.42,NetBanking,Delivered,Profit
ORD02865,2025-08-10,CUST0043,Furniture,Bookshelf,3.0,0.15,28050.0,4115.36,UPI,Delivered,Profit
ORD02866,2026-01-19,CUST0198,Furniture,Desk,2.0,0.15,25500.0,-9755.56,Card,Returned,Loss
ORD02867,2026-02-16,CUST0250,Electronics,Keyboard,4.0,0.0,10000.0,3200.0,NetBanking,Shipped,Profit
ORD02868,2026-04-13,CUST0058,Accessories,Backpack,2.0,0.1,3960.0,-1163.73,UPI,Cancelled,Loss
ORD02869,2025-12-31,CUST0388,Accessories,Mouse,10.0,0.1,12600.0,4146.48,NetBanking,Delivered,Profit
ORD02870,2026-05-26,CUST0419,Office Supplies,Stapler,2.0,0.05,665.0,216.99,Cash on Delivery,Delivered,Profit
ORD02871,2025-10-27,CUST0556,Accessories,Webcam,3.0,0.0,12600.0,3600.0,NetBanking,Delivered,Profit
ORD02872,2025-08-07,CUST0424,Office Supplies,Paper,3.0,0.1,1215.0,248.7,UPI,Delivered,Profit
ORD02873,2025-07-13,CUST0265,Furniture,Cabinet,5.0,0.2,52000.0,5796.87,UPI,Delivered,Profit
ORD02874,2026-01-14,CUST0374,Office Supplies,Stapler,2.0,0.0,700.0,52.95,Cash on Delivery,Cancelled,Profit
ORD02875,2026-02-03,CUST0493,Accessories,Backpack,3.0,0.1,5940.0,1764.95,NetBanking,Delivered,Profit
ORD02876,2025-10-13,CUST0316,Furniture,Office Chair,2.0,0.1,16200.0,3219.88,Cash on Delivery,Shipped,Profit
ORD02877,2026-06-29,CUST0510,Accessories,Webcam,2.0,0.05,7980.0,2124.1,Cash on Delivery,Delivered,Profit
ORD02878,2026-01-11,CUST0400,Accessories,Backpack,1.0,0.2,1760.0,543.68,Cash on Delivery,Delivered,Profit
ORD02879,2025-09-18,CUST0319,Furniture,Cabinet,3.0,0.1,35100.0,6372.7,Cash on Delivery,Delivered,Profit
ORD02880,2026-04-07,CUST0410,Accessories,Usb Hub,2.0,0.0,3600.0,1300.0,Card,Shipped,Profit
ORD02881,2026-08-09,CUST0269,Furniture,Office Chair,3.0,0.2,21600.0,-10130.17,Card,Returned,Loss
ORD02882,2026-06-05,CUST0091,Electronics,Laptop,2.0,0.0,110000.0,18000.0,NetBanking,Shipped,Profit
ORD02883,2025-12-27,CUST0171,Accessories,Usb Hub,5.0,0.1,8100.0,2751.33,UPI,Shipped,Profit
ORD02884,2026-05-23,CUST0087,Office Supplies,Paper,3.0,0.3,945.0,-8.49,NetBanking,Delivered,Loss
ORD02885,2026-04-22,CUST0562,Electronics,Headphones,5.0,0.05,21375.0,6599.74,Cash on Delivery,Delivered,Profit
ORD02886,2026-02-01,CUST0349,Accessories,Mouse,3.0,0.15,3570.0,966.27,Card,Delivered,Profit
ORD02887,2026-05-11,CUST0244,Electronics,Laptop,3.0,0.15,140250.0,13389.1,NetBanking,Delivered,Profit
ORD02888,2026-01-20,CUST0250,Accessories,Backpack,4.0,0.1,7920.0,2513.43,UPI,Delivered,Profit
ORD02889,2025-11-20,CUST0100,Office Supplies,Desk Organizer,2.0,0.0,1800.0,560.0,Card,Delivered,Profit
ORD02890,2026-01-27,CUST0047,Office Supplies,Desk Organizer,3.0,0.15,2295.0,-663.44,Cash on Delivery,Returned,Loss
ORD02891,2026-02-24,CUST0594,Furniture,Bookshelf,2.0,0.05,20900.0,4666.7,Cash on Delivery,Delivered,Profit
ORD02892,2026-04-08,CUST0500,Electronics,Monitor,1.0,0.2,14400.0,892.0,Cash on Delivery,Delivered,Profit
ORD02893,2026-08-25,CUST0325,Electronics,Headphones,3.0,0.15,11475.0,2932.39,Cash on Delivery,Delivered,Profit
ORD02894,2025-09-10,CUST0599,Electronics,Headphones,1.0,0.0,4500.0,-1680.58,Card,Cancelled,Loss
ORD02895,2026-02-16,CUST0235,Electronics,Monitor,2.0,0.1,32400.0,4924.04,Cash on Delivery,Delivered,Profit
ORD02896,2026-08-29,CUST0204,Accessories,Mouse,5.0,0.3,4900.0,-146.66,NetBanking,Cancelled,Loss
ORD02897,2026-03-10,CUST0482,Electronics,Headphones,2.0,0.15,7650.0,2252.85,NetBanking,Delivered,Profit
ORD02898,2025-10-07,CUST0364,Electronics,Monitor,1.0,0.1,16200.0,-7932.26,NetBanking,Returned,Loss
ORD02899,2026-07-23,CUST0343,Office Supplies,Stapler,2.0,0.1,630.0,183.22,NetBanking,Delivered,Profit
ORD02900,2026-02-03,CUST0203,Furniture,Desk,2.0,0.0,30000.0,7000.0,Cash on Delivery,Shipped,Profit
ORD02901,2025-10-17,CUST0372,Electronics,Keyboard,1.0,0.1,2250.0,-66.16,Card,Returned,Loss
ORD02902,2025-11-14,CUST0342,Furniture,Cabinet,5.0,0.1,58500.0,11902.27,Card,Shipped,Profit
ORD02903,2026-03-08,CUST0208,Office Supplies,Paper,1.0,0.05,427.5,92.69,NetBanking,Delivered,Profit
ORD02904,2026-01-12,CUST0065,Office Supplies,Desk Organizer,4.0,0.05,3420.0,1038.26,UPI,Delivered,Profit
ORD02905,2026-02-06,CUST0511,Electronics,Laptop,3.0,0.1,148500.0,16950.21,Cash on Delivery,Shipped,Profit
ORD02906,2026-02-11,CUST0087,Office Supplies,Printer,6.0,0.2,67200.0,9207.43,Card,Shipped,Profit
ORD02907,2025-12-18,CUST0114,Office Supplies,Desk Organizer,2.0,0.15,1530.0,358.62,NetBanking,Delivered,Profit
ORD02908,2026-06-23,CUST0218,Electronics,Laptop,2.0,0.05,104500.0,14407.29,NetBanking,Delivered,Profit
ORD02909,2026-01-07,CUST0274,Office Supplies,Desk Organizer,1.0,0.15,765.0,191.56,NetBanking,Delivered,Profit
ORD02910,2026-07-13,CUST0350,Accessories,Mouse,4.0,0.1,5040.0,1595.99,NetBanking,Delivered,Profit
ORD02911,2025-12-27,CUST0308,Office Supplies,Printer,1.0,0.3,9800.0,-234.49,Cash on Delivery,Delivered,Loss
ORD02912,2025-10-12,CUST0270,Office Supplies,Desk Organizer,3.0,0.05,2565.0,755.06,NetBanking,Delivered,Profit
ORD02913,2025-10-20,CUST0018,Office Supplies,Stapler,3.0,0.1,945.0,-98.48,Cash on Delivery,Cancelled,Loss
ORD02914,2026-05-06,CUST0403,Furniture,Bookshelf,4.0,0.2,35200.0,4225.6,Card,Delivered,Profit
ORD02915,2025-07-26,CUST0214,Electronics,Monitor,1.0,0.0,18000.0,3500.0,Card,Delivered,Profit
ORD02916,2026-04-14,CUST0112,Furniture,Office Chair,2.0,0.0,18000.0,4600.0,Cash on Delivery,Delivered,Profit
ORD02917,2025-07-04,CUST0271,Office Supplies,Printer,1.0,0.15,11900.0,1630.31,Cash on Delivery,Delivered,Profit
ORD02918,2026-01-10,CUST0313,Office Supplies,Stapler,2.0,0.05,665.0,217.97,Card,Delivered,Profit
ORD02919,2025-08-10,CUST0018,Electronics,Laptop,2.0,0.1,99000.0,8687.16,Cash on Delivery,Delivered,Profit
ORD02920,2026-03-21,CUST0513,Electronics,Laptop,3.0,0.15,140250.0,7235.69,Cash on Delivery,Delivered,Profit
ORD02921,2025-09-20,CUST0280,Furniture,Office Chair,4.0,0.0,36000.0,9200.0,UPI,Delivered,Profit
ORD02922,2026-03-17,CUST0027,Office Supplies,Printer,2.0,0.15,23800.0,3614.08,Card,Delivered,Profit
ORD02923,2025-09-28,CUST0443,Electronics,Keyboard,1.0,0.15,2125.0,553.67,UPI,Delivered,Profit
ORD02924,2025-07-01,CUST0528,Electronics,Keyboard,1.0,0.15,2125.0,-460.94,Cash on Delivery,Cancelled,Loss
ORD02925,2026-07-09,CUST0157,Furniture,Desk,2.0,0.05,28500.0,-9163.89,Cash on Delivery,Cancelled,Loss
ORD02926,2026-02-15,CUST0529,Furniture,Bookshelf,2.0,0.05,20900.0,4560.38,NetBanking,Delivered,Profit
ORD02927,2026-05-14,CUST0215,Accessories,Backpack,6.0,0.2,10560.0,3139.03,UPI,Delivered,Profit
ORD02928,2025-10-07,CUST0587,Office Supplies,Paper,1.0,0.1,405.0,82.87,UPI,Shipped,Profit
ORD02929,2026-06-17,CUST0476,Accessories,Usb Hub,5.0,0.15,7650.0,2234.51,UPI,Delivered,Profit
ORD02930,2025-10-13,CUST0362,Accessories,Usb Hub,4.0,0.1,6480.0,-1799.34,Card,Returned,Loss
ORD02931,2026-07-24,CUST0518,Office Supplies,Desk Organizer,4.0,0.05,3420.0,1011.94,NetBanking,Delivered,Profit
ORD02932,2025-09-07,CUST0171,Accessories,Mouse,3.0,0.1,3780.0,1216.56,UPI,Delivered,Profit
ORD02933,2026-07-22,CUST0139,Furniture,Bookshelf,15.0,0.1,148500.0,31008.69,Cash on Delivery,Delivered,Profit
ORD02934,2025-10-13,CUST0028,Furniture,Desk,5.0,0.1,67500.0,11480.76,NetBanking,Delivered,Profit
ORD02935,2026-02-15,CUST0585,Electronics,Monitor,2.0,0.2,28800.0,3584.4,NetBanking,Delivered,Profit
ORD02936,2026-07-11,CUST0322,Office Supplies,Paper,1.0,0.0,450.0,-131.62,UPI,Returned,Loss
ORD02937,2025-12-02,CUST0252,Furniture,Office Chair,4.0,0.05,34200.0,8286.73,NetBanking,Delivered,Profit
ORD02938,2026-01-24,CUST0338,Furniture,Office Chair,1.0,0.15,7650.0,1203.28,Card,Shipped,Profit
ORD02939,2026-07-30,CUST0036,Electronics,Monitor,3.0,0.0,54000.0,10500.0,Card,Shipped,Profit
ORD02940,2026-07-10,CUST0055,Electronics,Laptop,1.0,0.05,52250.0,7640.38,Cash on Delivery,Delivered,Profit
ORD02941,2025-09-25,CUST0020,Electronics,Monitor,1.0,0.15,15300.0,2147.61,UPI,Delivered,Profit
ORD02942,2026-05-14,CUST0469,Electronics,Laptop,2.0,0.0,110000.0,18000.0,Cash on Delivery,Delivered,Profit
ORD02943,2025-11-02,CUST0229,Electronics,Monitor,5.0,0.1,81000.0,10327.57,Cash on Delivery,Delivered,Profit
ORD02944,2025-10-28,CUST0172,Electronics,Laptop,3.0,0.15,140250.0,-88427.01,Cash on Delivery,Returned,Loss
ORD02945,2026-05-02,CUST0589,Electronics,Keyboard,5.0,0.2,10000.0,2289.84,UPI,Delivered,Profit
ORD02946,2026-01-23,CUST0269,Accessories,Mouse,1.0,0.0,1400.0,-322.35,UPI,Returned,Loss
ORD02947,2025-07-07,CUST0442,Furniture,Cabinet,1.0,0.1,11700.0,-3767.35,Card,Returned,Loss
ORD02948,2025-11-26,CUST0530,Electronics,Headphones,3.0,0.1,12150.0,-1730.66,Card,Cancelled,Loss
ORD02949,2025-11-27,CUST0553,Electronics,Monitor,15.0,0.05,256500.0,41994.11,Card,Delivered,Profit
ORD02950,2025-09-23,CUST0166,Accessories,Mouse,1.0,0.1,1260.0,-72.46,Cash on Delivery,Cancelled,Loss
ORD02951,2026-03-09,CUST0496,Office Supplies,Printer,2.0,0.15,23800.0,2908.2,NetBanking,Delivered,Profit
ORD02952,2026-01-25,CUST0321,Electronics,Monitor,3.0,0.1,48600.0,6837.38,UPI,Shipped,Profit
ORD02953,2025-10-18,CUST0032,Electronics,Keyboard,1.0,0.15,2125.0,539.32,Card,Shipped,Profit
ORD02954,2026-06-07,CUST0442,Office Supplies,Desk Organizer,1.0,0.05,855.0,244.92,Cash on Delivery,Shipped,Profit
ORD02955,2026-06-19,CUST0544,Accessories,Usb Hub,4.0,0.15,6120.0,1980.35,UPI,Delivered,Profit
ORD02956,2026-03-10,CUST0335,Furniture,Office Chair,3.0,0.2,21600.0,2903.51,UPI,Delivered,Profit
ORD02957,2026-04-04,CUST0514,Furniture,Office Chair,15.0,0.1,121500.0,26579.08,Cash on Delivery,Delivered,Profit
ORD02958,2025-10-14,CUST0349,Accessories,Backpack,1.0,0.05,2090.0,696.4,NetBanking,Delivered,Profit
ORD02959,2026-06-11,CUST0573,Office Supplies,Stapler,15.0,0.0,5250.0,1800.0,UPI,Delivered,Profit
ORD02960,2026-01-23,CUST0584,Office Supplies,Desk Organizer,2.0,0.2,1440.0,346.44,Card,Delivered,Profit
ORD02961,2025-09-12,CUST0509,Office Supplies,Paper,5.0,0.1,2025.0,-561.94,NetBanking,Cancelled,Loss
ORD02962,2025-09-07,CUST0020,Office Supplies,Printer,3.0,0.2,33600.0,-18868.92,Cash on Delivery,Cancelled,Loss
ORD02963,2026-04-22,CUST0325,Furniture,Cabinet,2.0,0.3,18200.0,2548.34,UPI,Shipped,Profit
ORD02964,2026-05-31,CUST0181,Electronics,Keyboard,1.0,0.15,2125.0,483.96,UPI,Delivered,Profit
ORD02965,2026-04-22,CUST0186,Accessories,Usb Hub,1.0,0.0,1800.0,650.0,Cash on Delivery,Delivered,Profit
ORD02966,2026-05-21,CUST0409,Office Supplies,Stapler,6.0,0.1,1890.0,588.21,NetBanking,Delivered,Profit
ORD02967,2026-06-09,CUST0079,Office Supplies,Stapler,2.0,0.2,560.0,143.21,Card,Delivered,Profit
ORD02968,2026-04-01,CUST0158,Electronics,Keyboard,3.0,0.2,6000.0,-423.74,Card,Cancelled,Loss
ORD02969,2026-01-13,CUST0478,Furniture,Cabinet,4.0,0.15,44200.0,7306.14,Cash on Delivery,Delivered,Profit
ORD02970,2025-12-17,CUST0124,Electronics,Headphones,1.0,0.0,4500.0,1500.0,UPI,Shipped,Profit
ORD02971,2026-06-21,CUST0166,Electronics,Headphones,3.0,0.1,12150.0,3367.65,Card,Delivered,Profit
ORD02972,2026-01-17,CUST0126,Office Supplies,Printer,1.0,0.15,11900.0,1673.81,Cash on Delivery,Delivered,Profit
ORD02973,2026-06-05,CUST0293,Accessories,Backpack,2.0,0.0,4400.0,1500.0,Cash on Delivery,Shipped,Profit
ORD02974,2026-03-08,CUST0482,Electronics,Laptop,1.0,0.1,49500.0,4644.87,Card,Shipped,Profit
ORD02975,2025-10-24,CUST0074,Office Supplies,Printer,2.0,0.1,25200.0,4038.44,UPI,Delivered,Profit
ORD02976,2026-07-01,CUST0535,Office Supplies,Paper,2.0,0.05,855.0,184.28,Cash on Delivery,Shipped,Profit
ORD02977,2026-03-20,CUST0186,Office Supplies,Desk Organizer,10.0,0.15,7650.0,2078.36,Card,Shipped,Profit
ORD02978,2025-08-11,CUST0574,Furniture,Office Chair,1.0,0.05,8550.0,1953.25,NetBanking,Delivered,Profit
ORD02979,2026-03-19,CUST0014,Electronics,Monitor,2.0,0.15,30600.0,2670.55,Cash on Delivery,Delivered,Profit
ORD02980,2026-07-08,CUST0422,Furniture,Cabinet,1.0,0.1,11700.0,2390.48,Cash on Delivery,Delivered,Profit
ORD02981,2025-08-29,CUST0441,Accessories,Mouse,5.0,0.15,5950.0,1904.94,Cash on Delivery,Delivered,Profit
ORD02982,2026-05-27,CUST0412,Accessories,Webcam,1.0,0.15,3570.0,721.04,UPI,Delivered,Profit
ORD02983,2025-12-22,CUST0401,Office Supplies,Paper,4.0,0.2,1440.0,239.34,NetBanking,Delivered,Profit
ORD02984,2026-07-02,CUST0528,Furniture,Desk,1.0,0.15,12750.0,2250.73,Card,Delivered,Profit
ORD02985,2025-10-19,CUST0521,Office Supplies,Desk Organizer,3.0,0.05,2565.0,762.17,Card,Delivered,Profit
ORD02986,2026-08-21,CUST0574,Electronics,Laptop,5.0,0.15,233750.0,22788.85,Cash on Delivery,Delivered,Profit
ORD02987,2025-07-15,CUST0209,Furniture,Office Chair,2.0,0.1,16200.0,3408.3,Card,Delivered,Profit
ORD02988,2026-07-30,CUST0422,Furniture,Bookshelf,5.0,0.1,49500.0,10402.52,Cash on Delivery,Delivered,Profit
ORD02989,2026-08-27,CUST0271,Office Supplies,Desk Organizer,5.0,0.1,4050.0,1095.45,Cash on Delivery,Delivered,Profit
ORD02990,2026-08-02,CUST0415,Electronics,Monitor,5.0,0.15,76500.0,11074.55,NetBanking,Delivered,Profit
ORD02991,2026-07-09,CUST0521,Accessories,Usb Hub,5.0,0.05,8550.0,3017.9,Cash on Delivery,Delivered,Profit
ORD02992,2026-08-15,CUST0033,Office Supplies,Printer,5.0,0.05,66500.0,11049.17,Card,Delivered,Profit
ORD02993,2026-05-02,CUST0529,Office Supplies,Stapler,2.0,0.0,700.0,240.0,Card,Delivered,Profit
ORD02994,2026-02-09,CUST0281,Office Supplies,Printer,3.0,0.1,37800.0,6362.47,NetBanking,Shipped,Profit
ORD02995,2026-08-27,CUST0208,Office Supplies,Desk Organizer,1.0,0.2,720.0,150.57,Cash on Delivery,Delivered,Profit
ORD02996,2025-11-03,CUST0106,Furniture,Office Chair,3.0,0.0,27000.0,6900.0,NetBanking,Delivered,Profit
ORD02997,2025-10-02,CUST0509,Accessories,Mouse,2.0,0.1,2520.0,791.42,Card,Delivered,Profit
ORD02998,2025-07-06,CUST0178,Accessories,Mouse,4.0,0.15,4760.0,1613.02,Cash on Delivery,Delivered,Profit
ORD02999,2026-05-28,CUST0475,Electronics,Laptop,3.0,0.1,148500.0,13701.93,UPI,Delivered,Profit
ORD03000,2026-08-26,CUST0400,Office Supplies,Stapler,6.0,0.15,1785.0,560.5,NetBanking,Delivered,Profit
ORD03001,2025-08-29,CUST0106,Furniture,Office Chair,2.0,0.1,16200.0,3663.04,UPI,Delivered,Profit
ORD03002,2025-11-10,CUST0179,Electronics,Laptop,3.0,0.0,165000.0,27000.0,Cash on Delivery,Delivered,Profit
ORD03003,2025-08-22,CUST0577,Office Supplies,Desk Organizer,5.0,0.1,4050.0,-789.15,NetBanking,Returned,Loss
ORD03004,2026-07-24,CUST0028,Furniture,Bookshelf,1.0,0.1,9900.0,1924.96,NetBanking,Delivered,Profit
ORD03005,2025-08-11,CUST0057,Electronics,Laptop,1.0,0.2,44000.0,2973.24,UPI,Delivered,Profit
ORD03006,2026-02-28,CUST0540,Accessories,Usb Hub,3.0,0.05,5130.0,1807.95,NetBanking,Delivered,Profit
ORD03007,2026-07-11,CUST0020,Furniture,Bookshelf,3.0,0.0,33000.0,7800.0,Card,Delivered,Profit
ORD03008,2025-08-18,CUST0161,Furniture,Cabinet,2.0,0.05,24700.0,5442.6,Cash on Delivery,Delivered,Profit
ORD03009,2026-08-13,CUST0252,Electronics,Monitor,2.0,0.15,30600.0,4285.94,Card,Delivered,Profit
ORD03010,2025-10-31,CUST0192,Electronics,Monitor,2.0,0.0,36000.0,-3249.5,Card,Returned,Loss
ORD03011,2025-09-03,CUST0594,Furniture,Bookshelf,4.0,0.3,30800.0,799.52,NetBanking,Delivered,Profit
ORD03012,2025-11-16,CUST0425,Furniture,Cabinet,3.0,0.0,39000.0,9600.0,NetBanking,Delivered,Profit
ORD03013,2025-09-02,CUST0542,Electronics,Monitor,2.0,0.15,30600.0,3279.5,Cash on Delivery,Shipped,Profit
ORD03014,2026-02-15,CUST0231,Electronics,Keyboard,4.0,0.1,9000.0,2408.04,Card,Shipped,Profit
ORD03015,2026-02-23,CUST0363,Furniture,Desk,3.0,0.15,38250.0,6081.78,Card,Delivered,Profit
ORD03016,2025-10-05,CUST0140,Office Supplies,Desk Organizer,2.0,0.2,1440.0,327.99,Card,Delivered,Profit
ORD03017,2026-08-23,CUST0302,Furniture,Cabinet,3.0,0.05,37050.0,8481.67,NetBanking,Shipped,Profit
ORD03018,2025-11-30,CUST0316,Office Supplies,Printer,5.0,0.15,59500.0,-26598.14,UPI,Cancelled,Loss
ORD03019,2026-08-29,CUST0348,Electronics,Keyboard,4.0,0.0,10000.0,3200.0,Cash on Delivery,Shipped,Profit
ORD03020,2025-12-31,CUST0155,Electronics,Monitor,1.0,0.15,15300.0,1362.56,Card,Delivered,Profit
ORD03021,2025-11-07,CUST0510,Office Supplies,Paper,5.0,0.0,2250.0,550.0,NetBanking,Delivered,Profit
ORD03022,2026-04-21,CUST0403,Office Supplies,Paper,2.0,0.0,900.0,-322.96,UPI,Returned,Loss
ORD03023,2025-12-08,CUST0233,Electronics,Keyboard,3.0,0.1,6750.0,-981.21,NetBanking,Cancelled,Loss
ORD03024,2026-06-28,CUST0402,Office Supplies,Printer,1.0,0.1,12600.0,1866.39,UPI,Shipped,Profit
ORD03025,2026-03-31,CUST0202,Furniture,Cabinet,2.0,0.0,26000.0,-1253.6,Cash on Delivery,Returned,Loss
ORD03026,2025-12-29,CUST0155,Office Supplies,Paper,2.0,0.15,765.0,144.89,NetBanking,Delivered,Profit
ORD03027,2025-08-17,CUST0219,Accessories,Webcam,2.0,0.2,6720.0,1364.17,NetBanking,Delivered,Profit
ORD03028,2026-05-19,CUST0141,Electronics,Headphones,3.0,0.0,13500.0,4500.0,UPI,Delivered,Profit
ORD03029,2025-08-26,CUST0383,Accessories,Usb Hub,3.0,0.0,5400.0,1950.0,Card,Delivered,Profit
ORD03030,2026-03-19,CUST0268,Accessories,Backpack,2.0,0.15,3740.0,1100.55,UPI,Delivered,Profit
ORD03031,2026-08-05,CUST0012,Furniture,Cabinet,2.0,0.1,23400.0,-1756.27,UPI,Returned,Loss
ORD03032,2025-10-30,CUST0475,Accessories,Usb Hub,4.0,0.15,6120.0,1779.1,NetBanking,Delivered,Profit
ORD03033,2025-07-09,CUST0438,Furniture,Cabinet,3.0,0.05,37050.0,8202.25,UPI,Delivered,Profit
ORD03034,2026-08-18,CUST0114,Office Supplies,Printer,2.0,0.15,23800.0,-6690.18,Cash on Delivery,Cancelled,Loss
ORD03035,2025-07-22,CUST0247,Furniture,Cabinet,4.0,0.0,52000.0,12800.0,NetBanking,Delivered,Profit
ORD03036,2026-03-11,CUST0392,Office Supplies,Printer,1.0,0.2,11200.0,770.36,NetBanking,Delivered,Profit
ORD03037,2026-07-27,CUST0263,Electronics,Headphones,5.0,0.2,18000.0,5049.38,Card,Delivered,Profit
ORD03038,2025-11-14,CUST0067,Furniture,Cabinet,5.0,0.15,55250.0,7975.3,NetBanking,Delivered,Profit
ORD03039,2026-08-04,CUST0557,Electronics,Laptop,2.0,0.15,93500.0,10395.62,Cash on Delivery,Delivered,Profit
ORD03040,2026-08-09,CUST0476,Office Supplies,Paper,3.0,0.0,1350.0,330.0,Card,Delivered,Profit
ORD03041,2026-04-15,CUST0476,Furniture,Bookshelf,2.0,0.05,20900.0,4390.07,UPI,Delivered,Profit
ORD03042,2026-03-21,CUST0146,Office Supplies,Printer,5.0,0.15,59500.0,8011.28,NetBanking,Shipped,Profit
ORD03043,2026-05-18,CUST0577,Furniture,Office Chair,6.0,0.1,48600.0,10686.95,Cash on Delivery,Delivered,Profit
ORD03044,2026-07-08,CUST0401,Office Supplies,Desk Organizer,2.0,0.15,1530.0,383.23,UPI,Shipped,Profit
ORD03045,2026-01-15,CUST0598,Accessories,Webcam,2.0,0.0,8400.0,2400.0,NetBanking,Delivered,Profit
ORD03046,2026-06-22,CUST0230,Office Supplies,Paper,2.0,0.05,855.0,192.8,Card,Delivered,Profit
ORD03047,2026-08-16,CUST0039,Office Supplies,Paper,1.0,0.1,405.0,-217.21,Cash on Delivery,Cancelled,Loss
ORD03048,2026-02-18,CUST0372,Accessories,Webcam,1.0,0.1,3780.0,853.84,Card,Delivered,Profit
ORD03049,2025-11-05,CUST0586,Electronics,Monitor,1.0,0.0,18000.0,3500.0,Cash on Delivery,Delivered,Profit
ORD03050,2025-07-04,CUST0190,Electronics,Monitor,2.0,0.15,30600.0,3775.53,UPI,Delivered,Profit
ORD03051,2026-01-25,CUST0100,Electronics,Keyboard,1.0,0.0,2500.0,800.0,Card,Delivered,Profit
ORD03052,2026-02-07,CUST0112,Office Supplies,Paper,2.0,0.15,765.0,151.81,NetBanking,Delivered,Profit
ORD03053,2025-08-05,CUST0127,Office Supplies,Stapler,2.0,0.15,595.0,176.89,NetBanking,Delivered,Profit
ORD03054,2025-11-27,CUST0531,Furniture,Cabinet,2.0,0.15,22100.0,4461.4,UPI,Delivered,Profit
ORD03055,2025-12-15,CUST0470,Furniture,Desk,1.0,0.05,14250.0,3101.27,Cash on Delivery,Delivered,Profit
ORD03056,2026-02-20,CUST0038,Electronics,Headphones,2.0,0.05,8550.0,2667.99,UPI,Delivered,Profit
ORD03057,2025-09-30,CUST0573,Electronics,Keyboard,5.0,0.15,10625.0,2571.28,UPI,Delivered,Profit
ORD03058,2025-10-16,CUST0226,Accessories,Backpack,1.0,0.3,1540.0,296.89,Cash on Delivery,Delivered,Profit
ORD03059,2025-09-14,CUST0215,Furniture,Desk,3.0,0.0,45000.0,10500.0,Card,Delivered,Profit
ORD03060,2026-05-14,CUST0257,Accessories,Usb Hub,4.0,0.1,6480.0,2116.85,UPI,Delivered,Profit
ORD03061,2026-04-18,CUST0358,Electronics,Keyboard,1.0,0.15,2125.0,541.33,NetBanking,Delivered,Profit
ORD03062,2026-03-31,CUST0271,Office Supplies,Desk Organizer,15.0,0.3,9450.0,2012.3,NetBanking,Delivered,Profit
ORD03063,2026-05-27,CUST0387,Accessories,Mouse,2.0,0.05,2660.0,886.64,NetBanking,Delivered,Profit
ORD03064,2025-08-04,CUST0401,Furniture,Office Chair,2.0,0.2,14400.0,2579.11,NetBanking,Delivered,Profit
ORD03065,2026-01-18,CUST0525,Office Supplies,Paper,1.0,0.0,450.0,110.0,UPI,Delivered,Profit
ORD03066,2026-06-09,CUST0410,Office Supplies,Paper,5.0,0.1,2025.0,414.95,NetBanking,Delivered,Profit
ORD03067,2025-11-21,CUST0220,Electronics,Laptop,6.0,0.15,280500.0,23183.18,NetBanking,Delivered,Profit
ORD03068,2025-10-21,CUST0461,Furniture,Cabinet,5.0,0.1,58500.0,12368.14,Cash on Delivery,Delivered,Profit
ORD03069,2026-06-06,CUST0385,Accessories,Mouse,5.0,0.3,4900.0,895.21,Card,Delivered,Profit
ORD03070,2026-02-06,CUST0281,Electronics,Headphones,2.0,0.2,7200.0,2108.06,Card,Shipped,Profit
ORD03071,2025-11-20,CUST0034,Accessories,Webcam,3.0,0.0,12600.0,3600.0,UPI,Delivered,Profit
ORD03072,2025-07-09,CUST0251,Furniture,Cabinet,1.0,0.1,11700.0,2444.54,NetBanking,Delivered,Profit
ORD03073,2026-05-26,CUST0538,Office Supplies,Printer,2.0,0.15,23800.0,3410.49,Cash on Delivery,Shipped,Profit
ORD03074,2026-07-07,CUST0357,Furniture,Cabinet,2.0,0.2,20800.0,2104.43,NetBanking,Delivered,Profit
ORD03075,2025-12-27,CUST0098,Electronics,Monitor,4.0,0.1,64800.0,8663.91,Cash on Delivery,Shipped,Profit
ORD03076,2026-06-13,CUST0344,Furniture,Cabinet,2.0,0.05,24700.0,5550.37,UPI,Delivered,Profit
ORD03077,2026-06-28,CUST0136,Electronics,Headphones,15.0,0.05,64125.0,19901.03,NetBanking,Delivered,Profit
ORD03078,2026-04-26,CUST0543,Electronics,Monitor,1.0,0.15,15300.0,1342.99,NetBanking,Delivered,Profit
ORD03079,2025-08-15,CUST0330,Office Supplies,Stapler,3.0,0.2,840.0,190.04,Cash on Delivery,Delivered,Profit
ORD03080,2026-08-22,CUST0362,Accessories,Webcam,3.0,0.05,11970.0,3236.87,UPI,Delivered,Profit
ORD03081,2026-03-06,CUST0353,Accessories,Usb Hub,4.0,0.0,7200.0,2600.0,UPI,Shipped,Profit
ORD03082,2026-05-23,CUST0409,Electronics,Headphones,1.0,0.05,4275.0,1330.88,NetBanking,Delivered,Profit
ORD03083,2026-07-06,CUST0519,Electronics,Headphones,2.0,0.2,7200.0,1592.29,Cash on Delivery,Delivered,Profit
ORD03084,2026-07-05,CUST0433,Accessories,Usb Hub,2.0,0.0,3600.0,1300.0,NetBanking,Delivered,Profit
ORD03085,2026-02-05,CUST0071,Electronics,Laptop,3.0,0.15,140250.0,7546.89,Card,Delivered,Profit
ORD03086,2025-09-02,CUST0059,Accessories,Webcam,1.0,0.05,3990.0,-1412.7,Card,Returned,Loss
ORD03087,2025-08-02,CUST0314,Accessories,Usb Hub,3.0,0.0,5400.0,1950.0,Card,Delivered,Profit
ORD03088,2025-07-18,CUST0481,Office Supplies,Paper,3.0,0.0,1350.0,330.0,NetBanking,Shipped,Profit
ORD03089,2026-01-12,CUST0069,Accessories,Backpack,1.0,0.1,1980.0,627.66,Cash on Delivery,Delivered,Profit
ORD03090,2025-11-14,CUST0050,Electronics,Keyboard,5.0,0.1,11250.0,3051.56,UPI,Delivered,Profit
ORD03091,2026-01-14,CUST0161,Office Supplies,Paper,3.0,0.15,1147.5,197.94,UPI,Delivered,Profit
ORD03092,2026-04-21,CUST0538,Office Supplies,Stapler,2.0,0.05,665.0,218.27,Cash on Delivery,Delivered,Profit
ORD03093,2025-08-05,CUST0563,Furniture,Bookshelf,4.0,0.0,44000.0,10400.0,Card,Delivered,Profit
ORD03094,2026-08-05,CUST0193,Electronics,Laptop,4.0,0.1,198000.0,20772.9,Cash on Delivery,Delivered,Profit
ORD03095,2026-05-16,CUST0342,Furniture,Office Chair,4.0,0.0,36000.0,9200.0,UPI,Delivered,Profit
ORD03096,2025-12-25,CUST0133,Accessories,Webcam,3.0,0.0,12600.0,-6038.47,NetBanking,Cancelled,Loss
ORD03097,2026-08-02,CUST0003,Accessories,Webcam,6.0,0.1,22680.0,5339.69,Cash on Delivery,Delivered,Profit
ORD03098,2025-10-28,CUST0010,Electronics,Headphones,1.0,0.1,4050.0,1281.99,NetBanking,Delivered,Profit
ORD03099,2026-03-09,CUST0150,Office Supplies,Stapler,2.0,0.1,630.0,201.43,Card,Shipped,Profit
ORD03100,2026-02-21,CUST0576,Accessories,Webcam,5.0,0.1,18900.0,4837.53,UPI,Delivered,Profit
ORD03102,2025-11-22,CUST0440,Accessories,Mouse,1.0,0.15,1190.0,-542.35,Cash on Delivery,Returned,Loss
ORD03103,2026-05-15,CUST0262,Furniture,Bookshelf,5.0,0.0,55000.0,13000.0,NetBanking,Delivered,Profit
ORD03104,2026-01-17,CUST0217,Electronics,Laptop,1.0,0.15,46750.0,4192.53,UPI,Delivered,Profit
ORD03105,2025-09-30,CUST0123,Furniture,Cabinet,1.0,0.0,13000.0,3200.0,Cash on Delivery,Delivered,Profit
ORD03106,2026-01-14,CUST0378,Furniture,Office Chair,3.0,0.0,27000.0,6900.0,UPI,Delivered,Profit
ORD03107,2026-03-14,CUST0399,Office Supplies,Stapler,4.0,0.1,1260.0,-382.52,UPI,Returned,Loss
ORD03108,2026-07-18,CUST0470,Furniture,Office Chair,4.0,0.0,36000.0,9200.0,UPI,Shipped,Profit
ORD03109,2025-12-09,CUST0356,Electronics,Monitor,2.0,0.1,32400.0,4758.6,NetBanking,Delivered,Profit
ORD03110,2026-03-31,CUST0508,Office Supplies,Desk Organizer,2.0,0.2,1440.0,378.62,NetBanking,Delivered,Profit
ORD03111,2025-08-13,CUST0435,Electronics,Headphones,4.0,0.2,14400.0,3752.71,Cash on Delivery,Delivered,Profit
ORD03112,2025-12-05,CUST0103,Electronics,Monitor,1.0,0.0,18000.0,3500.0,Card,Delivered,Profit
ORD03113,2025-09-23,CUST0251,Electronics,Headphones,2.0,0.15,7650.0,1863.0,NetBanking,Delivered,Profit
ORD03114,2026-02-03,CUST0443,Electronics,Monitor,1.0,0.2,14400.0,1569.67,Card,Delivered,Profit
ORD03115,2026-06-24,CUST0160,Accessories,Mouse,3.0,0.1,3780.0,1285.84,UPI,Delivered,Profit
ORD03116,2025-11-09,CUST0122,Office Supplies,Paper,1.0,0.1,405.0,77.76,NetBanking,Delivered,Profit
ORD03117,2026-07-18,CUST0511,Electronics,Keyboard,2.0,0.2,4000.0,-2365.35,Card,Cancelled,Loss
ORD03118,2025-07-17,CUST0429,Electronics,Keyboard,2.0,0.1,4500.0,-259.74,UPI,Cancelled,Loss
ORD03119,2025-11-23,CUST0585,Office Supplies,Stapler,5.0,0.1,1575.0,468.44,Card,Delivered,Profit
ORD03120,2025-11-13,CUST0586,Furniture,Desk,2.0,0.3,21000.0,1908.12,UPI,Delivered,Profit
ORD03121,2025-10-12,CUST0183,Furniture,Cabinet,4.0,0.0,52000.0,12800.0,UPI,Delivered,Profit
ORD03122,2026-06-24,CUST0298,Electronics,Monitor,1.0,0.15,15300.0,2006.78,Cash on Delivery,Delivered,Profit
ORD03123,2025-10-30,CUST0581,Electronics,Monitor,1.0,0.1,16200.0,2432.1,Cash on Delivery,Delivered,Profit
ORD03124,2026-02-17,CUST0374,Furniture,Bookshelf,1.0,0.0,11000.0,2600.0,NetBanking,Delivered,Profit
ORD03125,2025-12-17,CUST0100,Electronics,Monitor,1.0,0.05,17100.0,2869.56,NetBanking,Delivered,Profit
ORD03126,2025-11-27,CUST0599,Furniture,Bookshelf,4.0,0.0,44000.0,10400.0,UPI,Shipped,Profit
ORD03127,2026-04-16,CUST0550,Electronics,Keyboard,10.0,0.0,25000.0,8000.0,Cash on Delivery,Delivered,Profit
ORD03128,2026-07-19,CUST0312,Electronics,Headphones,2.0,0.2,7200.0,1761.27,NetBanking,Delivered,Profit
ORD03129,2025-11-12,CUST0020,Accessories,Mouse,1.0,0.05,1330.0,463.79,Cash on Delivery,Delivered,Profit
ORD03130,2025-12-14,CUST0344,Office Supplies,Paper,2.0,0.1,810.0,144.95,NetBanking,Delivered,Profit
ORD03131,2026-05-05,CUST0510,Electronics,Laptop,1.0,0.15,46750.0,2824.18,Card,Delivered,Profit
ORD03132,2026-05-28,CUST0010,Office Supplies,Desk Organizer,3.0,0.15,2295.0,651.01,NetBanking,Delivered,Profit
ORD03133,2026-05-17,CUST0047,Electronics,Laptop,1.0,0.2,44000.0,479.29,NetBanking,Delivered,Profit
ORD03134,2026-01-26,CUST0500,Office Supplies,Paper,6.0,0.1,2430.0,-1103.79,UPI,Returned,Loss
ORD03135,2026-01-02,CUST0589,Office Supplies,Desk Organizer,2.0,0.15,1530.0,-740.17,Card,Cancelled,Loss
ORD03136,2025-09-17,CUST0409,Electronics,Monitor,1.0,0.15,15300.0,2242.99,Card,Delivered,Profit
ORD03137,2026-03-16,CUST0431,Furniture,Office Chair,1.0,0.2,7200.0,-2878.98,Cash on Delivery,Returned,Loss
ORD03138,2026-01-27,CUST0516,Electronics,Laptop,2.0,0.1,99000.0,11165.99,NetBanking,Shipped,Profit
ORD03139,2026-06-03,CUST0386,Furniture,Desk,1.0,0.05,14250.0,2903.74,Card,Delivered,Profit
ORD03140,2025-07-06,CUST0499,Furniture,Office Chair,1.0,0.1,8100.0,1751.4,NetBanking,Delivered,Profit
ORD03141,2025-09-18,CUST0395,Office Supplies,Stapler,5.0,0.1,1575.0,458.73,UPI,Delivered,Profit
ORD03142,2026-03-15,CUST0325,Accessories,Mouse,3.0,0.15,3570.0,1175.91,UPI,Shipped,Profit
ORD03143,2026-05-30,CUST0580,Electronics,Laptop,1.0,0.0,55000.0,9000.0,Cash on Delivery,Delivered,Profit
ORD03144,2025-07-24,CUST0047,Office Supplies,Desk Organizer,2.0,0.15,1530.0,-680.75,Cash on Delivery,Cancelled,Loss
ORD03145,2026-03-08,CUST0408,Electronics,Laptop,1.0,0.0,55000.0,9000.0,Cash on Delivery,Delivered,Profit
ORD03146,2025-09-03,CUST0134,Office Supplies,Paper,2.0,0.0,900.0,220.0,NetBanking,Delivered,Profit
ORD03147,2026-03-01,CUST0432,Office Supplies,Stapler,3.0,0.15,892.5,230.81,Card,Delivered,Profit
ORD03148,2025-07-08,CUST0415,Office Supplies,Desk Organizer,3.0,0.05,2565.0,728.01,Cash on Delivery,Delivered,Profit
ORD03149,2025-12-17,CUST0163,Office Supplies,Stapler,2.0,0.1,630.0,200.13,NetBanking,Delivered,Profit
ORD03150,2026-05-21,CUST0413,Furniture,Bookshelf,6.0,0.0,66000.0,15600.0,NetBanking,Delivered,Profit
ORD03151,2026-04-13,CUST0165,Office Supplies,Desk Organizer,2.0,0.15,1530.0,368.94,NetBanking,Delivered,Profit
ORD03152,2025-12-19,CUST0333,Office Supplies,Stapler,3.0,0.05,997.5,322.17,Card,Delivered,Profit
ORD03153,2025-08-07,CUST0072,Furniture,Cabinet,3.0,0.0,39000.0,9600.0,Card,Delivered,Profit
ORD03154,2026-07-04,CUST0181,Office Supplies,Printer,4.0,0.2,44800.0,4967.37,UPI,Delivered,Profit
ORD03155,2025-07-07,CUST0247,Accessories,Backpack,2.0,0.1,3960.0,1217.53,UPI,Delivered,Profit
ORD03156,2025-12-26,CUST0052,Furniture,Office Chair,3.0,0.0,27000.0,6900.0,Cash on Delivery,Delivered,Profit
ORD03157,2025-10-09,CUST0316,Office Supplies,Printer,1.0,0.05,13300.0,2259.1,NetBanking,Delivered,Profit
ORD03158,2025-11-13,CUST0092,Furniture,Desk,2.0,0.15,25500.0,3341.14,Card,Shipped,Profit
ORD03159,2026-05-29,CUST0576,Accessories,Mouse,2.0,0.0,2800.0,-52.85,UPI,Returned,Loss
ORD03160,2025-11-04,CUST0581,Accessories,Backpack,1.0,0.1,1980.0,-851.18,UPI,Returned,Loss
ORD03161,2026-05-12,CUST0157,Electronics,Keyboard,6.0,0.0,15000.0,4800.0,Card,Delivered,Profit
ORD03162,2025-09-07,CUST0117,Electronics,Monitor,2.0,0.0,36000.0,7000.0,Card,Delivered,Profit
ORD03163,2026-08-15,CUST0331,Accessories,Usb Hub,2.0,0.0,3600.0,1300.0,NetBanking,Delivered,Profit
ORD03164,2025-08-17,CUST0286,Furniture,Bookshelf,1.0,0.0,11000.0,2600.0,Cash on Delivery,Delivered,Profit
ORD03165,2025-11-02,CUST0379,Accessories,Webcam,2.0,0.0,8400.0,-3270.6,Cash on Delivery,Cancelled,Loss
ORD03166,2025-08-11,CUST0455,Furniture,Desk,1.0,0.05,14250.0,3028.47,Cash on Delivery,Shipped,Profit
ORD03167,2025-10-29,CUST0075,Office Supplies,Stapler,1.0,0.1,315.0,102.99,Cash on Delivery,Shipped,Profit
ORD03168,2025-11-02,CUST0543,Furniture,Desk,2.0,0.05,28500.0,6146.39,Cash on Delivery,Delivered,Profit
ORD03169,2026-06-21,CUST0323,Electronics,Keyboard,1.0,0.0,2500.0,800.0,NetBanking,Shipped,Profit
ORD03170,2026-03-07,CUST0413,Furniture,Bookshelf,2.0,0.0,22000.0,5200.0,UPI,Shipped,Profit
ORD03171,2025-07-04,CUST0148,Accessories,Usb Hub,4.0,0.0,7200.0,-1067.64,UPI,Cancelled,Loss
ORD03172,2025-09-24,CUST0463,Furniture,Office Chair,10.0,0.0,90000.0,-15768.69,NetBanking,Returned,Loss
ORD03173,2025-09-13,CUST0051,Electronics,Laptop,2.0,0.1,99000.0,9898.46,Cash on Delivery,Delivered,Profit
ORD03174,2026-06-11,CUST0339,Office Supplies,Printer,1.0,0.0,14000.0,-2895.97,Card,Cancelled,Loss
ORD03175,2025-07-22,CUST0253,Office Supplies,Desk Organizer,2.0,0.0,1800.0,560.0,UPI,Delivered,Profit
ORD03176,2026-02-27,CUST0354,Furniture,Desk,1.0,0.1,13500.0,2519.57,UPI,Delivered,Profit
ORD03177,2026-03-14,CUST0482,Office Supplies,Printer,5.0,0.2,56000.0,3038.1,UPI,Delivered,Profit
ORD03178,2026-08-24,CUST0003,Electronics,Headphones,1.0,0.15,3825.0,1172.39,Cash on Delivery,Delivered,Profit
ORD03179,2026-07-24,CUST0136,Accessories,Mouse,1.0,0.15,1190.0,401.9,Card,Delivered,Profit
ORD03180,2025-10-16,CUST0275,Furniture,Cabinet,2.0,0.0,26000.0,-6579.05,Card,Returned,Loss
ORD03181,2026-01-25,CUST0391,Office Supplies,Desk Organizer,2.0,0.3,1260.0,245.62,NetBanking,Delivered,Profit
ORD03182,2026-06-07,CUST0264,Electronics,Laptop,1.0,0.05,52250.0,-30592.17,NetBanking,Cancelled,Loss
ORD03183,2025-08-09,CUST0468,Office Supplies,Stapler,4.0,0.05,1330.0,435.68,Card,Delivered,Profit
ORD03184,2026-01-03,CUST0264,Electronics,Headphones,3.0,0.1,12150.0,3617.25,Cash on Delivery,Shipped,Profit
ORD03185,2026-07-07,CUST0600,Furniture,Bookshelf,5.0,0.05,52250.0,10785.39,Cash on Delivery,Delivered,Profit
ORD03186,2025-08-29,CUST0338,Office Supplies,Printer,5.0,0.3,49000.0,552.65,NetBanking,Delivered,Profit
ORD03187,2025-11-10,CUST0005,Accessories,Mouse,4.0,0.2,4480.0,1228.84,Card,Delivered,Profit
ORD03188,2026-08-06,CUST0501,Office Supplies,Paper,1.0,0.1,405.0,73.57,Card,Delivered,Profit
ORD03189,2025-08-15,CUST0531,Accessories,Backpack,3.0,0.1,5940.0,1823.11,Cash on Delivery,Delivered,Profit
ORD03190,2026-01-11,CUST0451,Furniture,Cabinet,4.0,0.15,44200.0,6783.54,UPI,Shipped,Profit
ORD03191,2025-11-07,CUST0423,Electronics,Laptop,3.0,0.2,132000.0,10790.48,Cash on Delivery,Delivered,Profit
ORD03192,2025-10-30,CUST0074,Furniture,Office Chair,2.0,0.15,15300.0,3108.49,UPI,Delivered,Profit
ORD03193,2025-10-06,CUST0507,Electronics,Headphones,3.0,0.2,10800.0,2895.14,NetBanking,Delivered,Profit
ORD03194,2025-09-20,CUST0472,Office Supplies,Desk Organizer,3.0,0.0,2700.0,840.0,UPI,Delivered,Profit
ORD03195,2026-04-14,CUST0459,Accessories,Usb Hub,1.0,0.0,1800.0,650.0,NetBanking,Delivered,Profit
ORD03196,2025-07-03,CUST0371,Accessories,Webcam,1.0,0.0,4200.0,1200.0,Card,Delivered,Profit
ORD03197,2026-03-27,CUST0583,Furniture,Office Chair,2.0,0.05,17100.0,3927.66,UPI,Delivered,Profit
ORD03198,2025-12-29,CUST0402,Furniture,Desk,1.0,0.1,13500.0,2813.86,NetBanking,Delivered,Profit
ORD03199,2025-08-26,CUST0306,Electronics,Laptop,5.0,0.05,261250.0,34280.77,NetBanking,Delivered,Profit
ORD03200,2025-08-25,CUST0061,Electronics,Keyboard,3.0,0.1,6750.0,-3456.67,Card,Cancelled,Loss
ORD03201,2025-11-17,CUST0422,Electronics,Keyboard,2.0,0.1,4500.0,1315.79,Card,Delivered,Profit
ORD03202,2026-08-06,CUST0362,Office Supplies,Desk Organizer,3.0,0.15,2295.0,505.21,UPI,Delivered,Profit
ORD03203,2026-03-18,CUST0429,Accessories,Backpack,4.0,0.15,7480.0,2088.18,Cash on Delivery,Delivered,Profit
ORD03204,2025-08-16,CUST0242,Furniture,Desk,2.0,0.0,30000.0,7000.0,Card,Delivered,Profit
ORD03205,2025-12-30,CUST0097,Electronics,Keyboard,2.0,0.15,4250.0,1153.4,UPI,Delivered,Profit
ORD03206,2025-09-22,CUST0083,Office Supplies,Printer,2.0,0.3,19600.0,809.66,NetBanking,Delivered,Profit
ORD03207,2025-08-05,CUST0012,Furniture,Office Chair,1.0,0.0,9000.0,2300.0,Cash on Delivery,Delivered,Profit
ORD03208,2026-06-26,CUST0319,Office Supplies,Printer,3.0,0.05,39900.0,7059.04,Card,Delivered,Profit
ORD03209,2025-09-29,CUST0028,Accessories,Mouse,5.0,0.15,5950.0,1849.94,Card,Delivered,Profit
ORD03210,2026-08-27,CUST0219,Furniture,Desk,2.0,0.0,30000.0,-8116.26,NetBanking,Returned,Loss
ORD03211,2025-12-17,CUST0367,Accessories,Webcam,1.0,0.0,4200.0,1200.0,Card,Delivered,Profit
ORD03212,2026-01-18,CUST0334,Electronics,Monitor,3.0,0.0,54000.0,10500.0,NetBanking,Delivered,Profit
ORD03213,2025-08-19,CUST0114,Electronics,Keyboard,4.0,0.1,9000.0,2445.67,UPI,Delivered,Profit
ORD03214,2026-08-09,CUST0558,Electronics,Headphones,2.0,0.05,8550.0,2669.87,Cash on Delivery,Delivered,Profit
ORD03215,2026-04-24,CUST0252,Furniture,Cabinet,2.0,0.05,24700.0,5399.76,NetBanking,Shipped,Profit
ORD03216,2025-07-25,CUST0051,Electronics,Headphones,1.0,0.15,3825.0,993.77,NetBanking,Delivered,Profit
ORD03217,2026-08-28,CUST0039,Electronics,Headphones,1.0,0.1,4050.0,1147.95,Cash on Delivery,Delivered,Profit
ORD03218,2025-08-04,CUST0353,Electronics,Laptop,2.0,0.05,104500.0,13899.59,Card,Delivered,Profit
ORD03219,2026-02-05,CUST0137,Electronics,Headphones,3.0,0.15,11475.0,3581.68,NetBanking,Delivered,Profit
ORD03220,2025-12-07,CUST0334,Office Supplies,Printer,4.0,0.05,53200.0,9931.46,UPI,Delivered,Profit
ORD03221,2025-11-21,CUST0415,Electronics,Keyboard,4.0,0.0,10000.0,3200.0,UPI,Delivered,Profit
ORD03222,2026-01-16,CUST0211,Electronics,Monitor,4.0,0.1,64800.0,10363.97,Card,Delivered,Profit
ORD03223,2025-09-06,CUST0559,Electronics,Headphones,4.0,0.0,18000.0,-2079.08,NetBanking,Returned,Loss
ORD03224,2026-04-11,CUST0127,Furniture,Desk,1.0,0.0,15000.0,3500.0,Card,Shipped,Profit
ORD03225,2025-09-20,CUST0591,Office Supplies,Stapler,3.0,0.0,1050.0,360.0,NetBanking,Shipped,Profit
ORD03226,2025-08-24,CUST0479,Furniture,Cabinet,2.0,0.1,23400.0,4505.56,Card,Delivered,Profit
ORD03227,2026-08-09,CUST0400,Accessories,Usb Hub,2.0,0.05,3420.0,1190.91,Cash on Delivery,Delivered,Profit
ORD03228,2026-03-08,CUST0552,Furniture,Office Chair,10.0,0.15,76500.0,15190.17,Cash on Delivery,Delivered,Profit
ORD03229,2026-04-10,CUST0436,Accessories,Usb Hub,1.0,0.0,1800.0,650.0,UPI,Delivered,Profit
ORD03230,2026-07-23,CUST0088,Furniture,Cabinet,3.0,0.2,31200.0,5602.58,UPI,Shipped,Profit
ORD03231,2026-06-12,CUST0460,Electronics,Keyboard,1.0,0.05,2375.0,731.3,Card,Delivered,Profit
ORD03232,2025-11-05,CUST0263,Accessories,Mouse,1.0,0.1,1260.0,4.79,Card,Returned,Profit
ORD03233,2026-05-14,CUST0158,Furniture,Cabinet,2.0,0.2,20800.0,3579.64,Cash on Delivery,Shipped,Profit
ORD03234,2025-12-14,CUST0100,Accessories,Backpack,3.0,0.1,5940.0,1690.15,Card,Delivered,Profit
ORD03235,2025-12-09,CUST0485,Electronics,Laptop,2.0,0.15,93500.0,-24045.27,UPI,Cancelled,Loss
ORD03236,2026-04-30,CUST0319,Electronics,Keyboard,5.0,0.15,10625.0,2864.93,Card,Delivered,Profit
ORD03237,2025-12-20,CUST0254,Electronics,Keyboard,2.0,0.0,5000.0,1600.0,Card,Shipped,Profit
ORD03238,2026-08-23,CUST0216,Electronics,Monitor,4.0,0.2,57600.0,3478.61,Card,Delivered,Profit
ORD03239,2025-07-01,CUST0059,Office Supplies,Stapler,4.0,0.0,1400.0,-51.18,Card,Returned,Loss
ORD03240,2026-03-01,CUST0100,Electronics,Headphones,1.0,0.15,3825.0,1155.0,UPI,Delivered,Profit
ORD03241,2026-01-05,CUST0161,Office Supplies,Printer,2.0,0.0,28000.0,5600.0,NetBanking,Shipped,Profit
ORD03242,2026-05-09,CUST0344,Office Supplies,Stapler,3.0,0.0,1050.0,-404.37,Card,Returned,Loss
ORD03243,2025-11-22,CUST0483,Electronics,Keyboard,3.0,0.1,6750.0,-1825.29,Cash on Delivery,Cancelled,Loss
ORD03244,2025-11-05,CUST0597,Electronics,Monitor,2.0,0.0,36000.0,7000.0,UPI,Delivered,Profit
ORD03245,2026-08-14,CUST0252,Electronics,Keyboard,3.0,0.1,6750.0,1992.5,Card,Shipped,Profit
ORD03246,2026-08-24,CUST0311,Electronics,Headphones,2.0,0.2,7200.0,-2314.07,Card,Cancelled,Loss
ORD03247,2026-01-09,CUST0520,Furniture,Desk,2.0,0.0,30000.0,-1726.86,Cash on Delivery,Cancelled,Loss
ORD03248,2026-01-05,CUST0274,Accessories,Webcam,6.0,0.0,25200.0,343.54,NetBanking,Cancelled,Profit
ORD03249,2025-08-26,CUST0413,Furniture,Office Chair,3.0,0.1,24300.0,-14242.28,NetBanking,Cancelled,Loss
ORD03250,2026-02-01,CUST0289,Electronics,Headphones,1.0,0.3,3150.0,875.71,NetBanking,Delivered,Profit
ORD03251,2026-06-09,CUST0074,Electronics,Headphones,1.0,0.1,4050.0,1216.09,Cash on Delivery,Delivered,Profit
ORD03252,2026-08-13,CUST0262,Office Supplies,Paper,1.0,0.0,450.0,110.0,Cash on Delivery,Shipped,Profit
ORD03253,2025-10-21,CUST0501,Office Supplies,Desk Organizer,4.0,0.3,2520.0,371.26,NetBanking,Delivered,Profit
ORD03254,2026-04-22,CUST0315,Furniture,Desk,3.0,0.1,40500.0,7376.92,UPI,Delivered,Profit
ORD03255,2026-07-14,CUST0082,Office Supplies,Printer,3.0,0.3,29400.0,-21513.99,Card,Cancelled,Loss
ORD03256,2025-12-14,CUST0376,Furniture,Bookshelf,4.0,0.05,41800.0,8587.9,NetBanking,Delivered,Profit
ORD03257,2026-05-07,CUST0184,Electronics,Keyboard,2.0,0.05,4750.0,1470.92,NetBanking,Delivered,Profit
ORD03258,2025-07-27,CUST0276,Electronics,Monitor,1.0,0.05,17100.0,3049.86,NetBanking,Delivered,Profit
ORD03259,2025-11-06,CUST0256,Electronics,Monitor,3.0,0.15,45900.0,-19756.7,Card,Cancelled,Loss
ORD03260,2025-07-15,CUST0159,Accessories,Mouse,1.0,0.1,1260.0,400.03,NetBanking,Delivered,Profit
ORD03261,2026-08-13,CUST0153,Electronics,Headphones,15.0,0.1,60750.0,18813.93,Card,Delivered,Profit
ORD03262,2026-02-23,CUST0407,Accessories,Backpack,1.0,0.2,1760.0,524.18,UPI,Delivered,Profit
ORD03263,2026-08-07,CUST0519,Furniture,Office Chair,2.0,0.0,18000.0,-1088.3,Card,Cancelled,Loss
ORD03264,2025-08-04,CUST0183,Furniture,Office Chair,1.0,0.1,8100.0,1642.7,UPI,Delivered,Profit
ORD03265,2026-04-17,CUST0338,Electronics,Headphones,10.0,0.2,36000.0,10912.28,NetBanking,Delivered,Profit
ORD03266,2026-05-04,CUST0080,Accessories,Backpack,4.0,0.2,7040.0,2201.03,Cash on Delivery,Delivered,Profit
ORD03267,2026-03-17,CUST0551,Furniture,Cabinet,15.0,0.1,175500.0,32340.69,Cash on Delivery,Delivered,Profit
ORD03268,2026-04-28,CUST0402,Accessories,Mouse,5.0,0.0,7000.0,2500.0,NetBanking,Delivered,Profit
ORD03269,2026-01-29,CUST0195,Office Supplies,Paper,3.0,0.0,1350.0,330.0,Cash on Delivery,Delivered,Profit
ORD03270,2025-09-06,CUST0112,Office Supplies,Paper,3.0,0.0,1350.0,330.0,Cash on Delivery,Delivered,Profit
ORD03271,2025-07-05,CUST0410,Furniture,Bookshelf,3.0,0.15,28050.0,4585.43,Card,Delivered,Profit
ORD03272,2026-08-09,CUST0522,Electronics,Headphones,5.0,0.05,21375.0,6710.15,NetBanking,Delivered,Profit
ORD03273,2025-12-11,CUST0073,Accessories,Webcam,2.0,0.2,6720.0,1008.88,Card,Shipped,Profit
ORD03274,2026-04-12,CUST0047,Accessories,Usb Hub,3.0,0.1,4860.0,1557.78,Card,Delivered,Profit
ORD03275,2026-06-05,CUST0569,Office Supplies,Printer,5.0,0.05,66500.0,11226.38,Card,Shipped,Profit
ORD03276,2025-07-27,CUST0334,Office Supplies,Desk Organizer,4.0,0.3,2520.0,327.68,Cash on Delivery,Delivered,Profit
ORD03277,2025-09-26,CUST0219,Furniture,Bookshelf,4.0,0.1,39600.0,-6004.89,Cash on Delivery,Cancelled,Loss
ORD03278,2026-07-26,CUST0393,Office Supplies,Desk Organizer,5.0,0.0,4500.0,1400.0,Cash on Delivery,Delivered,Profit
ORD03279,2026-05-11,CUST0249,Furniture,Bookshelf,2.0,0.05,20900.0,4301.86,Card,Delivered,Profit
ORD03280,2025-07-05,CUST0459,Accessories,Backpack,3.0,0.0,6600.0,2250.0,Cash on Delivery,Shipped,Profit
ORD03281,2025-11-10,CUST0170,Accessories,Webcam,6.0,0.05,23940.0,6324.85,Card,Delivered,Profit
ORD03282,2025-07-29,CUST0558,Accessories,Backpack,3.0,0.05,6270.0,2067.3,UPI,Delivered,Profit
ORD03283,2025-07-27,CUST0521,Electronics,Headphones,3.0,0.15,11475.0,3320.09,UPI,Delivered,Profit
ORD03284,2026-05-30,CUST0556,Electronics,Keyboard,1.0,0.1,2250.0,679.67,Card,Shipped,Profit
ORD03285,2025-09-13,CUST0312,Electronics,Monitor,3.0,0.15,45900.0,4658.5,Card,Delivered,Profit
ORD03286,2025-08-03,CUST0552,Electronics,Laptop,3.0,0.1,148500.0,17163.98,UPI,Delivered,Profit
ORD03287,2025-07-20,CUST0212,Accessories,Backpack,15.0,0.2,26400.0,6436.11,NetBanking,Delivered,Profit
ORD03288,2025-10-28,CUST0171,Electronics,Monitor,3.0,0.1,48600.0,7749.32,UPI,Delivered,Profit
ORD03289,2025-10-01,CUST0566,Electronics,Keyboard,1.0,0.15,2125.0,505.36,Cash on Delivery,Delivered,Profit
ORD03290,2026-06-21,CUST0349,Office Supplies,Paper,1.0,0.3,315.0,7.51,NetBanking,Delivered,Profit
ORD03291,2026-01-29,CUST0450,Electronics,Monitor,1.0,0.1,16200.0,2294.09,Cash on Delivery,Delivered,Profit
ORD03292,2026-07-21,CUST0178,Office Supplies,Desk Organizer,1.0,0.1,810.0,225.36,NetBanking,Delivered,Profit
ORD03293,2025-07-13,CUST0047,Electronics,Headphones,3.0,0.0,13500.0,4500.0,NetBanking,Delivered,Profit
ORD03294,2026-05-16,CUST0497,Furniture,Desk,1.0,0.1,13500.0,2535.72,UPI,Delivered,Profit
ORD03295,2026-06-06,CUST0333,Accessories,Usb Hub,2.0,0.15,3060.0,942.67,UPI,Delivered,Profit
ORD03296,2025-08-28,CUST0549,Office Supplies,Stapler,1.0,0.1,315.0,93.01,Card,Shipped,Profit
ORD03297,2025-11-26,CUST0244,Electronics,Keyboard,2.0,0.3,3500.0,441.07,UPI,Shipped,Profit
ORD03298,2026-03-28,CUST0256,Accessories,Webcam,4.0,0.0,16800.0,4800.0,Cash on Delivery,Delivered,Profit
ORD03299,2025-10-09,CUST0386,Electronics,Keyboard,1.0,0.05,2375.0,727.09,Card,Delivered,Profit
ORD03300,2025-10-17,CUST0334,Accessories,Usb Hub,2.0,0.0,3600.0,1300.0,NetBanking,Delivered,Profit
ORD03301,2026-05-14,CUST0021,Office Supplies,Desk Organizer,1.0,0.0,900.0,-34.27,Card,Returned,Loss
ORD03302,2026-02-04,CUST0347,Furniture,Desk,4.0,0.1,54000.0,9822.69,NetBanking,Delivered,Profit
ORD03303,2026-06-27,CUST0522,Office Supplies,Desk Organizer,2.0,0.1,1620.0,432.51,Cash on Delivery,Shipped,Profit
ORD03304,2025-12-14,CUST0599,Furniture,Bookshelf,2.0,0.15,18700.0,3614.27,UPI,Shipped,Profit
ORD03305,2025-10-20,CUST0304,Office Supplies,Stapler,1.0,0.15,297.5,85.18,UPI,Delivered,Profit
ORD03306,2025-09-18,CUST0100,Office Supplies,Desk Organizer,3.0,0.1,2430.0,623.51,Cash on Delivery,Delivered,Profit
ORD03307,2026-07-19,CUST0278,Office Supplies,Paper,6.0,0.05,2565.0,552.52,NetBanking,Shipped,Profit
ORD03308,2026-01-17,CUST0370,Electronics,Monitor,2.0,0.15,30600.0,3607.37,UPI,Delivered,Profit
ORD03309,2026-05-19,CUST0147,Electronics,Headphones,2.0,0.0,9000.0,-3807.74,NetBanking,Cancelled,Loss
ORD03310,2026-05-29,CUST0499,Furniture,Bookshelf,1.0,0.05,10450.0,2201.02,Cash on Delivery,Delivered,Profit
ORD03311,2025-10-30,CUST0215,Electronics,Keyboard,1.0,0.15,2125.0,620.86,Cash on Delivery,Delivered,Profit
ORD03312,2026-04-25,CUST0135,Electronics,Laptop,2.0,0.1,99000.0,9422.97,Card,Shipped,Profit
ORD03313,2026-01-25,CUST0048,Electronics,Headphones,4.0,0.1,16200.0,4503.74,NetBanking,Shipped,Profit
ORD03314,2025-10-17,CUST0387,Electronics,Keyboard,2.0,0.15,4250.0,979.76,Card,Delivered,Profit
ORD03315,2025-08-26,CUST0468,Office Supplies,Printer,3.0,0.0,42000.0,8400.0,Cash on Delivery,Delivered,Profit
ORD03316,2026-06-02,CUST0349,Furniture,Desk,3.0,0.2,36000.0,4526.05,UPI,Delivered,Profit
ORD03317,2025-10-28,CUST0169,Electronics,Headphones,5.0,0.1,20250.0,5945.65,UPI,Delivered,Profit
ORD03318,2026-03-04,CUST0411,Office Supplies,Printer,4.0,0.1,50400.0,8033.65,NetBanking,Delivered,Profit
ORD03319,2026-06-08,CUST0553,Electronics,Laptop,1.0,0.3,38500.0,1137.45,Card,Shipped,Profit
ORD03320,2026-08-10,CUST0302,Electronics,Monitor,3.0,0.2,43200.0,-21759.64,Cash on Delivery,Cancelled,Loss
ORD03321,2025-11-04,CUST0431,Accessories,Webcam,3.0,0.1,11340.0,2917.31,UPI,Delivered,Profit
ORD03322,2025-09-17,CUST0186,Furniture,Cabinet,2.0,0.1,23400.0,4208.83,Cash on Delivery,Delivered,Profit
ORD03323,2026-02-20,CUST0229,Furniture,Cabinet,2.0,0.2,20800.0,3777.68,NetBanking,Delivered,Profit
ORD03324,2025-08-01,CUST0390,Electronics,Monitor,4.0,0.05,68400.0,11774.76,UPI,Delivered,Profit
ORD03325,2026-02-05,CUST0471,Electronics,Laptop,1.0,0.05,52250.0,7257.93,UPI,Delivered,Profit
ORD03326,2025-08-11,CUST0598,Electronics,Laptop,5.0,0.2,220000.0,10699.64,Cash on Delivery,Shipped,Profit
ORD03327,2025-09-03,CUST0224,Electronics,Laptop,2.0,0.05,104500.0,15282.14,Card,Delivered,Profit
ORD03328,2026-06-20,CUST0003,Furniture,Office Chair,1.0,0.2,7200.0,851.96,Cash on Delivery,Delivered,Profit
ORD03329,2025-07-06,CUST0155,Accessories,Usb Hub,2.0,0.2,2880.0,955.71,Card,Delivered,Profit
ORD03330,2026-02-23,CUST0442,Electronics,Monitor,2.0,0.1,32400.0,4907.33,UPI,Delivered,Profit
ORD03331,2026-08-08,CUST0525,Furniture,Desk,2.0,0.2,24000.0,3645.57,UPI,Delivered,Profit
ORD03332,2025-12-26,CUST0466,Electronics,Keyboard,1.0,0.1,2250.0,643.87,UPI,Delivered,Profit
ORD03333,2026-04-18,CUST0009,Office Supplies,Stapler,3.0,0.1,945.0,2.2,NetBanking,Returned,Profit
ORD03334,2026-05-26,CUST0042,Electronics,Monitor,1.0,0.0,18000.0,3500.0,UPI,Delivered,Profit
ORD03335,2026-07-27,CUST0147,Electronics,Headphones,2.0,0.2,7200.0,-2115.18,UPI,Cancelled,Loss
ORD03336,2026-07-31,CUST0415,Electronics,Monitor,1.0,0.1,16200.0,2644.68,UPI,Delivered,Profit
ORD03337,2026-02-12,CUST0132,Electronics,Monitor,1.0,0.0,18000.0,3500.0,Cash on Delivery,Delivered,Profit
ORD03338,2025-11-15,CUST0264,Furniture,Office Chair,4.0,0.1,32400.0,6743.84,Card,Delivered,Profit
ORD03339,2025-08-10,CUST0374,Office Supplies,Printer,3.0,0.15,35700.0,3304.26,Card,Delivered,Profit
ORD03340,2026-02-21,CUST0033,Accessories,Backpack,3.0,0.1,5940.0,1733.3,Card,Delivered,Profit
ORD03341,2025-07-13,CUST0319,Electronics,Laptop,6.0,0.1,297000.0,-79927.11,Card,Cancelled,Loss
ORD03342,2026-02-05,CUST0103,Electronics,Headphones,3.0,0.0,13500.0,4500.0,NetBanking,Delivered,Profit
ORD03343,2026-01-16,CUST0353,Furniture,Bookshelf,1.0,0.0,11000.0,2600.0,Card,Delivered,Profit
ORD03344,2026-06-20,CUST0542,Electronics,Laptop,1.0,0.15,46750.0,-21365.03,Cash on Delivery,Returned,Loss
ORD03345,2025-10-12,CUST0244,Accessories,Webcam,3.0,0.0,12600.0,3600.0,Cash on Delivery,Delivered,Profit
ORD03346,2025-12-21,CUST0276,Furniture,Bookshelf,1.0,0.15,9350.0,-5088.15,Card,Cancelled,Loss
ORD03347,2026-02-04,CUST0073,Office Supplies,Stapler,4.0,0.15,1190.0,304.47,NetBanking,Delivered,Profit
ORD03348,2026-03-07,CUST0166,Furniture,Desk,2.0,0.0,30000.0,7000.0,Card,Shipped,Profit
ORD03349,2026-01-31,CUST0035,Furniture,Office Chair,2.0,0.05,17100.0,3899.61,NetBanking,Delivered,Profit
ORD03350,2026-03-30,CUST0410,Office Supplies,Desk Organizer,3.0,0.15,2295.0,622.5,Card,Delivered,Profit
ORD03351,2026-06-29,CUST0392,Electronics,Headphones,2.0,0.0,9000.0,3000.0,Card,Shipped,Profit
ORD03352,2026-01-21,CUST0384,Accessories,Backpack,10.0,0.1,19800.0,6103.36,Card,Delivered,Profit
ORD03353,2025-12-09,CUST0349,Electronics,Headphones,3.0,0.0,13500.0,-856.26,Card,Returned,Loss
ORD03354,2026-06-27,CUST0334,Furniture,Cabinet,1.0,0.0,13000.0,3200.0,Card,Delivered,Profit
ORD03355,2026-02-09,CUST0362,Furniture,Office Chair,15.0,0.1,121500.0,27148.1,Card,Delivered,Profit
ORD03356,2026-04-24,CUST0586,Office Supplies,Desk Organizer,2.0,0.15,1530.0,332.58,Cash on Delivery,Delivered,Profit
ORD03357,2026-01-06,CUST0047,Furniture,Cabinet,2.0,0.0,26000.0,6400.0,UPI,Delivered,Profit
ORD03358,2025-08-05,CUST0315,Office Supplies,Paper,3.0,0.1,1215.0,220.76,UPI,Shipped,Profit
ORD03359,2025-10-15,CUST0077,Electronics,Headphones,3.0,0.05,12825.0,4149.68,NetBanking,Delivered,Profit
ORD03360,2026-02-24,CUST0569,Furniture,Cabinet,4.0,0.1,46800.0,-6681.07,UPI,Cancelled,Loss
ORD03361,2026-02-08,CUST0508,Accessories,Usb Hub,6.0,0.05,10260.0,-3161.5,NetBanking,Cancelled,Loss
ORD03362,2025-09-25,CUST0343,Furniture,Desk,2.0,0.1,27000.0,5317.05,UPI,Shipped,Profit
ORD03363,2026-03-03,CUST0392,Office Supplies,Paper,4.0,0.0,1800.0,-40.33,Cash on Delivery,Returned,Loss
ORD03364,2025-08-11,CUST0370,Office Supplies,Desk Organizer,2.0,0.05,1710.0,489.25,Cash on Delivery,Delivered,Profit
ORD03365,2025-12-18,CUST0243,Accessories,Webcam,4.0,0.05,15960.0,-8247.91,Card,Cancelled,Loss
ORD03366,2025-10-24,CUST0281,Accessories,Backpack,4.0,0.0,8800.0,3000.0,Cash on Delivery,Delivered,Profit
ORD03367,2025-12-05,CUST0528,Furniture,Desk,2.0,0.1,27000.0,4689.29,Cash on Delivery,Delivered,Profit
ORD03368,2025-12-22,CUST0122,Furniture,Bookshelf,2.0,0.3,15400.0,2070.16,Card,Shipped,Profit
ORD03369,2026-06-28,CUST0298,Furniture,Office Chair,3.0,0.2,21600.0,4348.65,Cash on Delivery,Delivered,Profit
ORD03370,2026-04-19,CUST0132,Furniture,Office Chair,3.0,0.0,27000.0,6900.0,NetBanking,Delivered,Profit
ORD03371,2026-02-12,CUST0120,Accessories,Usb Hub,6.0,0.15,9180.0,2896.11,Card,Delivered,Profit
ORD03372,2025-10-25,CUST0206,Office Supplies,Stapler,2.0,0.0,700.0,240.0,Cash on Delivery,Delivered,Profit
ORD03373,2025-09-07,CUST0125,Electronics,Keyboard,4.0,0.0,10000.0,3200.0,Cash on Delivery,Shipped,Profit
ORD03374,2025-12-07,CUST0081,Electronics,Laptop,6.0,0.0,330000.0,-89540.67,Cash on Delivery,Cancelled,Loss
ORD03375,2025-10-23,CUST0437,Office Supplies,Paper,3.0,0.05,1282.5,281.68,NetBanking,Delivered,Profit
ORD03376,2026-05-02,CUST0248,Office Supplies,Printer,2.0,0.2,22400.0,1149.09,Cash on Delivery,Delivered,Profit
ORD03377,2025-07-02,CUST0398,Electronics,Monitor,5.0,0.1,81000.0,-34496.3,Cash on Delivery,Cancelled,Loss
ORD03378,2026-02-12,CUST0047,Furniture,Desk,1.0,0.0,15000.0,3500.0,Cash on Delivery,Shipped,Profit
ORD03379,2025-12-29,CUST0510,Electronics,Keyboard,3.0,0.1,6750.0,1980.73,Card,Shipped,Profit
ORD03380,2025-09-13,CUST0026,Office Supplies,Desk Organizer,1.0,0.05,855.0,242.0,Cash on Delivery,Delivered,Profit
ORD03381,2025-08-04,CUST0352,Office Supplies,Printer,6.0,0.1,75600.0,11835.02,Card,Delivered,Profit
ORD03382,2025-07-04,CUST0388,Office Supplies,Desk Organizer,1.0,0.1,810.0,227.95,NetBanking,Delivered,Profit
ORD03383,2025-11-25,CUST0573,Electronics,Headphones,5.0,0.3,15750.0,4389.18,NetBanking,Delivered,Profit
ORD03384,2026-04-28,CUST0555,Accessories,Webcam,1.0,0.05,3990.0,1055.99,Card,Delivered,Profit
ORD03385,2026-08-14,CUST0021,Furniture,Cabinet,3.0,0.1,35100.0,6423.68,Cash on Delivery,Delivered,Profit
ORD03386,2026-04-09,CUST0315,Electronics,Keyboard,2.0,0.0,5000.0,-1567.49,UPI,Returned,Loss
ORD03387,2026-02-27,CUST0127,Electronics,Laptop,1.0,0.0,55000.0,9000.0,Cash on Delivery,Delivered,Profit
ORD03388,2025-08-16,CUST0404,Accessories,Backpack,2.0,0.15,3740.0,-1305.51,UPI,Returned,Loss
ORD03389,2026-07-04,CUST0007,Furniture,Desk,2.0,0.05,28500.0,5984.62,Card,Delivered,Profit
ORD03390,2025-09-17,CUST0098,Accessories,Usb Hub,4.0,0.2,5760.0,1725.97,Cash on Delivery,Shipped,Profit
ORD03391,2025-09-17,CUST0456,Furniture,Cabinet,3.0,0.05,37050.0,8194.67,NetBanking,Delivered,Profit
ORD03392,2025-09-23,CUST0374,Electronics,Monitor,1.0,0.15,15300.0,2211.31,NetBanking,Shipped,Profit
ORD03393,2026-03-09,CUST0207,Furniture,Desk,6.0,0.0,90000.0,21000.0,NetBanking,Delivered,Profit
ORD03394,2026-04-23,CUST0329,Furniture,Bookshelf,1.0,0.1,9900.0,1953.37,Card,Delivered,Profit
ORD03395,2025-09-21,CUST0038,Accessories,Usb Hub,3.0,0.0,5400.0,1950.0,Card,Delivered,Profit
ORD03396,2026-05-03,CUST0535,Accessories,Usb Hub,1.0,0.2,1440.0,344.46,Card,Delivered,Profit
ORD03397,2025-12-21,CUST0155,Electronics,Laptop,4.0,0.1,198000.0,24900.02,Cash on Delivery,Shipped,Profit
ORD03398,2025-11-02,CUST0133,Furniture,Bookshelf,2.0,0.0,22000.0,5200.0,Cash on Delivery,Delivered,Profit
ORD03399,2025-10-08,CUST0590,Electronics,Headphones,2.0,0.0,9000.0,3000.0,Cash on Delivery,Delivered,Profit
ORD03400,2025-11-14,CUST0282,Electronics,Keyboard,1.0,0.1,2250.0,686.78,Cash on Delivery,Delivered,Profit
ORD03402,2026-06-19,CUST0123,Electronics,Monitor,6.0,0.0,108000.0,-41364.59,NetBanking,Returned,Loss
ORD03403,2025-10-03,CUST0533,Office Supplies,Desk Organizer,4.0,0.15,3060.0,813.91,UPI,Delivered,Profit
ORD03404,2025-09-24,CUST0049,Furniture,Office Chair,1.0,0.1,8100.0,1875.46,NetBanking,Delivered,Profit
ORD03405,2026-07-24,CUST0263,Furniture,Cabinet,6.0,0.05,74100.0,16030.96,Card,Delivered,Profit
ORD03406,2026-06-23,CUST0167,Furniture,Desk,1.0,0.0,15000.0,3500.0,Card,Delivered,Profit
ORD03407,2026-08-09,CUST0465,Accessories,Usb Hub,3.0,0.1,4860.0,1550.05,UPI,Delivered,Profit
ORD03408,2026-03-07,CUST0341,Furniture,Desk,4.0,0.0,60000.0,14000.0,UPI,Delivered,Profit
ORD03409,2025-09-27,CUST0483,Furniture,Cabinet,2.0,0.15,22100.0,3503.75,UPI,Delivered,Profit
ORD03410,2026-07-14,CUST0057,Electronics,Laptop,3.0,0.0,165000.0,27000.0,Card,Delivered,Profit
ORD03411,2025-11-17,CUST0383,Electronics,Keyboard,3.0,0.1,6750.0,1777.58,Card,Delivered,Profit
ORD03412,2026-06-13,CUST0140,Accessories,Usb Hub,3.0,0.05,5130.0,1764.06,Cash on Delivery,Delivered,Profit
ORD03413,2026-06-11,CUST0301,Furniture,Office Chair,3.0,0.0,27000.0,6900.0,NetBanking,Delivered,Profit
ORD03414,2025-10-04,CUST0213,Furniture,Office Chair,1.0,0.1,8100.0,1820.81,NetBanking,Delivered,Profit
ORD03415,2026-05-10,CUST0100,Office Supplies,Printer,4.0,0.2,44800.0,3146.61,NetBanking,Delivered,Profit
ORD03416,2026-06-10,CUST0567,Office Supplies,Desk Organizer,3.0,0.0,2700.0,840.0,Card,Shipped,Profit
ORD03417,2025-09-25,CUST0465,Office Supplies,Stapler,1.0,0.15,297.5,91.59,UPI,Delivered,Profit
ORD03418,2026-06-18,CUST0347,Accessories,Usb Hub,1.0,0.1,1620.0,548.28,Cash on Delivery,Delivered,Profit
ORD03419,2026-04-13,CUST0195,Electronics,Laptop,5.0,0.15,233750.0,11104.97,Card,Delivered,Profit
ORD03420,2026-06-29,CUST0209,Furniture,Office Chair,3.0,0.1,24300.0,4980.75,NetBanking,Shipped,Profit
ORD03421,2026-08-14,CUST0400,Electronics,Monitor,4.0,0.0,72000.0,14000.0,UPI,Delivered,Profit
ORD03422,2026-07-03,CUST0226,Office Supplies,Paper,1.0,0.2,360.0,36.6,NetBanking,Delivered,Profit
ORD03423,2025-12-20,CUST0386,Electronics,Monitor,6.0,0.3,75600.0,-521.07,UPI,Shipped,Loss
ORD03424,2025-07-27,CUST0148,Electronics,Keyboard,2.0,0.15,4250.0,-129.67,UPI,Returned,Loss
ORD03425,2025-09-30,CUST0535,Furniture,Desk,2.0,0.2,24000.0,3773.87,UPI,Delivered,Profit
ORD03426,2026-03-21,CUST0219,Office Supplies,Stapler,4.0,0.15,1190.0,353.6,Card,Shipped,Profit
ORD03427,2025-08-21,CUST0551,Furniture,Desk,1.0,0.0,15000.0,3500.0,Card,Delivered,Profit
ORD03428,2026-07-04,CUST0031,Furniture,Office Chair,2.0,0.1,16200.0,3747.26,NetBanking,Delivered,Profit
ORD03429,2025-11-28,CUST0088,Furniture,Desk,3.0,0.2,36000.0,4692.79,NetBanking,Delivered,Profit
ORD03430,2025-11-06,CUST0518,Electronics,Monitor,6.0,0.0,108000.0,-9139.43,Cash on Delivery,Returned,Loss
ORD03431,2025-10-20,CUST0293,Furniture,Cabinet,3.0,0.1,35100.0,7406.89,Card,Delivered,Profit
ORD03432,2026-07-17,CUST0387,Office Supplies,Printer,2.0,0.1,25200.0,-5408.27,NetBanking,Cancelled,Loss
ORD03433,2025-12-23,CUST0156,Electronics,Laptop,1.0,0.0,55000.0,9000.0,Card,Delivered,Profit
ORD03434,2026-08-06,CUST0161,Electronics,Headphones,3.0,0.0,13500.0,4500.0,Card,Delivered,Profit
ORD03435,2026-05-19,CUST0513,Accessories,Usb Hub,1.0,0.0,1800.0,650.0,NetBanking,Shipped,Profit
ORD03436,2025-12-03,CUST0298,Electronics,Laptop,2.0,0.05,104500.0,14430.2,UPI,Delivered,Profit
ORD03437,2025-11-14,CUST0520,Furniture,Cabinet,3.0,0.2,31200.0,3701.97,Cash on Delivery,Delivered,Profit
ORD03438,2025-10-19,CUST0149,Electronics,Monitor,2.0,0.05,34200.0,6150.25,NetBanking,Delivered,Profit
ORD03439,2026-08-02,CUST0314,Furniture,Cabinet,1.0,0.0,13000.0,3200.0,UPI,Delivered,Profit
ORD03440,2025-11-17,CUST0324,Electronics,Headphones,3.0,0.1,12150.0,3531.81,UPI,Shipped,Profit
ORD03441,2025-08-21,CUST0007,Office Supplies,Printer,1.0,0.3,9800.0,-497.55,UPI,Delivered,Loss
ORD03442,2025-12-21,CUST0376,Furniture,Office Chair,3.0,0.2,21600.0,3167.77,UPI,Shipped,Profit
ORD03443,2025-12-06,CUST0388,Furniture,Office Chair,3.0,0.05,25650.0,5981.62,Cash on Delivery,Shipped,Profit
ORD03444,2025-12-24,CUST0225,Electronics,Monitor,1.0,0.0,18000.0,3500.0,Card,Shipped,Profit
ORD03445,2026-06-09,CUST0226,Electronics,Headphones,2.0,0.0,9000.0,3000.0,Card,Delivered,Profit
ORD03446,2025-11-19,CUST0224,Accessories,Webcam,2.0,0.1,7560.0,1901.23,Cash on Delivery,Shipped,Profit
ORD03447,2025-07-12,CUST0579,Furniture,Cabinet,2.0,0.1,23400.0,4434.89,Cash on Delivery,Delivered,Profit
ORD03448,2026-03-07,CUST0105,Furniture,Desk,2.0,0.2,24000.0,-7864.8,UPI,Returned,Loss
ORD03449,2025-12-07,CUST0589,Accessories,Mouse,3.0,0.05,3990.0,-1262.79,Card,Cancelled,Loss
ORD03450,2026-05-07,CUST0501,Electronics,Monitor,4.0,0.0,72000.0,14000.0,UPI,Delivered,Profit
ORD03451,2026-04-23,CUST0308,Furniture,Cabinet,2.0,0.0,26000.0,6400.0,Cash on Delivery,Delivered,Profit
ORD03452,2026-08-05,CUST0323,Electronics,Laptop,5.0,0.1,247500.0,31282.74,Cash on Delivery,Delivered,Profit
ORD03453,2026-02-16,CUST0372,Accessories,Webcam,1.0,0.3,2940.0,-809.95,Card,Cancelled,Loss
ORD03454,2026-05-07,CUST0287,Accessories,Mouse,3.0,0.1,3780.0,1184.59,NetBanking,Delivered,Profit
ORD03455,2025-08-12,CUST0548,Electronics,Headphones,4.0,0.05,17100.0,5426.93,Card,Delivered,Profit
ORD03456,2025-11-16,CUST0225,Furniture,Desk,4.0,0.05,57000.0,11566.01,NetBanking,Delivered,Profit
ORD03457,2026-01-03,CUST0413,Accessories,Usb Hub,5.0,0.1,8100.0,2726.23,UPI,Delivered,Profit
ORD03458,2025-11-04,CUST0088,Furniture,Bookshelf,3.0,0.0,33000.0,7800.0,Cash on Delivery,Delivered,Profit
ORD03459,2026-07-16,CUST0508,Office Supplies,Printer,5.0,0.1,63000.0,9886.58,NetBanking,Delivered,Profit
ORD03460,2025-08-21,CUST0415,Accessories,Webcam,2.0,0.1,7560.0,-2087.88,NetBanking,Returned,Loss
ORD03461,2026-07-11,CUST0515,Furniture,Desk,1.0,0.1,13500.0,2720.55,NetBanking,Delivered,Profit
ORD03462,2025-10-24,CUST0018,Accessories,Usb Hub,2.0,0.1,3240.0,1121.43,NetBanking,Shipped,Profit
ORD03463,2026-04-05,CUST0474,Furniture,Bookshelf,1.0,0.1,9900.0,1736.45,NetBanking,Shipped,Profit
ORD03464,2025-08-10,CUST0509,Accessories,Backpack,4.0,0.1,7920.0,-3159.12,NetBanking,Returned,Loss
ORD03465,2025-07-21,CUST0278,Electronics,Monitor,2.0,0.05,34200.0,5912.58,UPI,Delivered,Profit
ORD03466,2025-09-23,CUST0340,Office Supplies,Stapler,1.0,0.0,350.0,120.0,Card,Delivered,Profit
ORD03467,2025-08-17,CUST0435,Accessories,Webcam,5.0,0.05,19950.0,5140.41,Cash on Delivery,Delivered,Profit
ORD03468,2025-07-23,CUST0589,Furniture,Desk,2.0,0.1,27000.0,4920.12,Cash on Delivery,Delivered,Profit
ORD03469,2025-09-22,CUST0580,Electronics,Keyboard,5.0,0.1,11250.0,3298.01,UPI,Delivered,Profit
ORD03470,2025-08-26,CUST0083,Electronics,Laptop,4.0,0.05,209000.0,26917.77,Cash on Delivery,Delivered,Profit
ORD03471,2025-11-14,CUST0585,Furniture,Office Chair,5.0,0.1,40500.0,8924.95,UPI,Delivered,Profit
ORD03472,2025-10-18,CUST0510,Office Supplies,Desk Organizer,3.0,0.1,2430.0,-327.62,Card,Returned,Loss
ORD03473,2025-08-26,CUST0421,Electronics,Monitor,4.0,0.1,64800.0,9373.7,Card,Delivered,Profit
ORD03474,2026-06-21,CUST0564,Furniture,Desk,3.0,0.0,45000.0,10500.0,UPI,Delivered,Profit
ORD03475,2026-03-16,CUST0468,Electronics,Keyboard,2.0,0.0,5000.0,1600.0,UPI,Delivered,Profit
ORD03476,2026-01-14,CUST0581,Accessories,Backpack,1.0,0.0,2200.0,-308.88,Card,Returned,Loss
ORD03477,2025-12-21,CUST0083,Furniture,Cabinet,2.0,0.0,26000.0,6400.0,NetBanking,Shipped,Profit
ORD03478,2025-12-12,CUST0098,Furniture,Bookshelf,4.0,0.1,39600.0,7564.53,UPI,Delivered,Profit
ORD03479,2026-04-19,CUST0401,Furniture,Bookshelf,2.0,0.1,19800.0,3924.22,NetBanking,Delivered,Profit
ORD03480,2025-12-20,CUST0433,Office Supplies,Desk Organizer,3.0,0.2,2160.0,-1266.11,Cash on Delivery,Cancelled,Loss
ORD03481,2025-11-18,CUST0415,Accessories,Mouse,2.0,0.15,2380.0,784.78,NetBanking,Shipped,Profit
ORD03482,2026-03-11,CUST0510,Office Supplies,Desk Organizer,1.0,0.2,720.0,162.55,Cash on Delivery,Delivered,Profit
ORD03483,2025-07-04,CUST0027,Electronics,Laptop,4.0,0.05,209000.0,-22567.37,UPI,Cancelled,Loss
ORD03484,2026-02-25,CUST0425,Furniture,Bookshelf,10.0,0.0,110000.0,26000.0,Card,Shipped,Profit
ORD03485,2025-12-26,CUST0597,Accessories,Usb Hub,2.0,0.15,3060.0,939.39,NetBanking,Delivered,Profit
ORD03486,2026-01-12,CUST0316,Electronics,Headphones,1.0,0.2,3600.0,892.81,UPI,Delivered,Profit
ORD03487,2026-01-09,CUST0273,Accessories,Mouse,2.0,0.1,2520.0,779.33,NetBanking,Delivered,Profit
ORD03488,2026-03-28,CUST0507,Furniture,Cabinet,3.0,0.1,35100.0,7138.44,NetBanking,Delivered,Profit
ORD03489,2026-01-04,CUST0287,Office Supplies,Paper,1.0,0.15,382.5,53.62,Card,Delivered,Profit
ORD03490,2025-12-08,CUST0315,Office Supplies,Stapler,1.0,0.3,245.0,46.66,Cash on Delivery,Delivered,Profit
ORD03491,2025-12-08,CUST0281,Electronics,Monitor,3.0,0.1,48600.0,6897.7,UPI,Delivered,Profit
ORD03492,2025-08-19,CUST0121,Furniture,Desk,1.0,0.0,15000.0,3500.0,Cash on Delivery,Delivered,Profit
ORD03493,2025-11-23,CUST0007,Electronics,Headphones,1.0,0.0,4500.0,1500.0,Card,Delivered,Profit
ORD03494,2025-09-13,CUST0340,Office Supplies,Desk Organizer,1.0,0.1,810.0,-7.89,NetBanking,Returned,Loss
ORD03495,2025-07-14,CUST0031,Electronics,Keyboard,2.0,0.0,5000.0,1600.0,NetBanking,Delivered,Profit
ORD03496,2025-10-12,CUST0547,Furniture,Cabinet,1.0,0.2,10400.0,1101.37,Card,Delivered,Profit
ORD03497,2026-07-07,CUST0308,Electronics,Keyboard,3.0,0.1,6750.0,-1970.92,Card,Returned,Loss
ORD03498,2026-08-16,CUST0272,Furniture,Desk,5.0,0.1,67500.0,12772.73,Cash on Delivery,Delivered,Profit
ORD03499,2025-12-14,CUST0473,Furniture,Office Chair,5.0,0.05,42750.0,9690.97,Cash on Delivery,Delivered,Profit
ORD03500,2025-11-07,CUST0353,Electronics,Monitor,1.0,0.05,17100.0,2840.57,UPI,Delivered,Profit
ORD03501,2025-07-14,CUST0331,Office Supplies,Paper,2.0,0.15,765.0,-336.99,NetBanking,Cancelled,Loss
ORD03502,2026-07-15,CUST0449,Furniture,Bookshelf,1.0,0.2,8800.0,1133.05,NetBanking,Delivered,Profit
ORD03503,2026-06-02,CUST0567,Accessories,Backpack,2.0,0.1,3960.0,1224.55,NetBanking,Delivered,Profit
ORD03504,2025-07-21,CUST0507,Furniture,Desk,1.0,0.1,13500.0,-6748.31,NetBanking,Cancelled,Loss
ORD03505,2026-07-12,CUST0442,Electronics,Monitor,3.0,0.15,45900.0,3631.46,UPI,Delivered,Profit
ORD03506,2025-12-24,CUST0272,Office Supplies,Stapler,1.0,0.05,332.5,106.96,Cash on Delivery,Delivered,Profit
ORD03507,2026-04-25,CUST0128,Office Supplies,Printer,4.0,0.1,50400.0,8016.48,Cash on Delivery,Delivered,Profit
ORD03508,2025-08-23,CUST0484,Electronics,Monitor,1.0,0.15,15300.0,1470.13,NetBanking,Delivered,Profit
ORD03509,2025-10-04,CUST0114,Electronics,Laptop,3.0,0.05,156750.0,-67614.33,Cash on Delivery,Returned,Loss
ORD03510,2026-03-10,CUST0555,Furniture,Desk,5.0,0.2,60000.0,9165.89,UPI,Delivered,Profit
ORD03511,2025-12-26,CUST0468,Electronics,Keyboard,2.0,0.05,4750.0,1442.5,UPI,Delivered,Profit
ORD03512,2026-07-14,CUST0279,Furniture,Desk,4.0,0.15,51000.0,9506.43,NetBanking,Delivered,Profit
ORD03513,2026-04-14,CUST0421,Furniture,Office Chair,1.0,0.0,9000.0,2300.0,Card,Delivered,Profit
ORD03514,2026-05-21,CUST0519,Office Supplies,Paper,1.0,0.1,405.0,73.59,Cash on Delivery,Delivered,Profit
ORD03515,2025-10-16,CUST0482,Electronics,Keyboard,3.0,0.05,7125.0,2174.99,NetBanking,Delivered,Profit
ORD03516,2025-11-10,CUST0073,Electronics,Monitor,2.0,0.1,32400.0,-16331.98,UPI,Returned,Loss
ORD03517,2025-07-15,CUST0099,Furniture,Office Chair,3.0,0.1,24300.0,5607.19,UPI,Delivered,Profit
ORD03518,2026-06-30,CUST0251,Office Supplies,Printer,3.0,0.2,33600.0,2272.51,Cash on Delivery,Delivered,Profit
ORD03519,2026-06-23,CUST0250,Electronics,Headphones,3.0,0.1,12150.0,3600.57,Card,Delivered,Profit
ORD03520,2026-01-17,CUST0564,Office Supplies,Paper,1.0,0.1,405.0,86.93,Cash on Delivery,Shipped,Profit
ORD03521,2026-06-17,CUST0331,Electronics,Headphones,1.0,0.0,4500.0,-1930.23,Card,Cancelled,Loss
ORD03522,2025-08-19,CUST0335,Accessories,Mouse,5.0,0.0,7000.0,715.23,Cash on Delivery,Returned,Profit
ORD03523,2026-07-07,CUST0530,Furniture,Desk,1.0,0.15,12750.0,1712.44,NetBanking,Delivered,Profit
ORD03524,2026-04-25,CUST0411,Electronics,Laptop,10.0,0.0,550000.0,90000.0,Cash on Delivery,Delivered,Profit
ORD03525,2026-07-02,CUST0022,Office Supplies,Printer,4.0,0.1,50400.0,7973.28,Card,Delivered,Profit
ORD03526,2026-05-05,CUST0496,Electronics,Laptop,2.0,0.1,99000.0,10131.95,UPI,Delivered,Profit
ORD03527,2026-02-26,CUST0079,Electronics,Monitor,4.0,0.2,57600.0,4338.16,UPI,Delivered,Profit
ORD03528,2026-01-31,CUST0289,Electronics,Keyboard,5.0,0.1,11250.0,3243.21,Cash on Delivery,Delivered,Profit
ORD03529,2026-08-09,CUST0079,Office Supplies,Desk Organizer,6.0,0.0,5400.0,1680.0,NetBanking,Delivered,Profit
ORD03530,2026-03-01,CUST0162,Electronics,Headphones,2.0,0.15,7650.0,2171.11,NetBanking,Delivered,Profit
ORD03531,2025-11-28,CUST0007,Furniture,Bookshelf,3.0,0.3,23100.0,1432.72,UPI,Shipped,Profit
ORD03532,2025-07-23,CUST0178,Electronics,Keyboard,5.0,0.0,12500.0,-2682.48,Card,Cancelled,Loss
ORD03533,2025-12-08,CUST0236,Accessories,Mouse,4.0,0.0,5600.0,2000.0,UPI,Delivered,Profit
ORD03534,2026-01-12,CUST0583,Accessories,Mouse,2.0,0.2,2240.0,46.85,Cash on Delivery,Cancelled,Profit
ORD03535,2025-08-15,CUST0063,Accessories,Webcam,6.0,0.05,23940.0,6373.14,NetBanking,Shipped,Profit
ORD03536,2026-05-03,CUST0525,Office Supplies,Desk Organizer,10.0,0.1,8100.0,2089.21,NetBanking,Delivered,Profit
ORD03537,2025-10-24,CUST0202,Electronics,Monitor,1.0,0.15,15300.0,2181.94,Cash on Delivery,Delivered,Profit
ORD03538,2026-02-24,CUST0142,Electronics,Keyboard,3.0,0.05,7125.0,2230.15,Card,Delivered,Profit
ORD03539,2026-01-15,CUST0074,Furniture,Office Chair,2.0,0.15,15300.0,2481.37,UPI,Delivered,Profit
ORD03540,2025-07-28,CUST0454,Electronics,Headphones,2.0,0.05,8550.0,-1916.84,Card,Returned,Loss
ORD03541,2026-01-20,CUST0224,Furniture,Cabinet,1.0,0.1,11700.0,2458.05,NetBanking,Shipped,Profit
ORD03542,2026-02-26,CUST0112,Office Supplies,Printer,1.0,0.05,13300.0,2239.53,NetBanking,Delivered,Profit
ORD03543,2025-09-30,CUST0276,Furniture,Office Chair,3.0,0.05,25650.0,6230.51,UPI,Delivered,Profit
ORD03544,2026-03-12,CUST0325,Office Supplies,Printer,2.0,0.2,22400.0,-9294.57,Cash on Delivery,Returned,Loss
ORD03545,2025-09-25,CUST0064,Accessories,Webcam,1.0,0.2,3360.0,517.46,NetBanking,Delivered,Profit
ORD03546,2025-08-04,CUST0180,Office Supplies,Stapler,2.0,0.2,560.0,127.08,UPI,Delivered,Profit
ORD03547,2026-06-12,CUST0358,Electronics,Monitor,1.0,0.1,16200.0,2157.06,Cash on Delivery,Delivered,Profit
ORD03548,2025-11-07,CUST0581,Furniture,Bookshelf,2.0,0.1,19800.0,-1203.23,UPI,Returned,Loss
ORD03549,2025-08-09,CUST0114,Accessories,Mouse,2.0,0.1,2520.0,798.4,NetBanking,Delivered,Profit
ORD03550,2026-07-24,CUST0427,Accessories,Usb Hub,5.0,0.1,8100.0,2652.34,NetBanking,Delivered,Profit
ORD03551,2025-10-22,CUST0119,Electronics,Keyboard,3.0,0.15,6375.0,1873.39,Card,Delivered,Profit
ORD03552,2026-05-08,CUST0079,Electronics,Monitor,1.0,0.3,12600.0,106.42,NetBanking,Shipped,Profit
ORD03553,2026-06-21,CUST0391,Accessories,Backpack,1.0,0.0,2200.0,750.0,NetBanking,Delivered,Profit
ORD03554,2025-12-18,CUST0480,Electronics,Monitor,3.0,0.0,54000.0,10500.0,UPI,Delivered,Profit
ORD03555,2026-08-26,CUST0343,Furniture,Desk,3.0,0.15,38250.0,5119.87,Card,Shipped,Profit
ORD03556,2025-10-07,CUST0274,Electronics,Headphones,1.0,0.15,3825.0,1038.92,Card,Delivered,Profit
ORD03557,2026-08-26,CUST0555,Office Supplies,Printer,3.0,0.2,33600.0,3182.78,UPI,Delivered,Profit
ORD03558,2025-09-27,CUST0586,Electronics,Keyboard,4.0,0.15,8500.0,2112.83,UPI,Delivered,Profit
ORD03559,2025-08-25,CUST0112,Electronics,Monitor,6.0,0.15,91800.0,9090.2,NetBanking,Delivered,Profit
ORD03560,2025-12-25,CUST0026,Furniture,Desk,3.0,0.1,40500.0,8342.4,NetBanking,Delivered,Profit
ORD03561,2026-03-02,CUST0405,Electronics,Headphones,3.0,0.05,12825.0,3971.95,UPI,Delivered,Profit
ORD03562,2026-02-26,CUST0047,Accessories,Backpack,1.0,0.2,1760.0,497.58,UPI,Delivered,Profit
ORD03563,2026-05-21,CUST0048,Electronics,Headphones,5.0,0.2,18000.0,4116.71,NetBanking,Shipped,Profit
ORD03564,2026-01-06,CUST0478,Accessories,Usb Hub,2.0,0.15,3060.0,856.43,Card,Delivered,Profit
ORD03565,2026-04-14,CUST0122,Office Supplies,Stapler,5.0,0.0,1750.0,600.0,UPI,Delivered,Profit
ORD03566,2026-01-22,CUST0089,Electronics,Laptop,3.0,0.05,156750.0,20961.55,Cash on Delivery,Delivered,Profit
ORD03567,2026-07-13,CUST0299,Furniture,Cabinet,2.0,0.1,23400.0,4609.22,NetBanking,Delivered,Profit
ORD03568,2026-03-29,CUST0447,Electronics,Keyboard,1.0,0.1,2250.0,-20.63,Cash on Delivery,Returned,Loss
ORD03569,2026-06-17,CUST0543,Accessories,Backpack,4.0,0.15,7480.0,1949.86,NetBanking,Delivered,Profit
ORD03570,2025-11-22,CUST0195,Furniture,Cabinet,1.0,0.1,11700.0,-6672.36,Cash on Delivery,Returned,Loss
ORD03571,2026-03-24,CUST0274,Furniture,Cabinet,1.0,0.1,11700.0,2287.19,NetBanking,Shipped,Profit
ORD03572,2026-07-14,CUST0041,Accessories,Usb Hub,4.0,0.15,6120.0,2107.92,Card,Delivered,Profit
ORD03573,2026-05-04,CUST0214,Electronics,Headphones,15.0,0.2,54000.0,15625.69,UPI,Shipped,Profit
ORD03574,2026-05-10,CUST0475,Accessories,Webcam,5.0,0.1,18900.0,-10429.53,UPI,Returned,Loss
ORD03575,2026-08-16,CUST0223,Furniture,Office Chair,5.0,0.1,40500.0,-8715.48,NetBanking,Cancelled,Loss
ORD03576,2026-03-11,CUST0388,Furniture,Cabinet,2.0,0.2,20800.0,2605.43,Card,Delivered,Profit
ORD03577,2026-01-21,CUST0454,Office Supplies,Desk Organizer,2.0,0.0,1800.0,560.0,UPI,Shipped,Profit
ORD03578,2025-11-25,CUST0216,Electronics,Keyboard,1.0,0.15,2125.0,618.89,NetBanking,Delivered,Profit
ORD03579,2025-10-10,CUST0329,Electronics,Keyboard,2.0,0.15,4250.0,1235.46,Cash on Delivery,Delivered,Profit
ORD03580,2025-11-03,CUST0378,Furniture,Bookshelf,2.0,0.05,20900.0,4283.1,Cash on Delivery,Delivered,Profit
ORD03581,2025-08-10,CUST0412,Electronics,Laptop,1.0,0.2,44000.0,-14778.21,UPI,Cancelled,Loss
ORD03582,2026-06-12,CUST0325,Accessories,Usb Hub,4.0,0.1,6480.0,2206.59,Card,Delivered,Profit
ORD03583,2026-04-11,CUST0133,Accessories,Backpack,5.0,0.2,8800.0,2737.48,Cash on Delivery,Delivered,Profit
ORD03584,2026-04-01,CUST0581,Furniture,Office Chair,2.0,0.0,18000.0,4600.0,NetBanking,Delivered,Profit
ORD03585,2025-11-08,CUST0024,Furniture,Desk,3.0,0.05,42750.0,9386.4,UPI,Delivered,Profit
ORD03586,2025-11-15,CUST0236,Furniture,Bookshelf,1.0,0.2,8800.0,956.16,Card,Delivered,Profit
ORD03587,2026-02-03,CUST0062,Office Supplies,Paper,2.0,0.1,810.0,165.86,Cash on Delivery,Delivered,Profit
ORD03588,2025-12-31,CUST0549,Office Supplies,Desk Organizer,1.0,0.15,765.0,167.97,Cash on Delivery,Delivered,Profit
ORD03589,2025-12-24,CUST0404,Office Supplies,Desk Organizer,1.0,0.05,855.0,257.77,Cash on Delivery,Delivered,Profit
ORD03590,2026-02-01,CUST0475,Electronics,Monitor,1.0,0.05,17100.0,3011.38,UPI,Delivered,Profit
ORD03591,2026-06-04,CUST0238,Furniture,Desk,3.0,0.05,42750.0,9060.84,Card,Delivered,Profit
ORD03592,2025-07-31,CUST0155,Furniture,Desk,1.0,0.1,13500.0,2597.52,NetBanking,Delivered,Profit
ORD03593,2026-08-11,CUST0015,Office Supplies,Desk Organizer,1.0,0.05,855.0,243.5,UPI,Delivered,Profit
ORD03594,2025-07-24,CUST0248,Office Supplies,Printer,1.0,0.0,14000.0,2800.0,Card,Shipped,Profit
ORD03595,2025-11-08,CUST0108,Electronics,Monitor,1.0,0.05,17100.0,2898.09,Card,Delivered,Profit
ORD03596,2025-08-24,CUST0409,Accessories,Mouse,1.0,0.0,1400.0,500.0,NetBanking,Delivered,Profit
ORD03597,2026-02-04,CUST0549,Furniture,Office Chair,2.0,0.1,16200.0,3462.44,Cash on Delivery,Shipped,Profit
ORD03598,2026-08-29,CUST0223,Office Supplies,Stapler,1.0,0.15,297.5,-154.53,Card,Cancelled,Loss
ORD03599,2026-01-10,CUST0436,Electronics,Headphones,4.0,0.15,15300.0,4114.83,NetBanking,Delivered,Profit
ORD03600,2026-01-02,CUST0073,Electronics,Monitor,1.0,0.15,15300.0,-8586.65,Cash on Delivery,Returned,Loss
ORD03601,2026-06-13,CUST0170,Electronics,Keyboard,150.0,0.0,6187500.0,-309375.0,Cash on Delivery,Delivered,Loss
ORD03602,2026-08-13,CUST0181,Office Supplies,Desk Organizer,1.0,0.1,810.0,237.89,Cash on Delivery,Shipped,Profit
ORD03603,2026-08-28,CUST0300,Furniture,Cabinet,2.0,0.15,22100.0,-2388.04,Card,Returned,Loss
ORD03604,2026-04-30,CUST0427,Office Supplies,Paper,4.0,0.05,1710.0,363.79,UPI,Delivered,Profit
ORD03605,2025-11-30,CUST0298,Accessories,Backpack,1.0,0.15,1870.0,-477.49,NetBanking,Returned,Loss
ORD03606,2025-09-23,CUST0061,Furniture,Desk,2.0,0.05,28500.0,6321.68,Card,Delivered,Profit
ORD03607,2026-06-29,CUST0025,Office Supplies,Desk Organizer,5.0,0.1,4050.0,1036.09,UPI,Delivered,Profit
ORD03608,2025-12-15,CUST0379,Office Supplies,Stapler,2.0,0.15,595.0,181.08,Card,Delivered,Profit
ORD03609,2025-11-05,CUST0499,Furniture,Desk,5.0,0.2,60000.0,6953.85,Cash on Delivery,Delivered,Profit
ORD03610,2026-07-18,CUST0198,Electronics,Monitor,2.0,0.0,36000.0,-7830.63,NetBanking,Cancelled,Loss
ORD03611,2025-09-30,CUST0520,Accessories,Backpack,3.0,0.0,6600.0,2250.0,Card,Shipped,Profit
ORD03612,2026-05-29,CUST0402,Electronics,Headphones,2.0,0.0,9000.0,3000.0,Card,Shipped,Profit
ORD03613,2026-06-22,CUST0553,Accessories,Backpack,1.0,0.0,2200.0,750.0,NetBanking,Delivered,Profit
ORD03614,2026-04-19,CUST0253,Electronics,Headphones,10.0,0.0,45000.0,15000.0,NetBanking,Delivered,Profit
ORD03615,2026-07-07,CUST0245,Furniture,Desk,3.0,0.1,40500.0,8141.46,Cash on Delivery,Delivered,Profit
ORD03616,2025-12-09,CUST0550,Electronics,Headphones,1.0,0.1,4050.0,1143.6,UPI,Delivered,Profit
ORD03617,2026-07-03,CUST0544,Electronics,Laptop,1.0,0.1,49500.0,4919.14,Card,Delivered,Profit
ORD03618,2026-05-15,CUST0152,Electronics,Headphones,1.0,0.0,4500.0,1500.0,UPI,Delivered,Profit
ORD03619,2026-08-01,CUST0119,Office Supplies,Desk Organizer,4.0,0.15,3060.0,726.45,Cash on Delivery,Delivered,Profit
ORD03620,2026-06-28,CUST0016,Electronics,Keyboard,2.0,0.0,5000.0,1600.0,Card,Delivered,Profit
ORD03621,2026-07-28,CUST0440,Accessories,Backpack,2.0,0.05,4180.0,1332.32,Cash on Delivery,Delivered,Profit
ORD03622,2025-07-11,CUST0038,Office Supplies,Desk Organizer,1.0,0.0,900.0,280.0,NetBanking,Delivered,Profit
ORD03623,2026-02-16,CUST0015,Office Supplies,Desk Organizer,2.0,0.05,1710.0,516.13,Card,Delivered,Profit
ORD03624,2025-12-10,CUST0278,Office Supplies,Desk Organizer,1.0,0.1,810.0,233.18,Card,Delivered,Profit
ORD03625,2025-07-05,CUST0034,Furniture,Cabinet,2.0,0.0,26000.0,6400.0,Card,Delivered,Profit
ORD03626,2026-06-30,CUST0560,Office Supplies,Stapler,1.0,0.1,315.0,91.9,Cash on Delivery,Delivered,Profit
ORD03627,2026-02-26,CUST0167,Electronics,Keyboard,2.0,0.1,4500.0,1299.65,Card,Delivered,Profit
ORD03628,2025-07-02,CUST0322,Electronics,Headphones,6.0,0.0,27000.0,9000.0,Card,Delivered,Profit
ORD03629,2025-12-19,CUST0573,Office Supplies,Desk Organizer,1.0,0.1,810.0,230.49,Card,Delivered,Profit
ORD03630,2026-07-23,CUST0505,Accessories,Webcam,3.0,0.0,12600.0,3600.0,Card,Delivered,Profit
ORD03631,2026-01-01,CUST0161,Furniture,Bookshelf,1.0,0.0,11000.0,2600.0,Cash on Delivery,Shipped,Profit
ORD03632,2025-10-17,CUST0220,Electronics,Keyboard,1.0,0.15,2125.0,563.22,Cash on Delivery,Delivered,Profit
ORD03633,2026-06-13,CUST0516,Furniture,Cabinet,1.0,0.05,12350.0,2830.87,Cash on Delivery,Delivered,Profit
ORD03634,2026-06-20,CUST0066,Electronics,Headphones,1.0,0.1,4050.0,1128.94,UPI,Delivered,Profit
ORD03635,2026-01-19,CUST0359,Electronics,Laptop,4.0,0.15,187000.0,-37556.92,NetBanking,Cancelled,Loss
ORD03636,2026-03-05,CUST0121,Accessories,Usb Hub,1.0,0.1,1620.0,532.67,UPI,Delivered,Profit
ORD03637,2025-09-14,CUST0538,Electronics,Headphones,6.0,0.1,24300.0,-11796.48,NetBanking,Cancelled,Loss
ORD03638,2025-11-16,CUST0156,Furniture,Cabinet,2.0,0.1,23400.0,5010.69,Card,Delivered,Profit
ORD03639,2026-08-10,CUST0466,Office Supplies,Stapler,2.0,0.05,665.0,220.92,NetBanking,Delivered,Profit
ORD03640,2026-05-21,CUST0547,Electronics,Monitor,1.0,0.1,16200.0,-2935.27,Card,Returned,Loss
ORD03641,2025-07-09,CUST0314,Office Supplies,Printer,6.0,0.0,84000.0,16800.0,Card,Delivered,Profit
ORD03642,2026-04-06,CUST0059,Office Supplies,Stapler,3.0,0.05,997.5,323.76,NetBanking,Delivered,Profit
ORD03643,2025-10-19,CUST0560,Office Supplies,Stapler,5.0,0.0,1750.0,600.0,UPI,Delivered,Profit
ORD03644,2025-09-25,CUST0027,Accessories,Mouse,2.0,0.2,2240.0,623.3,NetBanking,Delivered,Profit
ORD03645,2025-08-07,CUST0042,Accessories,Mouse,1.0,0.0,1400.0,500.0,Cash on Delivery,Delivered,Profit
ORD03646,2026-08-28,CUST0549,Electronics,Keyboard,4.0,0.0,10000.0,3200.0,UPI,Delivered,Profit
ORD03647,2025-09-28,CUST0123,Office Supplies,Desk Organizer,4.0,0.0,3600.0,-577.58,NetBanking,Returned,Loss
ORD03648,2026-08-19,CUST0334,Office Supplies,Desk Organizer,2.0,0.0,1800.0,560.0,NetBanking,Delivered,Profit
ORD03649,2025-10-31,CUST0337,Furniture,Bookshelf,2.0,0.0,22000.0,5200.0,Card,Delivered,Profit
ORD03650,2026-02-26,CUST0460,Electronics,Keyboard,6.0,0.2,12000.0,3127.03,UPI,Delivered,Profit
ORD03651,2026-08-10,CUST0434,Office Supplies,Stapler,1.0,0.1,315.0,91.03,Card,Delivered,Profit
ORD03652,2026-02-13,CUST0097,Electronics,Monitor,5.0,0.1,81000.0,-29180.75,UPI,Returned,Loss
ORD03653,2026-07-09,CUST0367,Electronics,Headphones,2.0,0.1,8100.0,2559.71,Card,Delivered,Profit
ORD03654,2026-03-22,CUST0559,Office Supplies,Paper,4.0,0.1,1620.0,339.67,UPI,Delivered,Profit
ORD03655,2025-08-20,CUST0263,Furniture,Desk,1.0,0.1,13500.0,2643.92,NetBanking,Delivered,Profit
ORD03656,2026-03-22,CUST0226,Accessories,Usb Hub,2.0,0.05,3420.0,1153.03,NetBanking,Delivered,Profit
ORD03657,2025-08-23,CUST0420,Furniture,Cabinet,5.0,0.05,61750.0,14286.39,Cash on Delivery,Delivered,Profit
ORD03658,2025-11-03,CUST0014,Electronics,Laptop,2.0,0.1,99000.0,11656.85,NetBanking,Delivered,Profit
ORD03659,2026-05-28,CUST0402,Furniture,Bookshelf,2.0,0.2,17600.0,2832.14,Card,Delivered,Profit
ORD03660,2025-08-05,CUST0067,Accessories,Mouse,1.0,0.15,1190.0,-41.5,Cash on Delivery,Returned,Loss
ORD03661,2026-05-22,CUST0426,Furniture,Desk,3.0,0.2,36000.0,3675.35,Card,Delivered,Profit
ORD03662,2026-03-23,CUST0072,Electronics,Laptop,2.0,0.0,110000.0,18000.0,NetBanking,Delivered,Profit
ORD03663,2026-01-15,CUST0511,Office Supplies,Stapler,3.0,0.15,892.5,30.91,Card,Returned,Profit
ORD03664,2026-05-05,CUST0277,Electronics,Headphones,2.0,0.05,8550.0,2660.28,Card,Delivered,Profit
ORD03665,2025-07-19,CUST0441,Accessories,Backpack,3.0,0.0,6600.0,2250.0,Cash on Delivery,Delivered,Profit
ORD03666,2025-11-24,CUST0277,Furniture,Cabinet,2.0,0.15,22100.0,4354.28,Card,Delivered,Profit
ORD03667,2026-01-13,CUST0599,Furniture,Bookshelf,5.0,0.15,46750.0,6731.38,Cash on Delivery,Delivered,Profit
ORD03668,2026-04-20,CUST0195,Accessories,Backpack,3.0,0.05,6270.0,2093.46,Card,Delivered,Profit
ORD03669,2025-08-26,CUST0441,Furniture,Desk,1.0,0.15,12750.0,1595.01,NetBanking,Delivered,Profit
ORD03670,2026-04-11,CUST0356,Office Supplies,Printer,6.0,0.0,84000.0,16800.0,Cash on Delivery,Delivered,Profit
ORD03671,2025-07-15,CUST0223,Furniture,Desk,4.0,0.05,57000.0,11830.39,NetBanking,Delivered,Profit
ORD03672,2026-06-02,CUST0074,Furniture,Cabinet,5.0,0.05,61750.0,-3988.82,UPI,Returned,Loss
ORD03673,2026-05-26,CUST0545,Office Supplies,Stapler,2.0,0.05,665.0,210.52,Cash on Delivery,Shipped,Profit
ORD03674,2025-08-02,CUST0162,Furniture,Desk,2.0,0.1,27000.0,-2894.72,Card,Returned,Loss
ORD03675,2025-07-29,CUST0488,Office Supplies,Printer,1.0,0.1,12600.0,1759.03,UPI,Delivered,Profit
ORD03676,2026-08-26,CUST0356,Accessories,Usb Hub,4.0,0.15,6120.0,1838.89,NetBanking,Delivered,Profit
ORD03677,2026-05-18,CUST0075,Office Supplies,Printer,1.0,0.3,9800.0,-3180.23,NetBanking,Cancelled,Loss
ORD03678,2026-08-12,CUST0442,Accessories,Backpack,1.0,0.15,1870.0,517.41,Cash on Delivery,Delivered,Profit
ORD03679,2026-01-06,CUST0293,Electronics,Keyboard,1.0,0.1,2250.0,656.79,NetBanking,Delivered,Profit
ORD03680,2025-10-31,CUST0474,Electronics,Headphones,1.0,0.1,4050.0,1130.85,Cash on Delivery,Delivered,Profit
ORD03681,2026-04-21,CUST0214,Furniture,Office Chair,2.0,0.2,14400.0,1849.74,Cash on Delivery,Delivered,Profit
ORD03682,2025-07-29,CUST0347,Office Supplies,Desk Organizer,6.0,0.1,4860.0,1227.0,Cash on Delivery,Delivered,Profit
ORD03683,2025-12-08,CUST0285,Furniture,Desk,2.0,0.1,27000.0,4692.3,Card,Delivered,Profit
ORD03684,2026-05-03,CUST0287,Accessories,Backpack,3.0,0.15,5610.0,1646.61,Cash on Delivery,Delivered,Profit
ORD03685,2025-09-04,CUST0505,Office Supplies,Paper,1.0,0.15,382.5,72.35,Cash on Delivery,Delivered,Profit
ORD03686,2026-01-02,CUST0421,Furniture,Office Chair,4.0,0.15,30600.0,5510.83,Card,Shipped,Profit
ORD03687,2025-12-10,CUST0056,Furniture,Office Chair,1.0,0.1,8100.0,1745.58,Card,Delivered,Profit
ORD03688,2026-08-13,CUST0502,Accessories,Backpack,2.0,0.05,4180.0,1313.98,NetBanking,Delivered,Profit
ORD03689,2025-08-27,CUST0291,Electronics,Keyboard,1.0,0.0,2500.0,800.0,Cash on Delivery,Delivered,Profit
ORD03690,2026-08-23,CUST0064,Electronics,Keyboard,1.0,0.0,2500.0,800.0,Card,Delivered,Profit
ORD03691,2025-10-02,CUST0104,Accessories,Backpack,3.0,0.0,6600.0,2250.0,Cash on Delivery,Delivered,Profit
ORD03692,2026-02-10,CUST0122,Office Supplies,Stapler,1.0,0.0,350.0,120.0,UPI,Shipped,Profit
ORD03693,2026-04-13,CUST0206,Electronics,Keyboard,3.0,0.15,6375.0,1887.64,NetBanking,Shipped,Profit
ORD03694,2025-07-17,CUST0388,Furniture,Cabinet,6.0,0.0,78000.0,19200.0,UPI,Delivered,Profit
ORD03695,2025-07-17,CUST0360,Furniture,Bookshelf,1.0,0.0,11000.0,2600.0,Cash on Delivery,Delivered,Profit
ORD03696,2025-09-29,CUST0061,Office Supplies,Printer,2.0,0.0,28000.0,5600.0,NetBanking,Delivered,Profit
ORD03697,2026-07-03,CUST0378,Office Supplies,Printer,2.0,0.05,26600.0,-12496.77,UPI,Returned,Loss
ORD03698,2026-02-10,CUST0415,Office Supplies,Stapler,2.0,0.15,595.0,157.59,Cash on Delivery,Delivered,Profit
ORD03699,2026-05-03,CUST0152,Furniture,Cabinet,2.0,0.05,24700.0,5506.11,UPI,Shipped,Profit
ORD03700,2026-03-07,CUST0063,Furniture,Office Chair,1.0,0.05,8550.0,2082.93,Card,Delivered,Profit
ORD03701,2026-06-04,CUST0075,Accessories,Usb Hub,80.0,0.1,936000.0,-74880.0,Card,Returned,Loss
ORD03702,2026-08-20,CUST0374,Furniture,Bookshelf,2.0,0.1,19800.0,3812.09,Card,Delivered,Profit
ORD03703,2025-09-08,CUST0079,Furniture,Bookshelf,1.0,0.1,9900.0,2085.06,NetBanking,Shipped,Profit
ORD03704,2026-08-30,CUST0519,Office Supplies,Paper,2.0,0.1,810.0,157.74,Cash on Delivery,Shipped,Profit
ORD03705,2025-07-23,CUST0489,Accessories,Backpack,10.0,0.2,17600.0,4304.94,NetBanking,Delivered,Profit
ORD03706,2026-07-25,CUST0594,Furniture,Bookshelf,1.0,0.1,9900.0,-3689.79,Cash on Delivery,Returned,Loss
ORD03707,2025-09-26,CUST0585,Office Supplies,Desk Organizer,2.0,0.2,1440.0,383.12,Card,Delivered,Profit
ORD03708,2026-01-06,CUST0456,Office Supplies,Stapler,2.0,0.2,560.0,131.55,Cash on Delivery,Delivered,Profit
ORD03709,2025-07-15,CUST0066,Furniture,Office Chair,1.0,0.15,7650.0,1311.95,Cash on Delivery,Delivered,Profit
ORD03710,2026-06-08,CUST0038,Office Supplies,Desk Organizer,1.0,0.0,900.0,280.0,Cash on Delivery,Delivered,Profit
ORD03711,2025-07-21,CUST0184,Office Supplies,Desk Organizer,5.0,0.0,4500.0,1400.0,Cash on Delivery,Delivered,Profit
ORD03712,2025-11-07,CUST0374,Electronics,Headphones,2.0,0.15,7650.0,1860.53,NetBanking,Delivered,Profit
ORD03713,2026-02-14,CUST0018,Electronics,Keyboard,4.0,0.0,10000.0,3200.0,Card,Delivered,Profit
ORD03714,2025-10-17,CUST0390,Accessories,Mouse,3.0,0.1,3780.0,1186.88,Card,Shipped,Profit
ORD03715,2026-07-17,CUST0076,Electronics,Headphones,3.0,0.2,10800.0,2626.3,NetBanking,Delivered,Profit
ORD03716,2025-11-28,CUST0314,Accessories,Backpack,3.0,0.1,5940.0,1942.34,NetBanking,Delivered,Profit
ORD03717,2026-07-11,CUST0264,Furniture,Bookshelf,5.0,0.0,55000.0,13000.0,Card,Delivered,Profit
ORD03718,2026-03-09,CUST0588,Furniture,Cabinet,4.0,0.1,46800.0,8852.89,NetBanking,Delivered,Profit
ORD03719,2026-05-16,CUST0570,Office Supplies,Paper,2.0,0.15,765.0,146.69,NetBanking,Delivered,Profit
ORD03720,2026-08-21,CUST0467,Accessories,Usb Hub,2.0,0.3,2520.0,403.8,UPI,Delivered,Profit
ORD03721,2025-12-05,CUST0204,Electronics,Headphones,2.0,0.0,9000.0,-3257.04,Card,Cancelled,Loss
ORD03722,2025-08-26,CUST0334,Office Supplies,Paper,1.0,0.3,315.0,38.58,Cash on Delivery,Delivered,Profit
ORD03723,2025-12-21,CUST0443,Electronics,Monitor,4.0,0.05,68400.0,12227.41,NetBanking,Delivered,Profit
ORD03724,2026-01-02,CUST0394,Furniture,Cabinet,2.0,0.0,26000.0,6400.0,Cash on Delivery,Delivered,Profit
ORD03725,2025-11-18,CUST0454,Electronics,Headphones,3.0,0.1,12150.0,3554.84,Cash on Delivery,Delivered,Profit
ORD03726,2026-08-20,CUST0164,Office Supplies,Printer,2.0,0.2,22400.0,-4918.33,Cash on Delivery,Returned,Loss
ORD03727,2026-05-25,CUST0574,Office Supplies,Printer,3.0,0.0,42000.0,-7481.53,NetBanking,Returned,Loss
ORD03728,2025-09-24,CUST0416,Furniture,Office Chair,2.0,0.0,18000.0,4600.0,Cash on Delivery,Delivered,Profit
ORD03729,2025-08-21,CUST0081,Office Supplies,Printer,3.0,0.05,39900.0,7134.95,NetBanking,Shipped,Profit
ORD03730,2026-07-13,CUST0224,Accessories,Webcam,2.0,0.1,7560.0,2007.53,UPI,Delivered,Profit
ORD03731,2026-03-22,CUST0102,Electronics,Monitor,1.0,0.3,12600.0,-244.81,Cash on Delivery,Delivered,Loss
ORD03732,2025-08-30,CUST0584,Furniture,Cabinet,1.0,0.2,10400.0,1504.9,Cash on Delivery,Delivered,Profit
ORD03733,2026-04-22,CUST0482,Electronics,Laptop,1.0,0.1,49500.0,4690.92,UPI,Delivered,Profit
ORD03734,2026-01-03,CUST0407,Office Supplies,Desk Organizer,1.0,0.0,900.0,-412.76,UPI,Cancelled,Loss
ORD03735,2026-08-30,CUST0474,Furniture,Bookshelf,3.0,0.0,33000.0,7800.0,NetBanking,Delivered,Profit
ORD03736,2025-12-30,CUST0043,Electronics,Headphones,3.0,0.0,13500.0,-2390.38,UPI,Returned,Loss
ORD03737,2025-11-14,CUST0324,Office Supplies,Paper,3.0,0.1,1215.0,222.56,Cash on Delivery,Delivered,Profit
ORD03738,2025-12-23,CUST0087,Electronics,Monitor,3.0,0.0,54000.0,10500.0,Cash on Delivery,Delivered,Profit
ORD03739,2025-08-05,CUST0150,Office Supplies,Stapler,2.0,0.15,595.0,178.7,Cash on Delivery,Delivered,Profit
ORD03740,2025-09-11,CUST0549,Office Supplies,Stapler,1.0,0.15,297.5,-58.84,Cash on Delivery,Returned,Loss
ORD03741,2025-10-07,CUST0542,Office Supplies,Desk Organizer,3.0,0.05,2565.0,732.27,Cash on Delivery,Delivered,Profit
ORD03742,2025-11-07,CUST0301,Electronics,Headphones,1.0,0.0,4500.0,1500.0,UPI,Delivered,Profit
ORD03743,2026-06-22,CUST0530,Office Supplies,Stapler,5.0,0.1,1575.0,453.55,NetBanking,Delivered,Profit
ORD03744,2026-02-02,CUST0354,Office Supplies,Paper,2.0,0.0,900.0,220.0,UPI,Delivered,Profit
ORD03745,2025-07-20,CUST0188,Office Supplies,Stapler,4.0,0.15,1190.0,375.9,NetBanking,Delivered,Profit
ORD03746,2026-03-15,CUST0234,Electronics,Laptop,2.0,0.1,99000.0,-19186.86,NetBanking,Returned,Loss
ORD03747,2025-09-11,CUST0232,Accessories,Mouse,1.0,0.0,1400.0,500.0,NetBanking,Delivered,Profit
ORD03748,2025-12-30,CUST0334,Electronics,Keyboard,5.0,0.1,11250.0,3063.14,UPI,Delivered,Profit
ORD03749,2025-10-23,CUST0380,Office Supplies,Desk Organizer,2.0,0.15,1530.0,347.64,UPI,Delivered,Profit
ORD03750,2025-09-19,CUST0154,Furniture,Office Chair,3.0,0.1,24300.0,5090.63,Card,Delivered,Profit
ORD03751,2025-08-08,CUST0034,Electronics,Monitor,2.0,0.05,34200.0,6059.55,NetBanking,Delivered,Profit
ORD03752,2026-03-02,CUST0190,Electronics,Monitor,3.0,0.1,48600.0,6270.94,UPI,Delivered,Profit
ORD03753,2025-07-03,CUST0274,Office Supplies,Paper,1.0,0.05,427.5,93.8,Card,Delivered,Profit
ORD03754,2026-07-17,CUST0141,Office Supplies,Stapler,1.0,0.3,245.0,54.08,Card,Delivered,Profit
ORD03755,2026-03-21,CUST0067,Electronics,Keyboard,3.0,0.05,7125.0,2091.43,Card,Delivered,Profit
ORD03756,2025-11-04,CUST0117,Office Supplies,Paper,4.0,0.1,1620.0,320.04,Cash on Delivery,Delivered,Profit
ORD03757,2025-08-13,CUST0413,Furniture,Bookshelf,1.0,0.1,9900.0,1815.72,UPI,Delivered,Profit
ORD03758,2026-03-22,CUST0119,Electronics,Monitor,1.0,0.2,14400.0,874.27,NetBanking,Delivered,Profit
ORD03759,2026-06-14,CUST0208,Office Supplies,Printer,3.0,0.0,42000.0,-15301.79,NetBanking,Cancelled,Loss
ORD03760,2026-07-05,CUST0389,Accessories,Backpack,1.0,0.2,1760.0,473.61,UPI,Delivered,Profit
ORD03761,2026-05-03,CUST0585,Electronics,Headphones,2.0,0.0,9000.0,3000.0,Cash on Delivery,Delivered,Profit
ORD03762,2026-01-02,CUST0139,Electronics,Monitor,3.0,0.15,45900.0,6285.01,Card,Delivered,Profit
ORD03763,2025-09-04,CUST0378,Office Supplies,Desk Organizer,2.0,0.1,1620.0,416.77,Card,Delivered,Profit
ORD03764,2025-11-16,CUST0114,Electronics,Keyboard,1.0,0.1,2250.0,651.64,UPI,Delivered,Profit
ORD03765,2025-10-31,CUST0561,Furniture,Office Chair,1.0,0.15,7650.0,1153.61,UPI,Delivered,Profit
ORD03766,2026-08-26,CUST0172,Furniture,Bookshelf,2.0,0.0,22000.0,5200.0,NetBanking,Delivered,Profit
ORD03767,2026-01-05,CUST0332,Electronics,Laptop,1.0,0.1,49500.0,-22483.68,Cash on Delivery,Cancelled,Loss
ORD03768,2025-07-25,CUST0358,Electronics,Headphones,1.0,0.05,4275.0,1360.21,UPI,Shipped,Profit
ORD03769,2026-07-24,CUST0421,Office Supplies,Printer,3.0,0.2,33600.0,3017.3,UPI,Delivered,Profit
ORD03770,2025-10-09,CUST0268,Office Supplies,Paper,1.0,0.15,382.5,61.89,NetBanking,Delivered,Profit
ORD03771,2025-08-04,CUST0228,Furniture,Desk,2.0,0.05,28500.0,5868.99,Cash on Delivery,Delivered,Profit
ORD03772,2025-12-25,CUST0407,Office Supplies,Printer,10.0,0.1,126000.0,18150.56,NetBanking,Delivered,Profit
ORD03773,2025-11-21,CUST0442,Accessories,Backpack,1.0,0.1,1980.0,598.84,Cash on Delivery,Delivered,Profit
ORD03774,2026-06-22,CUST0587,Accessories,Usb Hub,1.0,0.0,1800.0,650.0,Cash on Delivery,Delivered,Profit
ORD03775,2026-07-12,CUST0594,Accessories,Mouse,2.0,0.05,2660.0,918.68,UPI,Delivered,Profit
ORD03776,2025-12-27,CUST0528,Accessories,Usb Hub,3.0,0.0,5400.0,1950.0,Card,Delivered,Profit
ORD03777,2025-11-18,CUST0351,Electronics,Keyboard,3.0,0.3,5250.0,1026.19,Card,Delivered,Profit
ORD03778,2025-07-28,CUST0489,Furniture,Desk,3.0,0.05,42750.0,8754.08,Cash on Delivery,Delivered,Profit
ORD03779,2025-11-20,CUST0124,Accessories,Webcam,2.0,0.15,7140.0,1830.18,Card,Delivered,Profit
ORD03780,2025-10-01,CUST0597,Furniture,Cabinet,3.0,0.1,35100.0,7441.52,Card,Delivered,Profit
ORD03781,2025-10-09,CUST0092,Office Supplies,Desk Organizer,3.0,0.1,2430.0,653.21,NetBanking,Delivered,Profit
ORD03782,2026-08-21,CUST0561,Accessories,Webcam,3.0,0.15,10710.0,-4380.67,Cash on Delivery,Returned,Loss
ORD03783,2026-04-01,CUST0599,Furniture,Office Chair,1.0,0.05,8550.0,1992.0,Cash on Delivery,Delivered,Profit
ORD03784,2025-07-09,CUST0147,Accessories,Webcam,4.0,0.0,16800.0,4800.0,NetBanking,Delivered,Profit
ORD03785,2026-02-24,CUST0581,Furniture,Bookshelf,3.0,0.1,29700.0,6047.82,NetBanking,Delivered,Profit
ORD03786,2025-12-08,CUST0491,Electronics,Headphones,2.0,0.05,8550.0,2658.54,UPI,Shipped,Profit
ORD03787,2026-03-05,CUST0583,Electronics,Headphones,1.0,0.1,4050.0,1193.22,Card,Delivered,Profit
ORD03788,2025-07-02,CUST0114,Furniture,Desk,2.0,0.15,25500.0,4404.12,Card,Delivered,Profit
ORD03789,2026-08-23,CUST0432,Electronics,Headphones,3.0,0.2,10800.0,2667.74,Card,Delivered,Profit
ORD03790,2026-02-11,CUST0409,Furniture,Desk,5.0,0.15,63750.0,9726.99,UPI,Delivered,Profit
ORD03791,2025-07-12,CUST0060,Office Supplies,Stapler,2.0,0.1,630.0,192.26,Cash on Delivery,Delivered,Profit
ORD03792,2025-10-15,CUST0192,Office Supplies,Paper,1.0,0.1,405.0,75.81,NetBanking,Shipped,Profit
ORD03793,2026-05-16,CUST0223,Electronics,Headphones,1.0,0.2,3600.0,743.45,Cash on Delivery,Delivered,Profit
ORD03794,2026-01-11,CUST0495,Office Supplies,Desk Organizer,2.0,0.2,1440.0,274.38,UPI,Delivered,Profit
ORD03795,2026-08-03,CUST0191,Furniture,Office Chair,1.0,0.3,6300.0,444.88,Cash on Delivery,Delivered,Profit
ORD03796,2026-04-25,CUST0495,Office Supplies,Stapler,3.0,0.0,1050.0,-45.96,NetBanking,Returned,Loss
ORD03797,2025-11-08,CUST0176,Electronics,Headphones,1.0,0.05,4275.0,1327.88,NetBanking,Delivered,Profit
ORD03798,2026-01-10,CUST0014,Electronics,Laptop,2.0,0.1,99000.0,-44487.19,Card,Returned,Loss
ORD03799,2025-07-05,CUST0057,Office Supplies,Paper,1.0,0.2,360.0,52.04,Cash on Delivery,Delivered,Profit
ORD03800,2026-03-03,CUST0240,Office Supplies,Stapler,1.0,0.0,350.0,120.0,Cash on Delivery,Delivered,Profit
ORD03801,2026-08-10,CUST0197,Office Supplies,Desk Organizer,4.0,0.1,3240.0,954.34,NetBanking,Delivered,Profit
ORD03802,2025-08-09,CUST0374,Accessories,Webcam,1.0,0.2,3360.0,755.61,Cash on Delivery,Delivered,Profit
ORD03803,2026-08-19,CUST0100,Office Supplies,Paper,2.0,0.3,630.0,77.01,UPI,Delivered,Profit
ORD03804,2026-07-01,CUST0575,Electronics,Keyboard,2.0,0.05,4750.0,1388.98,NetBanking,Delivered,Profit
ORD03805,2026-02-25,CUST0374,Office Supplies,Desk Organizer,2.0,0.0,1800.0,560.0,Card,Shipped,Profit
ORD03806,2026-03-05,CUST0503,Accessories,Webcam,2.0,0.1,7560.0,1730.09,UPI,Shipped,Profit
ORD03807,2026-06-12,CUST0461,Furniture,Bookshelf,10.0,0.1,99000.0,18188.54,Card,Delivered,Profit
ORD03808,2025-12-13,CUST0098,Electronics,Laptop,2.0,0.0,110000.0,18000.0,UPI,Delivered,Profit
ORD03809,2026-02-15,CUST0211,Electronics,Monitor,5.0,0.1,81000.0,12309.71,NetBanking,Delivered,Profit
ORD03810,2025-10-30,CUST0388,Office Supplies,Paper,10.0,0.1,4050.0,777.77,NetBanking,Delivered,Profit
ORD03811,2025-07-05,CUST0586,Office Supplies,Paper,1.0,0.1,405.0,86.51,Cash on Delivery,Delivered,Profit
ORD03812,2026-08-13,CUST0374,Electronics,Headphones,3.0,0.05,12825.0,3945.43,NetBanking,Delivered,Profit
ORD03813,2026-02-24,CUST0527,Accessories,Usb Hub,4.0,0.1,6480.0,2137.47,Card,Delivered,Profit
ORD03814,2026-06-08,CUST0022,Office Supplies,Desk Organizer,3.0,0.1,2430.0,641.54,UPI,Delivered,Profit
ORD03815,2026-08-30,CUST0292,Office Supplies,Desk Organizer,6.0,0.0,5400.0,1680.0,UPI,Delivered,Profit
ORD03816,2026-08-18,CUST0441,Electronics,Keyboard,1.0,0.3,1750.0,323.26,UPI,Delivered,Profit
ORD03817,2025-07-22,CUST0268,Furniture,Cabinet,3.0,0.1,35100.0,7464.64,NetBanking,Delivered,Profit
ORD03818,2026-02-15,CUST0317,Furniture,Office Chair,3.0,0.0,27000.0,6900.0,Card,Delivered,Profit
ORD03819,2026-01-02,CUST0343,Accessories,Mouse,1.0,0.0,1400.0,500.0,Cash on Delivery,Delivered,Profit
ORD03820,2026-02-08,CUST0405,Accessories,Mouse,1.0,0.15,1190.0,375.16,NetBanking,Delivered,Profit
ORD03821,2025-08-18,CUST0578,Electronics,Headphones,1.0,0.05,4275.0,1339.21,Cash on Delivery,Delivered,Profit
ORD03822,2026-04-15,CUST0374,Electronics,Keyboard,5.0,0.1,11250.0,3421.63,UPI,Delivered,Profit
ORD03823,2026-04-16,CUST0206,Accessories,Backpack,10.0,0.0,22000.0,7500.0,Card,Delivered,Profit
ORD03824,2026-07-12,CUST0545,Electronics,Monitor,1.0,0.05,17100.0,2795.96,UPI,Delivered,Profit
ORD03825,2026-08-09,CUST0201,Electronics,Monitor,2.0,0.1,32400.0,4539.16,NetBanking,Delivered,Profit
ORD03826,2026-08-22,CUST0594,Accessories,Mouse,3.0,0.1,3780.0,1250.15,Cash on Delivery,Delivered,Profit
ORD03827,2025-12-26,CUST0383,Furniture,Cabinet,6.0,0.0,78000.0,-29414.69,Cash on Delivery,Returned,Loss
ORD03828,2026-05-23,CUST0432,Electronics,Laptop,2.0,0.0,110000.0,18000.0,Card,Delivered,Profit
ORD03829,2026-02-14,CUST0449,Electronics,Keyboard,4.0,0.1,9000.0,2488.37,UPI,Delivered,Profit
ORD03830,2026-06-09,CUST0015,Office Supplies,Paper,1.0,0.2,360.0,36.48,Card,Delivered,Profit
ORD03831,2025-12-03,CUST0223,Electronics,Laptop,3.0,0.1,148500.0,14121.78,UPI,Shipped,Profit
ORD03832,2025-08-09,CUST0160,Electronics,Laptop,2.0,0.0,110000.0,18000.0,NetBanking,Delivered,Profit
ORD03833,2026-06-15,CUST0299,Office Supplies,Paper,2.0,0.1,810.0,179.45,Card,Delivered,Profit
ORD03834,2026-05-01,CUST0385,Electronics,Headphones,3.0,0.2,10800.0,2599.32,NetBanking,Delivered,Profit
ORD03835,2026-02-12,CUST0577,Electronics,Laptop,2.0,0.1,99000.0,12528.76,UPI,Delivered,Profit
ORD03836,2026-05-06,CUST0126,Office Supplies,Desk Organizer,1.0,0.0,900.0,280.0,UPI,Delivered,Profit
ORD03837,2025-07-22,CUST0103,Electronics,Monitor,1.0,0.0,18000.0,3500.0,UPI,Delivered,Profit
ORD03838,2026-06-13,CUST0252,Accessories,Backpack,1.0,0.15,1870.0,529.38,UPI,Delivered,Profit
ORD03839,2025-11-30,CUST0133,Electronics,Keyboard,6.0,0.0,15000.0,4800.0,NetBanking,Delivered,Profit
ORD03840,2026-06-26,CUST0270,Electronics,Keyboard,4.0,0.1,9000.0,2399.85,Card,Delivered,Profit
ORD03841,2026-05-20,CUST0161,Furniture,Bookshelf,2.0,0.1,19800.0,3603.15,UPI,Delivered,Profit
ORD03842,2025-10-05,CUST0025,Office Supplies,Desk Organizer,2.0,0.15,1530.0,371.04,Card,Delivered,Profit
ORD03843,2026-05-18,CUST0461,Electronics,Laptop,4.0,0.0,220000.0,36000.0,Cash on Delivery,Shipped,Profit
ORD03844,2025-09-19,CUST0101,Furniture,Desk,5.0,0.0,75000.0,17500.0,Cash on Delivery,Delivered,Profit
ORD03845,2025-12-13,CUST0415,Office Supplies,Stapler,4.0,0.1,1260.0,366.44,NetBanking,Delivered,Profit
ORD03846,2026-07-13,CUST0440,Office Supplies,Desk Organizer,5.0,0.1,4050.0,1063.32,Cash on Delivery,Delivered,Profit
ORD03847,2026-04-02,CUST0537,Furniture,Bookshelf,3.0,0.1,29700.0,5683.47,Cash on Delivery,Delivered,Profit
ORD03848,2026-01-31,CUST0587,Accessories,Mouse,2.0,0.1,2520.0,820.28,Cash on Delivery,Delivered,Profit
ORD03849,2025-11-29,CUST0132,Furniture,Desk,1.0,0.0,15000.0,3500.0,Cash on Delivery,Delivered,Profit
ORD03850,2025-09-22,CUST0358,Electronics,Laptop,6.0,0.1,297000.0,26317.73,NetBanking,Delivered,Profit
ORD03851,2025-12-31,CUST0380,Furniture,Bookshelf,3.0,0.1,29700.0,6168.79,Card,Shipped,Profit
ORD03852,2026-01-18,CUST0157,Office Supplies,Desk Organizer,1.0,0.0,900.0,280.0,UPI,Delivered,Profit
ORD03853,2026-03-28,CUST0405,Furniture,Desk,2.0,0.05,28500.0,5964.81,Cash on Delivery,Delivered,Profit
ORD03854,2025-10-01,CUST0553,Accessories,Backpack,2.0,0.1,3960.0,1245.5,Cash on Delivery,Delivered,Profit
ORD03855,2026-04-21,CUST0169,Furniture,Cabinet,3.0,0.1,35100.0,7038.16,NetBanking,Delivered,Profit
ORD03856,2025-10-01,CUST0185,Electronics,Keyboard,2.0,0.1,4500.0,-198.85,NetBanking,Cancelled,Loss
ORD03857,2025-10-26,CUST0282,Accessories,Mouse,2.0,0.2,2240.0,740.73,UPI,Delivered,Profit
ORD03858,2026-03-30,CUST0260,Furniture,Desk,3.0,0.1,40500.0,8087.81,Cash on Delivery,Delivered,Profit
ORD03859,2026-07-14,CUST0362,Accessories,Webcam,3.0,0.15,10710.0,2028.57,NetBanking,Delivered,Profit
ORD03860,2025-12-12,CUST0472,Furniture,Bookshelf,1.0,0.2,8800.0,1148.07,NetBanking,Delivered,Profit
ORD03861,2025-10-14,CUST0035,Electronics,Monitor,2.0,0.0,36000.0,-6633.16,UPI,Cancelled,Loss
ORD03862,2026-01-03,CUST0599,Electronics,Keyboard,5.0,0.1,11250.0,2940.9,Cash on Delivery,Delivered,Profit
ORD03863,2026-03-20,CUST0457,Accessories,Webcam,3.0,0.05,11970.0,3313.27,NetBanking,Delivered,Profit
ORD03864,2025-12-23,CUST0277,Accessories,Mouse,2.0,0.2,2240.0,-185.29,Cash on Delivery,Returned,Loss
ORD03865,2025-12-16,CUST0003,Accessories,Mouse,3.0,0.0,4200.0,1500.0,Cash on Delivery,Delivered,Profit
ORD03866,2026-08-25,CUST0038,Office Supplies,Desk Organizer,3.0,0.1,2430.0,712.62,Cash on Delivery,Shipped,Profit
ORD03867,2026-04-17,CUST0261,Accessories,Usb Hub,3.0,0.1,4860.0,1598.77,Cash on Delivery,Delivered,Profit
ORD03868,2026-02-27,CUST0457,Furniture,Desk,1.0,0.15,12750.0,-3805.25,Cash on Delivery,Returned,Loss
ORD03869,2025-07-04,CUST0163,Accessories,Webcam,3.0,0.1,11340.0,2555.12,UPI,Delivered,Profit
ORD03870,2025-07-05,CUST0069,Electronics,Monitor,1.0,0.05,17100.0,2768.05,Card,Shipped,Profit
ORD03871,2025-07-22,CUST0235,Furniture,Office Chair,3.0,0.2,21600.0,-5372.32,NetBanking,Returned,Loss
ORD03872,2025-08-18,CUST0393,Furniture,Bookshelf,2.0,0.0,22000.0,5200.0,Cash on Delivery,Shipped,Profit
ORD03873,2026-01-04,CUST0291,Office Supplies,Paper,1.0,0.05,427.5,98.85,Card,Delivered,Profit
ORD03874,2025-09-21,CUST0597,Office Supplies,Desk Organizer,3.0,0.0,2700.0,840.0,NetBanking,Delivered,Profit
ORD03875,2025-08-28,CUST0143,Office Supplies,Desk Organizer,2.0,0.15,1530.0,342.08,UPI,Delivered,Profit
ORD03876,2026-04-05,CUST0099,Furniture,Desk,3.0,0.05,42750.0,-10317.87,Card,Cancelled,Loss
ORD03877,2026-03-24,CUST0598,Office Supplies,Paper,2.0,0.2,720.0,100.25,Card,Delivered,Profit
ORD03878,2026-05-03,CUST0320,Office Supplies,Stapler,1.0,0.0,350.0,120.0,Cash on Delivery,Shipped,Profit
ORD03879,2026-01-18,CUST0176,Furniture,Cabinet,3.0,0.0,39000.0,9600.0,NetBanking,Delivered,Profit
ORD03880,2026-07-12,CUST0582,Furniture,Cabinet,2.0,0.15,22100.0,3476.83,Cash on Delivery,Delivered,Profit
ORD03881,2025-12-10,CUST0191,Office Supplies,Desk Organizer,5.0,0.0,4500.0,1400.0,Card,Delivered,Profit
ORD03882,2026-02-27,CUST0565,Electronics,Laptop,6.0,0.1,297000.0,36237.9,UPI,Shipped,Profit
ORD03883,2025-12-11,CUST0124,Office Supplies,Paper,6.0,0.15,2295.0,349.83,Cash on Delivery,Delivered,Profit
ORD03884,2025-12-26,CUST0343,Accessories,Webcam,1.0,0.1,3780.0,-612.33,Card,Cancelled,Loss
ORD03885,2026-07-15,CUST0097,Electronics,Headphones,1.0,0.0,4500.0,1500.0,Card,Delivered,Profit
ORD03886,2026-03-13,CUST0175,Office Supplies,Desk Organizer,3.0,0.15,2295.0,553.61,UPI,Delivered,Profit
ORD03887,2025-07-20,CUST0359,Office Supplies,Paper,3.0,0.15,1147.5,170.05,Cash on Delivery,Delivered,Profit
ORD03888,2026-08-06,CUST0349,Electronics,Laptop,2.0,0.0,110000.0,18000.0,NetBanking,Delivered,Profit
ORD03889,2025-10-09,CUST0293,Office Supplies,Desk Organizer,10.0,0.0,9000.0,2800.0,Card,Delivered,Profit
ORD03890,2025-07-11,CUST0295,Electronics,Headphones,2.0,0.2,7200.0,1727.95,Cash on Delivery,Delivered,Profit
ORD03891,2025-09-09,CUST0027,Furniture,Desk,4.0,0.05,57000.0,12041.56,Card,Delivered,Profit
ORD03892,2025-08-28,CUST0470,Furniture,Office Chair,3.0,0.15,22950.0,4044.26,UPI,Delivered,Profit
ORD03893,2025-11-28,CUST0208,Furniture,Bookshelf,1.0,0.05,10450.0,2294.16,UPI,Delivered,Profit
ORD03894,2026-06-17,CUST0281,Electronics,Monitor,4.0,0.15,61200.0,-25934.91,UPI,Returned,Loss
ORD03895,2025-08-12,CUST0115,Office Supplies,Paper,5.0,0.0,2250.0,550.0,NetBanking,Delivered,Profit
ORD03896,2025-10-13,CUST0454,Furniture,Office Chair,3.0,0.0,27000.0,6900.0,Card,Delivered,Profit
ORD03897,2026-04-24,CUST0383,Office Supplies,Printer,1.0,0.05,13300.0,2414.11,NetBanking,Delivered,Profit
ORD03898,2026-02-09,CUST0478,Furniture,Cabinet,2.0,0.1,23400.0,4892.81,UPI,Delivered,Profit
ORD03899,2025-09-25,CUST0369,Office Supplies,Paper,3.0,0.15,1147.5,176.49,NetBanking,Delivered,Profit
ORD03900,2025-07-10,CUST0096,Furniture,Bookshelf,6.0,0.3,46200.0,-14409.57,Card,Cancelled,Loss
ORD03901,2026-04-17,CUST0304,Accessories,Mouse,5.0,0.05,6650.0,2301.48,NetBanking,Delivered,Profit
ORD03902,2026-07-18,CUST0145,Furniture,Bookshelf,2.0,0.0,22000.0,5200.0,UPI,Delivered,Profit
ORD03903,2025-10-14,CUST0291,Furniture,Bookshelf,6.0,0.15,56100.0,7272.7,UPI,Delivered,Profit
ORD03904,2025-12-21,CUST0337,Electronics,Laptop,2.0,0.05,104500.0,13483.93,NetBanking,Delivered,Profit
ORD03905,2025-09-25,CUST0260,Accessories,Usb Hub,4.0,0.0,7200.0,2600.0,Card,Delivered,Profit
ORD03906,2025-07-22,CUST0526,Electronics,Monitor,1.0,0.1,16200.0,2052.05,UPI,Delivered,Profit
ORD03907,2025-10-24,CUST0447,Office Supplies,Paper,15.0,0.2,5400.0,946.19,Card,Delivered,Profit
ORD03908,2026-08-21,CUST0537,Furniture,Cabinet,3.0,0.0,39000.0,9600.0,Card,Delivered,Profit
ORD03909,2025-11-13,CUST0167,Electronics,Keyboard,4.0,0.1,9000.0,2577.25,UPI,Delivered,Profit
ORD03910,2025-11-08,CUST0173,Furniture,Office Chair,4.0,0.1,32400.0,7494.03,NetBanking,Delivered,Profit
ORD03911,2025-10-04,CUST0567,Electronics,Laptop,4.0,0.0,220000.0,36000.0,Card,Delivered,Profit
ORD03912,2026-01-30,CUST0408,Electronics,Monitor,2.0,0.1,32400.0,3998.05,Card,Delivered,Profit
ORD03913,2026-05-30,CUST0583,Furniture,Office Chair,3.0,0.15,22950.0,3661.39,Cash on Delivery,Shipped,Profit
ORD03914,2025-10-22,CUST0531,Furniture,Bookshelf,3.0,0.1,29700.0,5982.82,Cash on Delivery,Delivered,Profit
ORD03915,2025-07-09,CUST0370,Electronics,Monitor,3.0,0.0,54000.0,10500.0,NetBanking,Delivered,Profit
ORD03916,2025-12-27,CUST0482,Furniture,Office Chair,1.0,0.05,8550.0,2092.03,NetBanking,Delivered,Profit
ORD03917,2025-10-28,CUST0516,Electronics,Laptop,3.0,0.0,165000.0,27000.0,UPI,Delivered,Profit
ORD03918,2026-06-15,CUST0083,Accessories,Mouse,3.0,0.15,3570.0,1124.54,Cash on Delivery,Delivered,Profit
ORD03919,2025-11-28,CUST0440,Office Supplies,Printer,1.0,0.15,11900.0,1191.16,Card,Delivered,Profit
ORD03920,2026-04-30,CUST0183,Accessories,Webcam,3.0,0.15,10710.0,2420.78,Cash on Delivery,Delivered,Profit
ORD03921,2025-07-26,CUST0195,Office Supplies,Printer,3.0,0.05,39900.0,6987.81,Cash on Delivery,Delivered,Profit
ORD03922,2025-10-04,CUST0419,Electronics,Laptop,1.0,0.1,49500.0,4827.7,UPI,Delivered,Profit
ORD03923,2026-06-15,CUST0157,Electronics,Headphones,4.0,0.15,15300.0,4490.99,UPI,Delivered,Profit
ORD03924,2025-11-26,CUST0554,Accessories,Webcam,5.0,0.1,18900.0,4451.88,UPI,Delivered,Profit
ORD03925,2025-08-05,CUST0205,Electronics,Headphones,2.0,0.1,8100.0,-1310.67,UPI,Cancelled,Loss
ORD03926,2026-02-12,CUST0008,Accessories,Backpack,2.0,0.1,3960.0,-710.37,NetBanking,Returned,Loss
ORD03927,2026-06-28,CUST0586,Electronics,Laptop,4.0,0.2,176000.0,14513.21,NetBanking,Delivered,Profit
ORD03928,2026-07-09,CUST0141,Office Supplies,Desk Organizer,2.0,0.15,1530.0,332.07,Card,Delivered,Profit
ORD03929,2026-06-16,CUST0271,Accessories,Backpack,4.0,0.0,8800.0,-1750.57,Cash on Delivery,Returned,Loss
ORD03930,2026-03-24,CUST0431,Furniture,Cabinet,3.0,0.2,31200.0,5549.76,UPI,Delivered,Profit
ORD03931,2026-04-15,CUST0037,Electronics,Headphones,3.0,0.0,13500.0,4500.0,UPI,Delivered,Profit
ORD03932,2025-08-25,CUST0112,Office Supplies,Printer,2.0,0.05,26600.0,4666.14,Card,Delivered,Profit
ORD03933,2026-02-22,CUST0306,Office Supplies,Desk Organizer,1.0,0.0,900.0,280.0,UPI,Delivered,Profit
ORD03934,2025-10-13,CUST0075,Electronics,Headphones,1.0,0.0,4500.0,1500.0,NetBanking,Delivered,Profit
ORD03935,2026-04-20,CUST0263,Furniture,Cabinet,1.0,0.1,11700.0,-6700.54,Cash on Delivery,Cancelled,Loss
ORD03936,2025-07-18,CUST0560,Electronics,Headphones,10.0,0.0,45000.0,15000.0,Cash on Delivery,Delivered,Profit
ORD03937,2026-02-05,CUST0340,Office Supplies,Desk Organizer,3.0,0.1,2430.0,641.41,Card,Delivered,Profit
ORD03938,2025-07-08,CUST0588,Office Supplies,Stapler,1.0,0.05,332.5,110.13,Card,Delivered,Profit
ORD03939,2026-07-11,CUST0501,Office Supplies,Printer,1.0,0.15,11900.0,-5103.25,Cash on Delivery,Cancelled,Loss
ORD03940,2025-10-06,CUST0470,Accessories,Backpack,5.0,0.05,10450.0,3316.99,Card,Delivered,Profit
ORD03941,2026-08-28,CUST0441,Furniture,Desk,1.0,0.1,13500.0,-4516.89,Cash on Delivery,Cancelled,Loss
ORD03942,2025-08-06,CUST0081,Electronics,Monitor,2.0,0.1,32400.0,4068.29,NetBanking,Delivered,Profit
ORD03943,2025-07-01,CUST0068,Electronics,Laptop,2.0,0.1,99000.0,13012.19,NetBanking,Delivered,Profit
ORD03944,2026-01-03,CUST0428,Electronics,Laptop,1.0,0.1,49500.0,6369.09,Card,Delivered,Profit
ORD03945,2026-03-31,CUST0442,Accessories,Webcam,3.0,0.1,11340.0,2930.85,Card,Delivered,Profit
ORD03946,2025-07-22,CUST0420,Electronics,Monitor,3.0,0.15,45900.0,6538.12,UPI,Shipped,Profit
ORD03947,2026-01-19,CUST0554,Accessories,Mouse,2.0,0.1,2520.0,767.21,NetBanking,Delivered,Profit
ORD03948,2026-02-13,CUST0036,Accessories,Mouse,3.0,0.05,3990.0,1377.24,UPI,Delivered,Profit
ORD03949,2025-12-25,CUST0543,Furniture,Cabinet,1.0,0.15,11050.0,1916.76,Card,Delivered,Profit
ORD03950,2025-12-09,CUST0396,Office Supplies,Desk Organizer,1.0,0.0,900.0,280.0,NetBanking,Delivered,Profit
ORD03951,2026-06-30,CUST0140,Electronics,Keyboard,2.0,0.15,4250.0,-729.78,UPI,Returned,Loss
ORD03952,2026-04-30,CUST0541,Electronics,Headphones,2.0,0.2,7200.0,1519.02,UPI,Delivered,Profit
ORD03953,2025-08-14,CUST0015,Accessories,Backpack,1.0,0.0,2200.0,750.0,UPI,Delivered,Profit
ORD03954,2026-01-20,CUST0205,Office Supplies,Desk Organizer,1.0,0.1,810.0,234.14,Cash on Delivery,Shipped,Profit
ORD03955,2025-12-25,CUST0420,Furniture,Desk,4.0,0.05,57000.0,11525.54,NetBanking,Delivered,Profit
ORD03956,2026-07-13,CUST0384,Office Supplies,Printer,1.0,0.1,12600.0,1970.69,NetBanking,Shipped,Profit
ORD03957,2025-07-10,CUST0039,Accessories,Backpack,2.0,0.2,3520.0,785.9,UPI,Delivered,Profit
ORD03958,2026-08-18,CUST0447,Furniture,Bookshelf,2.0,0.3,15400.0,2167.52,NetBanking,Delivered,Profit
ORD03959,2025-07-25,CUST0197,Electronics,Laptop,1.0,0.15,46750.0,5085.95,UPI,Delivered,Profit
ORD03960,2026-07-17,CUST0425,Accessories,Webcam,4.0,0.0,16800.0,4800.0,Card,Delivered,Profit
ORD03961,2025-12-04,CUST0378,Furniture,Cabinet,3.0,0.1,35100.0,6379.65,UPI,Delivered,Profit
ORD03962,2026-03-17,CUST0321,Accessories,Usb Hub,2.0,0.3,2520.0,641.72,NetBanking,Delivered,Profit
ORD03963,2025-12-21,CUST0378,Furniture,Cabinet,2.0,0.0,26000.0,6400.0,Cash on Delivery,Delivered,Profit
ORD03964,2026-06-01,CUST0303,Accessories,Webcam,6.0,0.2,20160.0,3769.09,UPI,Delivered,Profit
ORD03965,2026-07-19,CUST0522,Electronics,Laptop,1.0,0.0,55000.0,-33842.11,Cash on Delivery,Returned,Loss
ORD03966,2025-07-07,CUST0219,Furniture,Office Chair,4.0,0.1,32400.0,7247.45,NetBanking,Delivered,Profit
ORD03967,2026-07-10,CUST0411,Furniture,Desk,2.0,0.0,30000.0,7000.0,Cash on Delivery,Delivered,Profit
ORD03968,2026-03-18,CUST0597,Office Supplies,Desk Organizer,2.0,0.0,1800.0,560.0,UPI,Delivered,Profit
ORD03969,2025-10-29,CUST0143,Furniture,Desk,5.0,0.15,63750.0,9576.68,Card,Delivered,Profit
ORD03970,2026-01-19,CUST0390,Electronics,Headphones,5.0,0.0,22500.0,7500.0,Cash on Delivery,Shipped,Profit
ORD03971,2026-04-27,CUST0577,Furniture,Office Chair,2.0,0.15,15300.0,2999.64,Cash on Delivery,Delivered,Profit
ORD03972,2025-12-03,CUST0258,Furniture,Desk,3.0,0.0,45000.0,-9458.8,Card,Cancelled,Loss
ORD03973,2025-07-20,CUST0092,Office Supplies,Paper,2.0,0.2,720.0,82.25,NetBanking,Delivered,Profit
ORD03974,2025-07-27,CUST0401,Furniture,Bookshelf,3.0,0.1,29700.0,5027.32,Card,Delivered,Profit
ORD03975,2026-05-11,CUST0171,Furniture,Cabinet,2.0,0.1,23400.0,4779.13,NetBanking,Shipped,Profit
ORD03976,2026-03-21,CUST0343,Office Supplies,Paper,1.0,0.1,405.0,79.06,Cash on Delivery,Delivered,Profit
ORD03977,2025-09-20,CUST0579,Office Supplies,Desk Organizer,1.0,0.05,855.0,255.43,Cash on Delivery,Delivered,Profit
ORD03978,2026-06-27,CUST0274,Accessories,Usb Hub,3.0,0.15,4590.0,-695.45,Card,Returned,Loss
ORD03979,2026-06-24,CUST0126,Accessories,Usb Hub,1.0,0.1,1620.0,551.52,Card,Delivered,Profit
ORD03980,2025-12-03,CUST0365,Furniture,Cabinet,2.0,0.1,23400.0,4214.42,Cash on Delivery,Delivered,Profit
ORD03981,2025-08-13,CUST0038,Office Supplies,Stapler,3.0,0.1,945.0,295.91,NetBanking,Delivered,Profit
ORD03982,2026-02-28,CUST0536,Accessories,Webcam,3.0,0.05,11970.0,-1472.4,Card,Cancelled,Loss
ORD03983,2026-06-11,CUST0142,Office Supplies,Desk Organizer,1.0,0.15,765.0,-45.79,UPI,Returned,Loss
ORD03984,2025-07-28,CUST0291,Office Supplies,Paper,1.0,0.15,382.5,78.49,NetBanking,Delivered,Profit
ORD03985,2026-07-02,CUST0255,Accessories,Webcam,3.0,0.15,10710.0,2275.63,Card,Delivered,Profit
ORD03986,2026-07-31,CUST0319,Accessories,Backpack,3.0,0.0,6600.0,2250.0,Cash on Delivery,Delivered,Profit
ORD03987,2026-06-20,CUST0157,Office Supplies,Paper,2.0,0.1,810.0,167.72,Cash on Delivery,Delivered,Profit
ORD03988,2026-04-06,CUST0427,Office Supplies,Paper,2.0,0.0,900.0,220.0,Card,Shipped,Profit
ORD03989,2025-08-29,CUST0016,Office Supplies,Desk Organizer,4.0,0.0,3600.0,1120.0,Cash on Delivery,Delivered,Profit
ORD03990,2025-11-07,CUST0206,Office Supplies,Printer,1.0,0.05,13300.0,2466.59,Cash on Delivery,Delivered,Profit
ORD03991,2026-02-17,CUST0306,Office Supplies,Stapler,6.0,0.05,1995.0,631.57,Card,Delivered,Profit
ORD03992,2025-11-12,CUST0160,Electronics,Headphones,1.0,0.15,3825.0,1081.88,NetBanking,Delivered,Profit
ORD03993,2026-07-16,CUST0338,Office Supplies,Printer,1.0,0.05,13300.0,2447.3,UPI,Delivered,Profit
ORD03994,2026-01-22,CUST0347,Office Supplies,Printer,1.0,0.0,14000.0,-7681.9,UPI,Cancelled,Loss
ORD03995,2026-06-20,CUST0447,Office Supplies,Paper,5.0,0.0,2250.0,-320.58,Cash on Delivery,Cancelled,Loss
ORD03996,2026-01-23,CUST0252,Office Supplies,Desk Organizer,3.0,0.15,2295.0,-334.58,Cash on Delivery,Cancelled,Loss
ORD03997,2026-02-03,CUST0513,Office Supplies,Desk Organizer,3.0,0.05,2565.0,756.72,NetBanking,Delivered,Profit
ORD03998,2026-08-02,CUST0210,Office Supplies,Desk Organizer,1.0,0.05,855.0,243.74,Cash on Delivery,Delivered,Profit
ORD03999,2026-02-13,CUST0351,Office Supplies,Desk Organizer,4.0,0.15,3060.0,867.84,UPI,Delivered,Profit
ORD04000,2025-08-21,CUST0114,Furniture,Desk,3.0,0.05,42750.0,9409.07,UPI,Delivered,Profit
ORD04001,2026-03-26,CUST0527,Office Supplies,Paper,2.0,0.15,765.0,110.0,Card,Delivered,Profit
ORD04002,2025-09-21,CUST0360,Accessories,Backpack,1.0,0.1,1980.0,574.18,UPI,Delivered,Profit
ORD04003,2026-08-31,CUST0075,Furniture,Office Chair,6.0,0.0,54000.0,13800.0,NetBanking,Delivered,Profit
ORD04004,2025-11-28,CUST0494,Office Supplies,Printer,1.0,0.1,12600.0,1768.37,Cash on Delivery,Delivered,Profit
ORD04005,2025-07-08,CUST0557,Furniture,Desk,4.0,0.0,60000.0,14000.0,Cash on Delivery,Delivered,Profit
ORD04006,2026-01-05,CUST0281,Electronics,Keyboard,2.0,0.0,5000.0,1600.0,Cash on Delivery,Delivered,Profit
ORD04007,2026-07-14,CUST0435,Electronics,Keyboard,2.0,0.15,4250.0,1038.21,UPI,Delivered,Profit
ORD04008,2025-11-25,CUST0208,Accessories,Webcam,3.0,0.1,11340.0,2796.33,Card,Delivered,Profit
ORD04009,2026-02-03,CUST0039,Electronics,Headphones,2.0,0.3,6300.0,1619.29,Cash on Delivery,Delivered,Profit
ORD04010,2026-04-03,CUST0088,Office Supplies,Paper,4.0,0.3,1260.0,54.97,Cash on Delivery,Delivered,Profit
ORD04011,2025-08-25,CUST0143,Office Supplies,Printer,1.0,0.0,14000.0,2800.0,UPI,Delivered,Profit
ORD04012,2026-07-19,CUST0213,Electronics,Laptop,3.0,0.1,148500.0,13940.5,NetBanking,Delivered,Profit
ORD04013,2025-09-27,CUST0374,Office Supplies,Desk Organizer,3.0,0.15,2295.0,520.94,NetBanking,Delivered,Profit
ORD04014,2026-01-03,CUST0016,Furniture,Desk,3.0,0.05,42750.0,9046.12,Cash on Delivery,Delivered,Profit
ORD04015,2026-06-05,CUST0567,Electronics,Headphones,4.0,0.0,18000.0,6000.0,NetBanking,Delivered,Profit
ORD04016,2025-07-26,CUST0040,Office Supplies,Paper,3.0,0.1,1215.0,218.28,Cash on Delivery,Delivered,Profit
ORD04017,2026-08-07,CUST0320,Furniture,Cabinet,2.0,0.0,26000.0,6400.0,Cash on Delivery,Shipped,Profit
ORD04018,2026-04-14,CUST0231,Accessories,Mouse,2.0,0.05,2660.0,890.92,Cash on Delivery,Shipped,Profit
ORD04019,2026-08-05,CUST0531,Electronics,Monitor,1.0,0.2,14400.0,822.98,Card,Delivered,Profit
ORD04020,2026-08-14,CUST0531,Office Supplies,Printer,3.0,0.2,33600.0,4170.02,NetBanking,Delivered,Profit
ORD04021,2026-06-28,CUST0416,Accessories,Usb Hub,4.0,0.05,6840.0,2375.64,UPI,Delivered,Profit
ORD04022,2026-05-09,CUST0389,Office Supplies,Stapler,2.0,0.1,630.0,191.35,UPI,Delivered,Profit
ORD04023,2026-08-21,CUST0152,Furniture,Cabinet,5.0,0.2,52000.0,-31265.41,Cash on Delivery,Returned,Loss
ORD04024,2025-12-24,CUST0002,Office Supplies,Paper,1.0,0.0,450.0,-19.74,Card,Returned,Loss
ORD04025,2025-09-28,CUST0160,Electronics,Keyboard,3.0,0.15,6375.0,1774.11,Card,Delivered,Profit
ORD04026,2026-07-18,CUST0251,Furniture,Desk,4.0,0.1,54000.0,9595.35,Card,Shipped,Profit
ORD04027,2026-06-10,CUST0039,Office Supplies,Printer,1.0,0.0,14000.0,2800.0,Cash on Delivery,Delivered,Profit
ORD04028,2026-04-04,CUST0392,Furniture,Office Chair,3.0,0.1,24300.0,-13730.09,Card,Returned,Loss
ORD04029,2026-07-22,CUST0359,Electronics,Headphones,1.0,0.05,4275.0,1321.85,Cash on Delivery,Delivered,Profit
ORD04030,2025-08-08,CUST0158,Accessories,Backpack,4.0,0.0,8800.0,3000.0,NetBanking,Delivered,Profit
ORD04031,2025-11-13,CUST0072,Electronics,Laptop,1.0,0.05,52250.0,7079.5,NetBanking,Delivered,Profit
ORD04032,2026-02-13,CUST0132,Office Supplies,Desk Organizer,1.0,0.1,810.0,233.93,UPI,Delivered,Profit
ORD04033,2026-04-23,CUST0418,Furniture,Bookshelf,2.0,0.05,20900.0,4366.17,UPI,Delivered,Profit
ORD04034,2025-11-30,CUST0332,Furniture,Bookshelf,2.0,0.15,18700.0,3642.06,NetBanking,Delivered,Profit
ORD04035,2025-07-24,CUST0143,Office Supplies,Desk Organizer,1.0,0.05,855.0,-414.88,Cash on Delivery,Cancelled,Loss
ORD04036,2025-09-13,CUST0376,Office Supplies,Printer,1.0,0.2,11200.0,-6888.27,NetBanking,Returned,Loss
ORD04037,2026-03-29,CUST0324,Office Supplies,Printer,3.0,0.05,39900.0,7373.6,Cash on Delivery,Delivered,Profit
ORD04038,2025-08-03,CUST0441,Electronics,Headphones,3.0,0.2,10800.0,2267.51,Card,Delivered,Profit
ORD04039,2026-02-15,CUST0259,Furniture,Cabinet,6.0,0.2,62400.0,11495.28,Card,Delivered,Profit
ORD04040,2025-12-05,CUST0398,Accessories,Mouse,4.0,0.2,4480.0,1101.69,UPI,Delivered,Profit
ORD04041,2026-05-25,CUST0093,Furniture,Office Chair,2.0,0.15,15300.0,-9223.28,UPI,Returned,Loss
ORD04042,2025-11-11,CUST0346,Electronics,Keyboard,1.0,0.1,2250.0,-202.33,Card,Cancelled,Loss
ORD04043,2026-07-20,CUST0279,Furniture,Bookshelf,3.0,0.1,29700.0,6290.73,Cash on Delivery,Delivered,Profit
ORD04044,2026-02-22,CUST0536,Office Supplies,Paper,3.0,0.15,1147.5,158.28,NetBanking,Delivered,Profit
ORD04045,2025-10-08,CUST0258,Accessories,Usb Hub,2.0,0.2,2880.0,744.7,UPI,Delivered,Profit
ORD04046,2026-06-19,CUST0012,Office Supplies,Paper,1.0,0.3,315.0,7.24,NetBanking,Delivered,Profit
ORD04047,2025-10-03,CUST0064,Accessories,Webcam,5.0,0.05,19950.0,5189.85,UPI,Delivered,Profit
ORD04048,2025-10-03,CUST0353,Office Supplies,Desk Organizer,6.0,0.0,5400.0,1680.0,Card,Delivered,Profit
ORD04049,2025-09-12,CUST0235,Electronics,Laptop,5.0,0.2,220000.0,12133.16,Cash on Delivery,Delivered,Profit
ORD04050,2025-09-05,CUST0523,Electronics,Monitor,2.0,0.3,25200.0,-2090.5,Card,Delivered,Loss
ORD04051,2026-04-19,CUST0448,Electronics,Keyboard,6.0,0.0,15000.0,4800.0,Card,Shipped,Profit
ORD04052,2025-12-03,CUST0587,Electronics,Monitor,5.0,0.05,85500.0,15244.07,Card,Delivered,Profit
ORD04053,2026-05-15,CUST0385,Furniture,Desk,6.0,0.05,85500.0,17845.15,NetBanking,Shipped,Profit
ORD04054,2026-06-22,CUST0185,Accessories,Mouse,1.0,0.1,1260.0,416.33,NetBanking,Delivered,Profit
ORD04055,2025-12-09,CUST0531,Furniture,Cabinet,3.0,0.05,37050.0,8059.08,Card,Delivered,Profit
ORD04056,2025-11-18,CUST0021,Accessories,Mouse,4.0,0.05,5320.0,1826.37,Cash on Delivery,Delivered,Profit
ORD04057,2025-08-27,CUST0298,Office Supplies,Printer,6.0,0.2,67200.0,7216.27,Card,Delivered,Profit
ORD04058,2025-10-20,CUST0574,Furniture,Cabinet,2.0,0.0,26000.0,6400.0,Card,Delivered,Profit
ORD04059,2025-09-24,CUST0516,Accessories,Backpack,6.0,0.1,11880.0,3704.71,Cash on Delivery,Delivered,Profit
ORD04060,2025-10-04,CUST0031,Office Supplies,Paper,3.0,0.1,1215.0,233.52,Card,Delivered,Profit
ORD04061,2025-11-11,CUST0535,Accessories,Webcam,6.0,0.05,23940.0,6566.72,NetBanking,Delivered,Profit
ORD04062,2025-07-11,CUST0564,Office Supplies,Printer,1.0,0.0,14000.0,-4105.65,NetBanking,Cancelled,Loss
ORD04063,2025-10-27,CUST0168,Furniture,Cabinet,1.0,0.15,11050.0,1882.92,Cash on Delivery,Delivered,Profit
ORD04064,2025-11-24,CUST0378,Furniture,Desk,1.0,0.2,12000.0,1108.34,Cash on Delivery,Shipped,Profit
ORD04065,2025-12-30,CUST0292,Electronics,Laptop,1.0,0.0,55000.0,9000.0,UPI,Delivered,Profit
ORD04066,2025-11-15,CUST0138,Electronics,Laptop,3.0,0.05,156750.0,22802.44,UPI,Delivered,Profit
ORD04067,2026-07-09,CUST0066,Electronics,Laptop,2.0,0.1,99000.0,11230.75,Cash on Delivery,Delivered,Profit
ORD04068,2026-05-26,CUST0508,Accessories,Mouse,4.0,0.05,5320.0,1824.86,Card,Delivered,Profit
ORD04069,2025-07-06,CUST0523,Furniture,Cabinet,1.0,0.0,13000.0,3200.0,NetBanking,Delivered,Profit
ORD04070,2025-12-18,CUST0128,Accessories,Webcam,1.0,0.15,3570.0,794.61,Cash on Delivery,Delivered,Profit
ORD04071,2026-04-11,CUST0260,Furniture,Cabinet,4.0,0.05,49400.0,11174.26,UPI,Delivered,Profit
ORD04072,2025-12-25,CUST0592,Office Supplies,Stapler,1.0,0.1,315.0,100.58,UPI,Delivered,Profit
ORD04073,2025-07-27,CUST0464,Furniture,Desk,2.0,0.1,27000.0,4943.94,Cash on Delivery,Delivered,Profit
ORD04074,2026-02-03,CUST0261,Furniture,Bookshelf,1.0,0.05,10450.0,-1193.0,Cash on Delivery,Returned,Loss
ORD04075,2026-06-16,CUST0149,Office Supplies,Desk Organizer,5.0,0.3,3150.0,777.61,Cash on Delivery,Delivered,Profit
ORD04076,2026-08-12,CUST0228,Office Supplies,Paper,4.0,0.0,1800.0,440.0,NetBanking,Delivered,Profit
ORD04077,2025-07-24,CUST0540,Accessories,Usb Hub,1.0,0.0,1800.0,650.0,UPI,Shipped,Profit
ORD04078,2025-12-16,CUST0174,Accessories,Usb Hub,2.0,0.0,3600.0,-971.66,Cash on Delivery,Returned,Loss
ORD04079,2025-07-27,CUST0053,Electronics,Monitor,1.0,0.0,18000.0,-5364.13,UPI,Returned,Loss
ORD04080,2025-11-25,CUST0168,Electronics,Monitor,3.0,0.0,54000.0,10500.0,Cash on Delivery,Delivered,Profit
ORD04081,2026-04-30,CUST0082,Office Supplies,Stapler,2.0,0.1,630.0,187.57,Card,Delivered,Profit
ORD04082,2025-11-06,CUST0176,Electronics,Headphones,1.0,0.1,4050.0,1285.27,Cash on Delivery,Delivered,Profit
ORD04083,2026-03-13,CUST0022,Accessories,Webcam,2.0,0.3,5880.0,657.98,Cash on Delivery,Delivered,Profit
ORD04084,2025-11-14,CUST0523,Electronics,Keyboard,1.0,0.15,2125.0,579.8,Cash on Delivery,Delivered,Profit
ORD04085,2025-08-06,CUST0073,Electronics,Headphones,2.0,0.0,9000.0,3000.0,UPI,Delivered,Profit
ORD04086,2026-08-01,CUST0223,Furniture,Desk,2.0,0.3,21000.0,1891.04,NetBanking,Delivered,Profit
ORD04087,2025-10-24,CUST0169,Office Supplies,Paper,2.0,0.1,810.0,176.18,NetBanking,Delivered,Profit
ORD04088,2026-01-10,CUST0173,Electronics,Laptop,3.0,0.1,148500.0,14711.17,UPI,Shipped,Profit
ORD04089,2026-06-09,CUST0359,Furniture,Bookshelf,2.0,0.0,22000.0,5200.0,NetBanking,Delivered,Profit
ORD04090,2026-08-05,CUST0550,Office Supplies,Printer,2.0,0.05,26600.0,4802.08,UPI,Shipped,Profit
ORD04091,2026-05-04,CUST0489,Furniture,Bookshelf,4.0,0.0,44000.0,10400.0,Cash on Delivery,Shipped,Profit
ORD04092,2026-03-03,CUST0250,Electronics,Keyboard,3.0,0.1,6750.0,-1381.7,Cash on Delivery,Cancelled,Loss
ORD04093,2026-08-23,CUST0561,Office Supplies,Desk Organizer,5.0,0.05,4275.0,1211.05,UPI,Delivered,Profit
ORD04094,2026-03-17,CUST0039,Office Supplies,Stapler,6.0,0.1,1890.0,560.68,UPI,Delivered,Profit
ORD04095,2026-07-07,CUST0067,Furniture,Cabinet,3.0,0.05,37050.0,8429.12,UPI,Delivered,Profit
ORD04096,2026-05-10,CUST0182,Accessories,Mouse,3.0,0.0,4200.0,1500.0,Cash on Delivery,Delivered,Profit
ORD04097,2026-02-15,CUST0045,Electronics,Monitor,4.0,0.0,72000.0,14000.0,Card,Delivered,Profit
ORD04098,2026-07-25,CUST0031,Furniture,Cabinet,1.0,0.1,11700.0,2168.13,Cash on Delivery,Delivered,Profit
ORD04099,2025-09-18,CUST0345,Accessories,Mouse,1.0,0.0,1400.0,-590.2,Card,Returned,Loss
ORD04100,2025-07-08,CUST0187,Electronics,Headphones,2.0,0.05,8550.0,23.44,NetBanking,Returned,Profit
ORD04101,2026-08-02,CUST0254,Office Supplies,Stapler,2.0,0.2,560.0,-75000.0,UPI,Delivered,Loss
ORD04102,2026-01-16,CUST0057,Furniture,Bookshelf,6.0,0.1,59400.0,10464.99,Card,Delivered,Profit
ORD04103,2025-09-17,CUST0469,Office Supplies,Desk Organizer,3.0,0.15,2295.0,520.41,UPI,Delivered,Profit
ORD04104,2026-08-23,CUST0522,Electronics,Headphones,2.0,0.15,7650.0,2076.0,Cash on Delivery,Delivered,Profit
ORD04105,2025-11-20,CUST0415,Accessories,Mouse,5.0,0.1,6300.0,2041.69,UPI,Delivered,Profit
ORD04106,2026-07-05,CUST0039,Electronics,Laptop,1.0,0.2,44000.0,1967.64,NetBanking,Delivered,Profit
ORD04107,2025-12-05,CUST0251,Accessories,Mouse,2.0,0.1,2520.0,815.3,Card,Delivered,Profit
ORD04108,2026-06-30,CUST0269,Furniture,Cabinet,1.0,0.15,11050.0,2230.57,NetBanking,Delivered,Profit
ORD04109,2025-10-06,CUST0150,Office Supplies,Paper,10.0,0.05,4275.0,992.6,NetBanking,Delivered,Profit
ORD04110,2025-07-20,CUST0375,Electronics,Keyboard,1.0,0.05,2375.0,724.59,Cash on Delivery,Delivered,Profit
ORD04111,2025-07-29,CUST0313,Accessories,Mouse,3.0,0.15,3570.0,1203.66,Card,Delivered,Profit
ORD04112,2026-03-28,CUST0114,Office Supplies,Stapler,5.0,0.05,1662.5,532.54,NetBanking,Shipped,Profit
ORD04113,2026-05-11,CUST0029,Electronics,Laptop,2.0,0.05,104500.0,14093.66,NetBanking,Delivered,Profit
ORD04114,2025-10-16,CUST0538,Electronics,Laptop,1.0,0.1,49500.0,6431.53,Card,Delivered,Profit
ORD04115,2026-01-06,CUST0334,Office Supplies,Stapler,4.0,0.0,1400.0,480.0,NetBanking,Shipped,Profit
ORD04116,2026-06-14,CUST0100,Furniture,Desk,3.0,0.1,40500.0,7033.72,NetBanking,Delivered,Profit
ORD04117,2026-08-02,CUST0357,Electronics,Monitor,1.0,0.15,15300.0,2247.64,NetBanking,Delivered,Profit
ORD04118,2025-12-13,CUST0105,Electronics,Laptop,1.0,0.05,52250.0,7337.45,NetBanking,Shipped,Profit
ORD04119,2026-03-18,CUST0166,Electronics,Laptop,3.0,0.1,148500.0,-70315.86,NetBanking,Cancelled,Loss
ORD04120,2026-05-29,CUST0257,Office Supplies,Paper,2.0,0.05,855.0,183.55,UPI,Delivered,Profit
ORD04121,2025-07-22,CUST0396,Office Supplies,Desk Organizer,2.0,0.1,1620.0,455.18,Cash on Delivery,Delivered,Profit
ORD04122,2025-11-26,CUST0292,Electronics,Monitor,3.0,0.15,45900.0,6258.61,Card,Delivered,Profit
ORD04123,2025-08-11,CUST0321,Furniture,Desk,3.0,0.0,45000.0,-5257.26,Card,Returned,Loss
ORD04124,2026-04-03,CUST0039,Electronics,Laptop,3.0,0.1,148500.0,-32085.32,UPI,Returned,Loss
ORD04125,2026-05-23,CUST0173,Electronics,Monitor,6.0,0.15,91800.0,9330.82,Cash on Delivery,Delivered,Profit
ORD04126,2025-10-16,CUST0108,Office Supplies,Paper,4.0,0.05,1710.0,394.59,NetBanking,Delivered,Profit
ORD04127,2025-08-17,CUST0478,Office Supplies,Paper,3.0,0.1,1215.0,263.4,UPI,Delivered,Profit
ORD04128,2026-06-30,CUST0464,Accessories,Usb Hub,5.0,0.1,8100.0,2601.72,NetBanking,Delivered,Profit
ORD04129,2025-12-30,CUST0019,Electronics,Keyboard,1.0,0.1,2250.0,643.0,UPI,Delivered,Profit
ORD04130,2026-01-20,CUST0249,Electronics,Headphones,5.0,0.3,15750.0,3145.88,Cash on Delivery,Delivered,Profit
ORD04131,2025-09-23,CUST0310,Office Supplies,Printer,5.0,0.0,70000.0,-20145.72,Cash on Delivery,Cancelled,Loss
ORD04132,2026-02-15,CUST0534,Accessories,Mouse,2.0,0.1,2520.0,-280.64,Card,Cancelled,Loss
ORD04133,2026-07-21,CUST0289,Furniture,Desk,2.0,0.1,27000.0,5425.79,Cash on Delivery,Delivered,Profit
ORD04134,2026-08-31,CUST0581,Furniture,Office Chair,1.0,0.05,8550.0,-232.47,Card,Returned,Loss
ORD04135,2026-08-15,CUST0380,Furniture,Cabinet,1.0,0.05,12350.0,-5290.49,NetBanking,Cancelled,Loss
ORD04136,2025-09-21,CUST0072,Electronics,Monitor,2.0,0.05,34200.0,5674.85,Cash on Delivery,Delivered,Profit
ORD04137,2025-11-30,CUST0537,Furniture,Office Chair,2.0,0.1,16200.0,3500.7,Card,Delivered,Profit
ORD04138,2025-10-09,CUST0441,Electronics,Keyboard,2.0,0.15,4250.0,1166.89,Cash on Delivery,Delivered,Profit
ORD04139,2026-02-27,CUST0100,Furniture,Bookshelf,3.0,0.2,26400.0,3953.56,Cash on Delivery,Delivered,Profit
ORD04140,2026-07-21,CUST0103,Electronics,Keyboard,3.0,0.0,7500.0,2400.0,Card,Delivered,Profit
ORD04141,2025-09-30,CUST0341,Furniture,Office Chair,1.0,0.1,8100.0,1814.78,Cash on Delivery,Delivered,Profit
ORD04142,2026-04-18,CUST0388,Office Supplies,Desk Organizer,4.0,0.0,3600.0,1120.0,Cash on Delivery,Delivered,Profit
ORD04143,2026-04-30,CUST0007,Electronics,Headphones,1.0,0.0,4500.0,1500.0,Card,Delivered,Profit
ORD04144,2025-11-26,CUST0350,Office Supplies,Printer,4.0,0.1,50400.0,-16336.21,NetBanking,Returned,Loss
ORD04145,2025-07-01,CUST0211,Furniture,Cabinet,1.0,0.0,13000.0,3200.0,Cash on Delivery,Delivered,Profit
ORD04146,2025-08-29,CUST0224,Electronics,Keyboard,4.0,0.05,9500.0,2938.49,Card,Delivered,Profit
ORD04147,2026-04-25,CUST0179,Furniture,Bookshelf,10.0,0.05,104500.0,23025.14,Cash on Delivery,Delivered,Profit
ORD04148,2026-08-10,CUST0166,Office Supplies,Stapler,1.0,0.0,350.0,-96.31,NetBanking,Cancelled,Loss
ORD04149,2026-03-05,CUST0297,Office Supplies,Stapler,3.0,0.1,945.0,273.58,NetBanking,Delivered,Profit
ORD04150,2025-09-06,CUST0538,Furniture,Bookshelf,1.0,0.05,10450.0,2182.74,Cash on Delivery,Delivered,Profit
ORD04151,2025-09-10,CUST0183,Accessories,Backpack,1.0,0.2,1760.0,478.09,NetBanking,Delivered,Profit
ORD04152,2025-08-20,CUST0594,Electronics,Laptop,1.0,0.1,49500.0,6113.71,Card,Delivered,Profit
ORD04153,2026-07-17,CUST0354,Electronics,Monitor,1.0,0.1,16200.0,-4694.13,NetBanking,Cancelled,Loss
ORD04154,2025-10-04,CUST0068,Electronics,Monitor,3.0,0.05,51300.0,8763.57,Cash on Delivery,Delivered,Profit
ORD04155,2025-09-22,CUST0332,Accessories,Backpack,2.0,0.05,4180.0,1384.15,UPI,Delivered,Profit
ORD04156,2026-07-03,CUST0189,Electronics,Laptop,4.0,0.15,187000.0,10637.43,Card,Delivered,Profit
ORD04157,2025-11-08,CUST0420,Furniture,Cabinet,2.0,0.2,20800.0,2203.63,Card,Delivered,Profit
ORD04158,2025-11-17,CUST0576,Office Supplies,Paper,2.0,0.0,900.0,-422.49,Card,Cancelled,Loss
ORD04159,2025-11-18,CUST0524,Office Supplies,Desk Organizer,2.0,0.1,1620.0,417.23,Cash on Delivery,Delivered,Profit
ORD04160,2026-01-08,CUST0372,Furniture,Office Chair,1.0,0.2,7200.0,-3553.82,NetBanking,Returned,Loss
ORD04161,2026-01-02,CUST0455,Accessories,Mouse,3.0,0.1,3780.0,1168.14,UPI,Delivered,Profit
ORD04162,2026-07-31,CUST0431,Electronics,Laptop,3.0,0.3,115500.0,441.1,Cash on Delivery,Delivered,Profit
ORD04163,2025-08-03,CUST0545,Electronics,Keyboard,1.0,0.1,2250.0,631.69,NetBanking,Delivered,Profit
ORD04164,2026-05-26,CUST0398,Furniture,Bookshelf,4.0,0.1,39600.0,8152.03,Cash on Delivery,Shipped,Profit
ORD04165,2025-08-11,CUST0174,Office Supplies,Printer,3.0,0.1,37800.0,4859.36,Cash on Delivery,Shipped,Profit
ORD04166,2025-09-10,CUST0383,Furniture,Bookshelf,3.0,0.1,29700.0,5621.75,Card,Delivered,Profit
ORD04167,2026-04-07,CUST0411,Office Supplies,Stapler,3.0,0.05,997.5,325.72,Cash on Delivery,Delivered,Profit
ORD04168,2026-07-18,CUST0402,Office Supplies,Printer,4.0,0.15,47600.0,-20945.01,NetBanking,Cancelled,Loss
ORD04169,2026-04-21,CUST0315,Electronics,Monitor,3.0,0.1,48600.0,6720.19,Cash on Delivery,Delivered,Profit
ORD04170,2026-05-28,CUST0338,Office Supplies,Stapler,1.0,0.05,332.5,108.72,Cash on Delivery,Delivered,Profit
ORD04171,2025-07-02,CUST0102,Furniture,Cabinet,4.0,0.15,44200.0,6260.18,NetBanking,Delivered,Profit
ORD04172,2026-06-23,CUST0417,Electronics,Monitor,3.0,0.1,48600.0,7683.2,Card,Shipped,Profit
ORD04173,2026-04-12,CUST0031,Furniture,Cabinet,3.0,0.0,39000.0,9600.0,NetBanking,Delivered,Profit
ORD04174,2026-02-24,CUST0234,Accessories,Webcam,1.0,0.2,3360.0,567.47,Card,Shipped,Profit
ORD04175,2025-09-22,CUST0421,Accessories,Backpack,2.0,0.05,4180.0,1359.62,NetBanking,Delivered,Profit
ORD04176,2026-07-16,CUST0015,Furniture,Office Chair,1.0,0.0,9000.0,-2733.54,NetBanking,Cancelled,Loss
ORD04177,2026-03-06,CUST0397,Electronics,Headphones,2.0,0.05,8550.0,2699.07,Cash on Delivery,Delivered,Profit
ORD04178,2026-07-20,CUST0139,Furniture,Cabinet,1.0,0.0,13000.0,3200.0,Card,Delivered,Profit
ORD04179,2026-05-25,CUST0150,Accessories,Usb Hub,1.0,0.1,1620.0,563.13,Card,Delivered,Profit
ORD04180,2025-08-25,CUST0528,Office Supplies,Stapler,5.0,0.05,1662.5,555.66,UPI,Delivered,Profit
ORD04181,2026-04-14,CUST0400,Office Supplies,Desk Organizer,6.0,0.2,4320.0,941.22,NetBanking,Delivered,Profit
ORD04182,2025-12-31,CUST0143,Furniture,Desk,2.0,0.05,28500.0,6089.57,UPI,Shipped,Profit
ORD04183,2026-01-31,CUST0274,Office Supplies,Stapler,3.0,0.0,1050.0,360.0,Cash on Delivery,Shipped,Profit
ORD04184,2025-12-05,CUST0587,Office Supplies,Stapler,3.0,0.1,945.0,290.69,NetBanking,Delivered,Profit
ORD04185,2026-02-17,CUST0220,Furniture,Cabinet,1.0,0.15,11050.0,1655.21,NetBanking,Delivered,Profit
ORD04186,2025-08-18,CUST0319,Accessories,Webcam,1.0,0.15,3570.0,-1905.0,Card,Returned,Loss
ORD04187,2025-12-02,CUST0024,Office Supplies,Printer,3.0,0.2,33600.0,3398.37,Card,Delivered,Profit
ORD04188,2026-04-06,CUST0043,Accessories,Webcam,6.0,0.15,21420.0,5312.77,NetBanking,Shipped,Profit
ORD04189,2026-07-12,CUST0068,Office Supplies,Paper,2.0,0.05,855.0,184.26,NetBanking,Delivered,Profit
ORD04190,2025-09-08,CUST0357,Accessories,Webcam,4.0,0.2,13440.0,2106.95,UPI,Delivered,Profit
ORD04191,2026-08-14,CUST0319,Electronics,Headphones,3.0,0.05,12825.0,4037.09,Card,Delivered,Profit
ORD04192,2025-07-31,CUST0112,Electronics,Keyboard,1.0,0.0,2500.0,800.0,Card,Shipped,Profit
ORD04193,2025-09-22,CUST0128,Office Supplies,Desk Organizer,2.0,0.05,1710.0,-123.39,NetBanking,Cancelled,Loss
ORD04194,2025-12-19,CUST0278,Furniture,Office Chair,5.0,0.05,42750.0,9955.46,Cash on Delivery,Delivered,Profit
ORD04195,2026-01-08,CUST0457,Electronics,Headphones,2.0,0.1,8100.0,2409.93,Cash on Delivery,Delivered,Profit
ORD04196,2025-08-26,CUST0126,Accessories,Usb Hub,6.0,0.15,9180.0,3149.22,Card,Delivered,Profit
ORD04197,2026-06-02,CUST0532,Office Supplies,Stapler,5.0,0.15,1487.5,-386.29,Cash on Delivery,Returned,Loss
ORD04198,2025-12-15,CUST0227,Furniture,Desk,1.0,0.0,15000.0,3500.0,NetBanking,Delivered,Profit
ORD04199,2025-09-01,CUST0333,Furniture,Desk,4.0,0.1,54000.0,9939.73,Cash on Delivery,Delivered,Profit
ORD04200,2026-05-08,CUST0136,Office Supplies,Paper,3.0,0.1,1215.0,226.75,UPI,Delivered,Profit
ORD04201,2026-08-24,CUST0520,Accessories,Backpack,6.0,0.1,11880.0,-42000.0,Card,Delivered,Loss
ORD04202,2026-08-12,CUST0573,Furniture,Cabinet,3.0,0.1,35100.0,7666.26,Card,Delivered,Profit
ORD04203,2025-08-24,CUST0137,Electronics,Monitor,2.0,0.2,28800.0,1506.72,Card,Shipped,Profit
ORD04204,2026-08-17,CUST0238,Office Supplies,Paper,3.0,0.0,1350.0,330.0,Card,Delivered,Profit
ORD04205,2025-09-13,CUST0219,Furniture,Office Chair,1.0,0.1,8100.0,-1625.18,UPI,Returned,Loss
ORD04206,2025-10-06,CUST0251,Furniture,Cabinet,5.0,0.1,58500.0,11018.82,UPI,Shipped,Profit
ORD04207,2025-10-03,CUST0259,Furniture,Cabinet,1.0,0.2,10400.0,1718.93,UPI,Delivered,Profit
ORD04208,2026-05-26,CUST0535,Electronics,Laptop,1.0,0.05,52250.0,7538.43,Card,Shipped,Profit
ORD04209,2025-08-02,CUST0325,Office Supplies,Desk Organizer,2.0,0.15,1530.0,405.88,UPI,Delivered,Profit
ORD04210,2026-03-14,CUST0173,Electronics,Monitor,2.0,0.05,34200.0,-4454.33,NetBanking,Cancelled,Loss
ORD04211,2025-07-06,CUST0217,Office Supplies,Printer,3.0,0.0,42000.0,8400.0,Cash on Delivery,Delivered,Profit
ORD04212,2025-07-25,CUST0019,Electronics,Keyboard,3.0,0.1,6750.0,1840.85,NetBanking,Delivered,Profit
ORD04213,2025-08-24,CUST0204,Accessories,Backpack,2.0,0.0,4400.0,1500.0,UPI,Delivered,Profit
ORD04214,2025-07-26,CUST0289,Office Supplies,Desk Organizer,2.0,0.0,1800.0,-661.31,NetBanking,Cancelled,Loss
ORD04215,2025-11-12,CUST0061,Electronics,Monitor,2.0,0.1,32400.0,4531.43,UPI,Shipped,Profit
ORD04216,2026-04-08,CUST0485,Electronics,Headphones,2.0,0.2,7200.0,1538.59,Cash on Delivery,Delivered,Profit
ORD04217,2026-05-02,CUST0214,Electronics,Headphones,1.0,0.3,3150.0,422.72,UPI,Shipped,Profit
ORD04218,2026-04-22,CUST0163,Furniture,Cabinet,3.0,0.1,35100.0,7780.73,NetBanking,Delivered,Profit
ORD04219,2025-12-13,CUST0044,Furniture,Bookshelf,3.0,0.05,31350.0,6651.22,NetBanking,Delivered,Profit
ORD04220,2026-01-11,CUST0209,Office Supplies,Paper,3.0,0.0,1350.0,-596.96,NetBanking,Returned,Loss
ORD04221,2025-09-15,CUST0417,Electronics,Keyboard,6.0,0.1,13500.0,3613.18,Cash on Delivery,Delivered,Profit
ORD04222,2025-12-16,CUST0163,Office Supplies,Desk Organizer,3.0,0.05,2565.0,733.58,UPI,Delivered,Profit
ORD04223,2026-01-20,CUST0481,Electronics,Monitor,4.0,0.05,68400.0,-18704.06,NetBanking,Returned,Loss
ORD04224,2025-10-07,CUST0325,Office Supplies,Stapler,2.0,0.2,560.0,175.31,NetBanking,Delivered,Profit
ORD04225,2025-10-11,CUST0359,Furniture,Office Chair,10.0,0.1,81000.0,17237.25,UPI,Delivered,Profit
ORD04226,2026-04-16,CUST0549,Office Supplies,Desk Organizer,3.0,0.1,2430.0,621.02,UPI,Delivered,Profit
ORD04227,2026-01-24,CUST0334,Office Supplies,Printer,4.0,0.05,53200.0,9531.0,Card,Delivered,Profit
ORD04228,2026-06-07,CUST0019,Furniture,Bookshelf,4.0,0.0,44000.0,10400.0,UPI,Delivered,Profit
ORD04229,2026-07-24,CUST0557,Electronics,Laptop,2.0,0.1,99000.0,12678.64,NetBanking,Delivered,Profit
ORD04230,2025-10-04,CUST0474,Office Supplies,Desk Organizer,2.0,0.05,1710.0,511.35,Cash on Delivery,Delivered,Profit
ORD04231,2026-08-03,CUST0263,Accessories,Backpack,2.0,0.1,3960.0,1222.81,Card,Delivered,Profit
ORD04232,2026-07-23,CUST0401,Electronics,Keyboard,2.0,0.0,5000.0,1600.0,Cash on Delivery,Delivered,Profit
ORD04233,2026-08-29,CUST0472,Furniture,Cabinet,5.0,0.1,58500.0,11954.43,NetBanking,Delivered,Profit
ORD04234,2026-03-30,CUST0061,Accessories,Usb Hub,2.0,0.3,2520.0,761.65,NetBanking,Delivered,Profit
ORD04235,2026-07-27,CUST0240,Office Supplies,Paper,2.0,0.15,765.0,131.1,NetBanking,Shipped,Profit
ORD04236,2025-11-14,CUST0359,Accessories,Mouse,1.0,0.1,1260.0,390.53,UPI,Delivered,Profit
ORD04237,2026-05-17,CUST0352,Office Supplies,Stapler,4.0,0.0,1400.0,480.0,NetBanking,Delivered,Profit
ORD04238,2025-08-05,CUST0319,Office Supplies,Desk Organizer,3.0,0.1,2430.0,676.44,Cash on Delivery,Delivered,Profit
ORD04239,2026-04-29,CUST0264,Furniture,Office Chair,4.0,0.0,36000.0,9200.0,NetBanking,Delivered,Profit
ORD04240,2026-04-04,CUST0090,Accessories,Usb Hub,5.0,0.1,8100.0,2545.7,UPI,Delivered,Profit
ORD04241,2025-11-28,CUST0122,Electronics,Keyboard,2.0,0.1,4500.0,-639.3,Card,Returned,Loss
ORD04242,2026-06-20,CUST0230,Furniture,Cabinet,1.0,0.0,13000.0,3200.0,UPI,Delivered,Profit
ORD04243,2026-03-06,CUST0585,Furniture,Office Chair,6.0,0.1,48600.0,10899.03,UPI,Delivered,Profit
ORD04244,2026-04-25,CUST0291,Electronics,Laptop,2.0,0.05,104500.0,14753.9,Card,Shipped,Profit
ORD04245,2026-08-06,CUST0405,Electronics,Monitor,4.0,0.0,72000.0,14000.0,Cash on Delivery,Delivered,Profit
ORD04246,2025-12-13,CUST0026,Furniture,Desk,1.0,0.1,13500.0,2749.49,Cash on Delivery,Shipped,Profit
ORD04247,2025-12-26,CUST0160,Furniture,Office Chair,1.0,0.05,8550.0,-4287.25,Cash on Delivery,Returned,Loss
ORD04248,2026-04-30,CUST0537,Furniture,Office Chair,3.0,0.1,24300.0,5379.32,UPI,Delivered,Profit
ORD04249,2025-12-27,CUST0410,Office Supplies,Printer,1.0,0.0,14000.0,-990.45,Cash on Delivery,Returned,Loss
ORD04250,2026-02-28,CUST0031,Furniture,Bookshelf,3.0,0.15,28050.0,5294.23,NetBanking,Delivered,Profit
ORD04251,2026-03-23,CUST0152,Accessories,Usb Hub,1.0,0.1,1620.0,562.79,NetBanking,Delivered,Profit
ORD04252,2025-09-23,CUST0073,Office Supplies,Desk Organizer,5.0,0.15,3825.0,919.42,UPI,Shipped,Profit
ORD04253,2025-12-30,CUST0574,Electronics,Laptop,2.0,0.1,99000.0,11468.76,Card,Delivered,Profit
ORD04254,2025-10-01,CUST0500,Accessories,Webcam,2.0,0.1,7560.0,1797.75,Card,Shipped,Profit
ORD04255,2026-06-06,CUST0544,Office Supplies,Desk Organizer,6.0,0.0,5400.0,1680.0,Cash on Delivery,Delivered,Profit
ORD04256,2025-11-10,CUST0137,Accessories,Backpack,1.0,0.1,1980.0,-440.34,Card,Returned,Loss
ORD04257,2025-08-29,CUST0522,Accessories,Backpack,5.0,0.2,8800.0,2648.92,UPI,Delivered,Profit
ORD04258,2026-06-13,CUST0154,Furniture,Desk,3.0,0.1,40500.0,8368.77,NetBanking,Delivered,Profit
ORD04259,2025-07-04,CUST0099,Office Supplies,Desk Organizer,2.0,0.1,1620.0,474.64,UPI,Delivered,Profit
ORD04260,2025-12-23,CUST0170,Electronics,Keyboard,5.0,0.0,12500.0,4000.0,NetBanking,Delivered,Profit
ORD04261,2025-08-17,CUST0026,Furniture,Desk,2.0,0.0,30000.0,7000.0,NetBanking,Shipped,Profit
ORD04262,2025-09-17,CUST0516,Electronics,Headphones,3.0,0.1,12150.0,3743.23,Cash on Delivery,Delivered,Profit
ORD04263,2026-06-22,CUST0198,Office Supplies,Desk Organizer,1.0,0.1,810.0,-57.21,Cash on Delivery,Returned,Loss
ORD04264,2026-03-27,CUST0281,Furniture,Bookshelf,5.0,0.0,55000.0,13000.0,UPI,Delivered,Profit
ORD04265,2026-08-29,CUST0160,Accessories,Usb Hub,2.0,0.15,3060.0,1055.32,UPI,Delivered,Profit
ORD04266,2026-06-15,CUST0456,Accessories,Webcam,5.0,0.1,18900.0,4486.71,Cash on Delivery,Delivered,Profit
ORD04267,2025-08-10,CUST0177,Electronics,Monitor,6.0,0.0,108000.0,21000.0,NetBanking,Delivered,Profit
ORD04268,2025-08-23,CUST0585,Office Supplies,Stapler,1.0,0.0,350.0,120.0,Cash on Delivery,Delivered,Profit
ORD04269,2025-08-06,CUST0447,Office Supplies,Printer,4.0,0.15,47600.0,5101.38,NetBanking,Delivered,Profit
ORD04270,2026-05-25,CUST0315,Office Supplies,Printer,3.0,0.1,37800.0,-13365.48,Card,Returned,Loss
ORD04271,2026-02-20,CUST0394,Electronics,Monitor,2.0,0.05,34200.0,-6402.25,NetBanking,Returned,Loss
ORD04272,2026-08-26,CUST0239,Accessories,Webcam,4.0,0.0,16800.0,4800.0,Cash on Delivery,Delivered,Profit
ORD04273,2025-08-21,CUST0031,Electronics,Laptop,4.0,0.1,198000.0,18617.65,Card,Delivered,Profit
ORD04274,2025-12-23,CUST0341,Office Supplies,Desk Organizer,2.0,0.05,1710.0,505.75,NetBanking,Delivered,Profit
ORD04275,2026-06-08,CUST0474,Electronics,Keyboard,1.0,0.05,2375.0,704.21,Cash on Delivery,Delivered,Profit
ORD04276,2026-01-18,CUST0545,Electronics,Laptop,3.0,0.2,132000.0,2632.57,UPI,Shipped,Profit
ORD04277,2026-02-14,CUST0592,Furniture,Cabinet,3.0,0.1,35100.0,7117.72,Cash on Delivery,Delivered,Profit
ORD04278,2025-10-21,CUST0131,Furniture,Office Chair,4.0,0.2,28800.0,5098.77,UPI,Delivered,Profit
ORD04279,2026-07-26,CUST0401,Electronics,Keyboard,1.0,0.15,2125.0,579.59,UPI,Delivered,Profit
ORD04280,2025-12-21,CUST0326,Office Supplies,Paper,2.0,0.0,900.0,220.0,UPI,Delivered,Profit
ORD04281,2025-09-03,CUST0120,Office Supplies,Paper,1.0,0.05,427.5,95.46,NetBanking,Delivered,Profit
ORD04282,2026-01-26,CUST0514,Office Supplies,Paper,2.0,0.05,855.0,191.86,Card,Delivered,Profit
ORD04283,2025-11-11,CUST0318,Electronics,Monitor,4.0,0.0,72000.0,14000.0,Cash on Delivery,Delivered,Profit
ORD04284,2026-07-02,CUST0203,Accessories,Usb Hub,3.0,0.05,5130.0,1804.52,UPI,Delivered,Profit
ORD04285,2025-07-12,CUST0124,Furniture,Bookshelf,3.0,0.05,31350.0,6931.86,UPI,Shipped,Profit
ORD04286,2026-01-20,CUST0349,Electronics,Laptop,1.0,0.15,46750.0,2020.54,Cash on Delivery,Shipped,Profit
ORD04287,2025-09-20,CUST0198,Electronics,Keyboard,3.0,0.05,7125.0,242.98,Cash on Delivery,Returned,Profit
ORD04288,2026-08-16,CUST0119,Office Supplies,Stapler,3.0,0.2,840.0,200.38,Cash on Delivery,Delivered,Profit
ORD04289,2026-08-02,CUST0265,Office Supplies,Printer,1.0,0.0,14000.0,2800.0,Cash on Delivery,Delivered,Profit
ORD04290,2026-08-07,CUST0363,Office Supplies,Printer,1.0,0.1,12600.0,1653.4,Cash on Delivery,Delivered,Profit
ORD04291,2025-12-14,CUST0555,Electronics,Monitor,4.0,0.2,57600.0,-11895.5,Cash on Delivery,Returned,Loss
ORD04292,2025-10-28,CUST0372,Furniture,Desk,1.0,0.05,14250.0,-8049.55,UPI,Cancelled,Loss
ORD04293,2026-05-31,CUST0597,Furniture,Desk,2.0,0.05,28500.0,5917.4,NetBanking,Delivered,Profit
ORD04294,2025-11-22,CUST0532,Accessories,Usb Hub,1.0,0.15,1530.0,517.35,Card,Delivered,Profit
ORD04295,2025-09-13,CUST0401,Furniture,Office Chair,1.0,0.1,8100.0,1792.3,Card,Delivered,Profit
ORD04296,2026-02-05,CUST0586,Accessories,Backpack,4.0,0.1,7920.0,2323.94,Card,Delivered,Profit
ORD04297,2026-02-03,CUST0492,Furniture,Cabinet,3.0,0.15,33150.0,6402.05,Cash on Delivery,Shipped,Profit
ORD04298,2025-10-06,CUST0583,Electronics,Headphones,4.0,0.05,17100.0,5587.65,NetBanking,Shipped,Profit
ORD04299,2025-12-07,CUST0491,Office Supplies,Desk Organizer,2.0,0.1,1620.0,475.06,NetBanking,Delivered,Profit
ORD04300,2026-03-11,CUST0081,Office Supplies,Printer,3.0,0.1,37800.0,-22579.28,UPI,Cancelled,Loss
ORD04301,2025-09-28,CUST0208,Electronics,Laptop,3.0,0.05,156750.0,-32000.0,UPI,Delivered,Loss
ORD04302,2025-11-10,CUST0141,Furniture,Office Chair,6.0,0.2,43200.0,8595.61,UPI,Delivered,Profit
ORD04303,2025-09-04,CUST0278,Electronics,Laptop,1.0,0.0,55000.0,9000.0,Card,Delivered,Profit
ORD04304,2026-03-27,CUST0461,Furniture,Bookshelf,3.0,0.0,33000.0,7800.0,UPI,Delivered,Profit
ORD04305,2026-01-27,CUST0349,Electronics,Keyboard,1.0,0.1,2250.0,-381.59,Card,Returned,Loss
ORD04306,2026-05-10,CUST0246,Furniture,Desk,1.0,0.0,15000.0,3500.0,Card,Delivered,Profit
ORD04307,2026-02-06,CUST0418,Electronics,Laptop,2.0,0.15,93500.0,10520.13,Card,Delivered,Profit
ORD04308,2026-02-10,CUST0155,Accessories,Usb Hub,2.0,0.1,3240.0,1116.77,Cash on Delivery,Delivered,Profit
ORD04309,2026-06-26,CUST0126,Electronics,Headphones,2.0,0.0,9000.0,3000.0,NetBanking,Delivered,Profit
ORD04310,2026-02-25,CUST0293,Office Supplies,Stapler,5.0,0.05,1662.5,556.07,Card,Delivered,Profit
ORD04311,2025-11-30,CUST0501,Electronics,Monitor,1.0,0.0,18000.0,3500.0,Card,Delivered,Profit
ORD04312,2026-02-13,CUST0455,Accessories,Webcam,1.0,0.05,3990.0,1097.79,UPI,Delivered,Profit
ORD04313,2025-09-28,CUST0523,Office Supplies,Stapler,1.0,0.1,315.0,1.44,UPI,Returned,Profit
ORD04314,2026-01-20,CUST0079,Electronics,Keyboard,2.0,0.3,3500.0,789.25,NetBanking,Delivered,Profit
ORD04315,2026-01-22,CUST0070,Electronics,Keyboard,1.0,0.15,2125.0,596.59,NetBanking,Delivered,Profit
ORD04316,2026-07-29,CUST0599,Furniture,Desk,1.0,0.1,13500.0,2540.61,NetBanking,Delivered,Profit
ORD04317,2026-01-04,CUST0565,Office Supplies,Paper,2.0,0.0,900.0,220.0,NetBanking,Delivered,Profit
ORD04318,2026-06-11,CUST0131,Electronics,Headphones,3.0,0.05,12825.0,4111.49,NetBanking,Delivered,Profit
ORD04319,2026-08-03,CUST0156,Accessories,Usb Hub,1.0,0.3,1260.0,395.46,Cash on Delivery,Delivered,Profit
ORD04320,2025-09-04,CUST0086,Electronics,Monitor,10.0,0.15,153000.0,12105.71,NetBanking,Delivered,Profit
ORD04321,2026-03-17,CUST0256,Furniture,Cabinet,5.0,0.1,58500.0,-24835.99,Cash on Delivery,Returned,Loss
ORD04322,2026-05-04,CUST0116,Electronics,Laptop,3.0,0.05,156750.0,21645.0,Card,Delivered,Profit
ORD04323,2026-01-29,CUST0534,Furniture,Bookshelf,1.0,0.0,11000.0,2600.0,NetBanking,Delivered,Profit
ORD04324,2025-09-25,CUST0338,Furniture,Bookshelf,4.0,0.1,39600.0,8310.33,Card,Delivered,Profit
ORD04325,2026-02-20,CUST0149,Accessories,Usb Hub,2.0,0.1,3240.0,1025.66,NetBanking,Delivered,Profit
ORD04326,2025-09-04,CUST0090,Furniture,Office Chair,3.0,0.15,22950.0,4998.98,Card,Delivered,Profit
ORD04327,2025-11-14,CUST0550,Office Supplies,Desk Organizer,5.0,0.2,3600.0,760.53,UPI,Delivered,Profit
ORD04328,2026-01-10,CUST0600,Electronics,Headphones,1.0,0.2,3600.0,950.52,NetBanking,Delivered,Profit
ORD04329,2026-05-12,CUST0582,Office Supplies,Desk Organizer,15.0,0.0,13500.0,4200.0,NetBanking,Delivered,Profit
ORD04330,2025-07-06,CUST0264,Accessories,Webcam,6.0,0.15,21420.0,4712.18,Cash on Delivery,Shipped,Profit
ORD04331,2026-04-10,CUST0125,Furniture,Office Chair,3.0,0.05,25650.0,6167.9,UPI,Delivered,Profit
ORD04332,2026-05-04,CUST0009,Electronics,Keyboard,6.0,0.1,13500.0,3928.93,Card,Delivered,Profit
ORD04333,2025-07-05,CUST0357,Office Supplies,Desk Organizer,1.0,0.2,720.0,190.96,NetBanking,Shipped,Profit
ORD04334,2025-08-31,CUST0172,Office Supplies,Stapler,1.0,0.1,315.0,91.92,NetBanking,Shipped,Profit
ORD04335,2026-06-24,CUST0351,Office Supplies,Paper,3.0,0.1,1215.0,264.83,Card,Delivered,Profit
ORD04336,2026-01-26,CUST0095,Office Supplies,Stapler,3.0,0.05,997.5,328.09,NetBanking,Delivered,Profit
ORD04337,2026-07-25,CUST0092,Accessories,Webcam,4.0,0.0,16800.0,4800.0,Cash on Delivery,Delivered,Profit
ORD04338,2025-07-15,CUST0251,Office Supplies,Desk Organizer,3.0,0.15,2295.0,608.86,NetBanking,Delivered,Profit
ORD04339,2025-09-22,CUST0319,Electronics,Keyboard,1.0,0.05,2375.0,720.51,UPI,Delivered,Profit
ORD04340,2025-07-14,CUST0503,Electronics,Headphones,3.0,0.1,12150.0,3888.32,UPI,Delivered,Profit
ORD04341,2026-07-11,CUST0062,Electronics,Monitor,3.0,0.1,48600.0,7812.32,UPI,Delivered,Profit
ORD04342,2026-07-29,CUST0373,Electronics,Laptop,2.0,0.05,104500.0,14107.83,Card,Delivered,Profit
ORD04343,2025-08-05,CUST0553,Furniture,Office Chair,5.0,0.1,40500.0,8319.33,NetBanking,Delivered,Profit
ORD04344,2025-08-08,CUST0361,Electronics,Monitor,2.0,0.15,30600.0,4477.0,UPI,Shipped,Profit
ORD04345,2026-02-23,CUST0455,Furniture,Desk,1.0,0.2,12000.0,2089.36,Card,Delivered,Profit
ORD04346,2025-07-09,CUST0164,Accessories,Webcam,4.0,0.15,14280.0,2743.28,Cash on Delivery,Delivered,Profit
ORD04347,2025-07-08,CUST0215,Furniture,Bookshelf,2.0,0.1,19800.0,3948.25,NetBanking,Delivered,Profit
ORD04348,2026-02-01,CUST0060,Furniture,Desk,2.0,0.1,27000.0,5117.05,UPI,Delivered,Profit
ORD04349,2025-09-22,CUST0106,Office Supplies,Paper,2.0,0.15,765.0,150.09,UPI,Shipped,Profit
ORD04350,2025-07-25,CUST0358,Furniture,Desk,1.0,0.15,12750.0,2103.61,UPI,Delivered,Profit
ORD04351,2025-12-08,CUST0268,Office Supplies,Stapler,1.0,0.0,350.0,120.0,Cash on Delivery,Delivered,Profit
ORD04352,2025-08-07,CUST0585,Accessories,Mouse,2.0,0.15,2380.0,649.5,Cash on Delivery,Delivered,Profit
ORD04353,2026-02-20,CUST0560,Office Supplies,Paper,3.0,0.0,1350.0,330.0,Cash on Delivery,Shipped,Profit
ORD04354,2026-08-11,CUST0553,Electronics,Laptop,2.0,0.0,110000.0,18000.0,NetBanking,Delivered,Profit
ORD04355,2025-12-13,CUST0400,Furniture,Cabinet,5.0,0.0,65000.0,16000.0,NetBanking,Delivered,Profit
ORD04356,2026-01-13,CUST0487,Office Supplies,Printer,4.0,0.2,44800.0,4377.62,Card,Delivered,Profit
ORD04357,2026-08-06,CUST0547,Furniture,Bookshelf,4.0,0.1,39600.0,7911.68,UPI,Delivered,Profit
ORD04358,2026-08-19,CUST0191,Accessories,Backpack,1.0,0.2,1760.0,395.22,UPI,Shipped,Profit
ORD04359,2025-08-11,CUST0225,Electronics,Laptop,3.0,0.15,140250.0,7697.36,NetBanking,Delivered,Profit
ORD04360,2025-12-10,CUST0215,Accessories,Mouse,3.0,0.15,3570.0,1213.75,NetBanking,Delivered,Profit
ORD04361,2026-04-23,CUST0521,Furniture,Office Chair,2.0,0.0,18000.0,4600.0,Cash on Delivery,Delivered,Profit
ORD04362,2026-07-12,CUST0301,Office Supplies,Printer,3.0,0.1,37800.0,-19097.1,Cash on Delivery,Cancelled,Loss
ORD04363,2026-01-09,CUST0002,Electronics,Headphones,2.0,0.0,9000.0,730.25,UPI,Returned,Profit
ORD04364,2026-06-16,CUST0283,Accessories,Webcam,4.0,0.1,15120.0,3935.14,Cash on Delivery,Shipped,Profit
ORD04365,2025-10-26,CUST0185,Office Supplies,Paper,1.0,0.1,405.0,89.24,NetBanking,Shipped,Profit
ORD04366,2026-01-03,CUST0585,Electronics,Keyboard,3.0,0.1,6750.0,211.04,Card,Returned,Profit
ORD04367,2026-02-11,CUST0510,Furniture,Desk,2.0,0.05,28500.0,-2031.72,Cash on Delivery,Returned,Loss
ORD04368,2026-07-23,CUST0165,Furniture,Bookshelf,2.0,0.15,18700.0,3469.71,UPI,Shipped,Profit
ORD04369,2025-10-19,CUST0291,Electronics,Keyboard,4.0,0.0,10000.0,3200.0,Cash on Delivery,Delivered,Profit
ORD04370,2026-08-24,CUST0304,Electronics,Laptop,2.0,0.0,110000.0,-49105.56,Cash on Delivery,Returned,Loss
ORD04371,2025-11-09,CUST0075,Electronics,Headphones,3.0,0.2,10800.0,2744.52,NetBanking,Delivered,Profit
ORD04372,2026-07-10,CUST0401,Office Supplies,Desk Organizer,1.0,0.3,630.0,78.01,UPI,Delivered,Profit
ORD04373,2025-08-01,CUST0246,Office Supplies,Stapler,1.0,0.0,350.0,120.0,NetBanking,Delivered,Profit
ORD04374,2025-07-07,CUST0141,Office Supplies,Printer,1.0,0.1,12600.0,1690.73,UPI,Delivered,Profit
ORD04375,2026-07-31,CUST0599,Electronics,Monitor,4.0,0.1,64800.0,-17745.54,Card,Returned,Loss
ORD04376,2025-10-19,CUST0596,Electronics,Headphones,1.0,0.15,3825.0,998.46,NetBanking,Delivered,Profit
ORD04377,2025-08-20,CUST0511,Electronics,Keyboard,1.0,0.15,2125.0,492.86,Card,Shipped,Profit
ORD04378,2026-08-28,CUST0417,Furniture,Bookshelf,4.0,0.15,37400.0,7213.39,Cash on Delivery,Delivered,Profit
ORD04379,2026-04-10,CUST0327,Accessories,Backpack,4.0,0.0,8800.0,3000.0,Card,Delivered,Profit
ORD04380,2025-09-14,CUST0201,Office Supplies,Stapler,5.0,0.2,1400.0,330.27,NetBanking,Delivered,Profit
ORD04381,2026-03-17,CUST0218,Furniture,Bookshelf,2.0,0.0,22000.0,5200.0,NetBanking,Delivered,Profit
ORD04382,2025-12-03,CUST0325,Office Supplies,Printer,6.0,0.2,67200.0,8580.56,Card,Delivered,Profit
ORD04383,2025-08-26,CUST0479,Accessories,Backpack,1.0,0.05,2090.0,676.07,Cash on Delivery,Delivered,Profit
ORD04384,2025-07-07,CUST0215,Furniture,Office Chair,1.0,0.2,7200.0,1098.45,Cash on Delivery,Delivered,Profit
ORD04385,2025-12-25,CUST0039,Electronics,Keyboard,3.0,0.05,7125.0,2091.05,Cash on Delivery,Delivered,Profit
ORD04386,2025-12-10,CUST0542,Office Supplies,Stapler,4.0,0.1,1260.0,415.63,NetBanking,Delivered,Profit
ORD04387,2025-08-05,CUST0318,Office Supplies,Stapler,1.0,0.1,315.0,92.98,Card,Delivered,Profit
ORD04388,2026-05-11,CUST0595,Electronics,Laptop,1.0,0.05,52250.0,-6773.14,Card,Cancelled,Loss
ORD04389,2026-06-04,CUST0343,Furniture,Desk,3.0,0.05,42750.0,9143.24,NetBanking,Delivered,Profit
ORD04390,2025-12-06,CUST0231,Office Supplies,Desk Organizer,1.0,0.1,810.0,219.45,Card,Delivered,Profit
ORD04391,2025-11-22,CUST0119,Electronics,Keyboard,4.0,0.0,10000.0,3200.0,NetBanking,Delivered,Profit
ORD04392,2026-07-31,CUST0190,Accessories,Backpack,10.0,0.05,20900.0,6796.85,NetBanking,Delivered,Profit
ORD04393,2025-12-20,CUST0589,Office Supplies,Paper,3.0,0.15,1147.5,218.34,UPI,Delivered,Profit
ORD04394,2025-11-06,CUST0507,Accessories,Usb Hub,3.0,0.15,4590.0,1439.43,UPI,Delivered,Profit
ORD04395,2025-12-23,CUST0200,Furniture,Office Chair,4.0,0.1,32400.0,6454.47,NetBanking,Delivered,Profit
ORD04396,2025-10-03,CUST0187,Furniture,Desk,6.0,0.3,63000.0,-1490.16,Card,Shipped,Loss
ORD04397,2026-03-26,CUST0143,Accessories,Mouse,1.0,0.05,1330.0,461.18,Card,Delivered,Profit
ORD04398,2025-11-08,CUST0075,Electronics,Laptop,1.0,0.05,52250.0,-22985.65,Cash on Delivery,Cancelled,Loss
ORD04399,2026-07-18,CUST0459,Accessories,Mouse,2.0,0.0,2800.0,1000.0,Cash on Delivery,Delivered,Profit
ORD04400,2026-05-23,CUST0171,Accessories,Usb Hub,4.0,0.2,5760.0,1686.47,Cash on Delivery,Delivered,Profit
ORD04401,2026-07-15,CUST0214,Electronics,Headphones,2.0,0.1,8100.0,-3168.86,NetBanking,Returned,Loss
ORD04402,2026-06-25,CUST0175,Electronics,Monitor,1.0,0.05,17100.0,-8029.5,Card,Cancelled,Loss
ORD04403,2025-09-04,CUST0320,Accessories,Webcam,3.0,0.2,10080.0,2143.81,Card,Delivered,Profit
ORD04404,2026-05-21,CUST0339,Furniture,Office Chair,2.0,0.0,18000.0,4600.0,NetBanking,Delivered,Profit
ORD04405,2025-11-10,CUST0230,Office Supplies,Printer,4.0,0.15,47600.0,5241.11,Cash on Delivery,Delivered,Profit
ORD04406,2026-04-28,CUST0316,Office Supplies,Desk Organizer,1.0,0.1,810.0,-259.38,UPI,Returned,Loss
ORD04407,2025-08-21,CUST0147,Office Supplies,Printer,1.0,0.05,13300.0,2321.05,Card,Delivered,Profit
ORD04408,2026-08-08,CUST0599,Office Supplies,Stapler,5.0,0.05,1662.5,526.63,UPI,Delivered,Profit
ORD04409,2025-11-23,CUST0313,Accessories,Usb Hub,5.0,0.05,8550.0,2870.08,NetBanking,Delivered,Profit
ORD04410,2026-05-02,CUST0415,Electronics,Laptop,4.0,0.0,220000.0,36000.0,UPI,Shipped,Profit
ORD04411,2025-12-26,CUST0073,Electronics,Headphones,5.0,0.05,21375.0,6801.51,NetBanking,Delivered,Profit
ORD04412,2025-10-02,CUST0348,Office Supplies,Stapler,1.0,0.15,297.5,81.51,UPI,Delivered,Profit
ORD04413,2026-06-26,CUST0490,Office Supplies,Desk Organizer,3.0,0.1,2430.0,679.11,UPI,Delivered,Profit
ORD04414,2025-10-06,CUST0039,Accessories,Mouse,2.0,0.15,2380.0,-601.95,Card,Returned,Loss
ORD04415,2025-10-15,CUST0541,Accessories,Usb Hub,1.0,0.0,1800.0,650.0,Cash on Delivery,Delivered,Profit
ORD04416,2025-09-05,CUST0201,Electronics,Laptop,1.0,0.0,55000.0,-24367.22,NetBanking,Cancelled,Loss
ORD04417,2026-06-05,CUST0231,Electronics,Keyboard,2.0,0.15,4250.0,1019.26,NetBanking,Delivered,Profit
ORD04418,2025-11-29,CUST0563,Electronics,Headphones,6.0,0.05,25650.0,8373.65,UPI,Shipped,Profit
ORD04419,2026-04-03,CUST0576,Electronics,Keyboard,2.0,0.15,4250.0,-1058.84,NetBanking,Cancelled,Loss
ORD04420,2026-03-04,CUST0142,Electronics,Laptop,3.0,0.15,140250.0,6854.99,NetBanking,Delivered,Profit
ORD04421,2025-09-25,CUST0051,Furniture,Cabinet,3.0,0.15,33150.0,5162.86,UPI,Delivered,Profit
ORD04422,2026-06-05,CUST0198,Furniture,Cabinet,1.0,0.05,12350.0,2863.73,UPI,Delivered,Profit
ORD04423,2026-02-28,CUST0119,Office Supplies,Stapler,4.0,0.2,1120.0,297.53,Card,Delivered,Profit
ORD04424,2025-11-03,CUST0457,Accessories,Webcam,2.0,0.05,7980.0,2055.41,Card,Delivered,Profit
ORD04425,2026-08-03,CUST0085,Accessories,Backpack,1.0,0.1,1980.0,-384.02,UPI,Cancelled,Loss
ORD04426,2026-01-14,CUST0077,Electronics,Monitor,3.0,0.2,43200.0,3884.71,UPI,Delivered,Profit
ORD04427,2026-03-28,CUST0478,Electronics,Monitor,2.0,0.05,34200.0,5846.77,NetBanking,Shipped,Profit
ORD04428,2026-06-01,CUST0580,Electronics,Keyboard,3.0,0.2,6000.0,1139.44,Card,Delivered,Profit
ORD04429,2025-12-17,CUST0407,Electronics,Keyboard,5.0,0.0,12500.0,4000.0,NetBanking,Delivered,Profit
ORD04430,2026-08-10,CUST0126,Electronics,Laptop,2.0,0.0,110000.0,-13017.42,NetBanking,Cancelled,Loss
ORD04431,2025-07-21,CUST0463,Furniture,Bookshelf,2.0,0.0,22000.0,5200.0,Card,Delivered,Profit
ORD04432,2026-03-17,CUST0599,Office Supplies,Paper,4.0,0.0,1800.0,440.0,Card,Delivered,Profit
ORD04433,2025-07-21,CUST0258,Electronics,Keyboard,2.0,0.15,4250.0,1149.83,Card,Delivered,Profit
ORD04434,2025-12-22,CUST0099,Electronics,Keyboard,1.0,0.2,2000.0,486.46,Card,Delivered,Profit
ORD04435,2026-02-24,CUST0180,Furniture,Bookshelf,2.0,0.0,22000.0,-9992.94,NetBanking,Cancelled,Loss
ORD04436,2026-01-01,CUST0119,Electronics,Monitor,2.0,0.15,30600.0,3567.71,NetBanking,Delivered,Profit
ORD04437,2026-05-17,CUST0044,Electronics,Laptop,5.0,0.3,192500.0,-52954.13,NetBanking,Cancelled,Loss
ORD04438,2026-01-13,CUST0598,Office Supplies,Paper,1.0,0.2,360.0,34.36,Card,Delivered,Profit
ORD04439,2026-05-26,CUST0163,Accessories,Backpack,1.0,0.15,1870.0,535.23,Cash on Delivery,Delivered,Profit
ORD04440,2026-08-31,CUST0390,Electronics,Monitor,2.0,0.0,36000.0,7000.0,Card,Delivered,Profit
ORD04441,2026-08-18,CUST0574,Office Supplies,Desk Organizer,1.0,0.0,900.0,280.0,NetBanking,Shipped,Profit
ORD04442,2025-10-23,CUST0153,Electronics,Keyboard,2.0,0.15,4250.0,-955.58,Card,Returned,Loss
ORD04443,2026-05-17,CUST0580,Office Supplies,Desk Organizer,2.0,0.05,1710.0,494.14,UPI,Delivered,Profit
ORD04444,2026-03-11,CUST0232,Office Supplies,Paper,2.0,0.05,855.0,199.19,Card,Delivered,Profit
ORD04445,2026-07-31,CUST0340,Electronics,Headphones,2.0,0.1,8100.0,2556.65,Cash on Delivery,Delivered,Profit
ORD04446,2026-06-19,CUST0201,Furniture,Desk,1.0,0.0,15000.0,3500.0,Cash on Delivery,Delivered,Profit
ORD04447,2026-07-29,CUST0034,Electronics,Monitor,5.0,0.0,90000.0,17500.0,NetBanking,Delivered,Profit
ORD04448,2026-03-30,CUST0411,Office Supplies,Printer,2.0,0.15,23800.0,3417.03,Cash on Delivery,Delivered,Profit
ORD04449,2026-08-27,CUST0585,Office Supplies,Stapler,1.0,0.1,315.0,-98.04,UPI,Cancelled,Loss
ORD04450,2026-08-03,CUST0193,Accessories,Webcam,1.0,0.05,3990.0,-902.11,Card,Cancelled,Loss
ORD04451,2026-04-19,CUST0548,Office Supplies,Printer,4.0,0.0,56000.0,11200.0,Card,Delivered,Profit
ORD04452,2026-07-31,CUST0480,Electronics,Keyboard,2.0,0.0,5000.0,1600.0,UPI,Delivered,Profit
ORD04453,2026-05-07,CUST0483,Furniture,Desk,3.0,0.1,40500.0,7020.12,NetBanking,Delivered,Profit
ORD04454,2026-04-11,CUST0031,Electronics,Laptop,3.0,0.1,148500.0,18644.15,UPI,Delivered,Profit
ORD04455,2025-08-19,CUST0038,Accessories,Webcam,4.0,0.15,14280.0,3285.82,Cash on Delivery,Delivered,Profit
ORD04456,2025-09-14,CUST0057,Electronics,Monitor,5.0,0.15,76500.0,6901.42,Cash on Delivery,Shipped,Profit
ORD04457,2026-07-26,CUST0087,Office Supplies,Stapler,1.0,0.0,350.0,120.0,Card,Delivered,Profit
ORD04458,2026-06-12,CUST0544,Accessories,Backpack,2.0,0.1,3960.0,1223.81,Cash on Delivery,Delivered,Profit
ORD04459,2025-08-08,CUST0431,Furniture,Bookshelf,1.0,0.1,9900.0,1868.67,Cash on Delivery,Delivered,Profit
ORD04460,2026-02-10,CUST0163,Furniture,Bookshelf,1.0,0.1,9900.0,1908.5,NetBanking,Delivered,Profit
ORD04461,2025-12-03,CUST0359,Electronics,Keyboard,6.0,0.05,14250.0,4388.72,UPI,Delivered,Profit
ORD04462,2026-01-07,CUST0027,Office Supplies,Printer,4.0,0.1,50400.0,6680.8,Card,Delivered,Profit
ORD04463,2026-04-02,CUST0351,Furniture,Bookshelf,1.0,0.1,9900.0,1907.22,Card,Delivered,Profit
ORD04464,2026-02-28,CUST0394,Office Supplies,Printer,5.0,0.1,63000.0,-27511.87,Cash on Delivery,Returned,Loss
ORD04465,2026-05-27,CUST0597,Office Supplies,Paper,4.0,0.0,1800.0,440.0,Card,Delivered,Profit
ORD04466,2025-10-03,CUST0318,Accessories,Mouse,1.0,0.3,980.0,159.09,UPI,Delivered,Profit
ORD04467,2025-09-20,CUST0538,Accessories,Backpack,1.0,0.1,1980.0,631.48,UPI,Delivered,Profit
ORD04468,2025-11-16,CUST0228,Electronics,Laptop,1.0,0.05,52250.0,7416.84,Card,Delivered,Profit
ORD04469,2026-01-12,CUST0362,Accessories,Usb Hub,2.0,0.05,3420.0,1193.65,UPI,Delivered,Profit
ORD04470,2026-05-06,CUST0317,Office Supplies,Stapler,3.0,0.0,1050.0,360.0,Card,Delivered,Profit
ORD04471,2026-08-28,CUST0281,Electronics,Monitor,1.0,0.15,15300.0,1422.59,UPI,Delivered,Profit
ORD04472,2025-07-10,CUST0552,Furniture,Cabinet,3.0,0.0,39000.0,9600.0,Card,Delivered,Profit
ORD04473,2025-12-26,CUST0551,Furniture,Desk,2.0,0.0,30000.0,7000.0,Cash on Delivery,Delivered,Profit
ORD04474,2026-06-08,CUST0366,Office Supplies,Stapler,2.0,0.1,630.0,196.44,Card,Delivered,Profit
ORD04475,2026-03-04,CUST0289,Furniture,Bookshelf,2.0,0.05,20900.0,4357.31,Card,Shipped,Profit
ORD04476,2026-02-01,CUST0535,Accessories,Backpack,2.0,0.05,4180.0,1395.49,Cash on Delivery,Delivered,Profit
ORD04477,2025-09-06,CUST0400,Furniture,Cabinet,2.0,0.0,26000.0,-9252.34,UPI,Cancelled,Loss
ORD04478,2026-01-22,CUST0519,Office Supplies,Stapler,1.0,0.15,297.5,76.21,NetBanking,Delivered,Profit
ORD04479,2025-10-02,CUST0288,Furniture,Bookshelf,6.0,0.05,62700.0,13812.08,Card,Delivered,Profit
ORD04480,2026-01-01,CUST0249,Electronics,Headphones,1.0,0.1,4050.0,1242.4,Card,Delivered,Profit
ORD04481,2026-07-07,CUST0238,Office Supplies,Desk Organizer,1.0,0.15,765.0,217.29,Cash on Delivery,Delivered,Profit
ORD04482,2025-07-16,CUST0243,Electronics,Laptop,5.0,0.0,275000.0,45000.0,UPI,Delivered,Profit
ORD04483,2025-08-04,CUST0334,Furniture,Office Chair,1.0,0.3,6300.0,879.19,Card,Delivered,Profit
ORD04484,2026-08-12,CUST0386,Office Supplies,Printer,3.0,0.1,37800.0,5403.98,Card,Delivered,Profit
ORD04485,2025-10-18,CUST0456,Office Supplies,Desk Organizer,2.0,0.05,1710.0,491.4,Card,Delivered,Profit
ORD04486,2026-05-02,CUST0065,Electronics,Monitor,6.0,0.0,108000.0,21000.0,NetBanking,Delivered,Profit
ORD04487,2025-12-29,CUST0516,Electronics,Keyboard,3.0,0.1,6750.0,1990.48,NetBanking,Delivered,Profit
ORD04488,2026-02-02,CUST0141,Electronics,Headphones,2.0,0.05,8550.0,2637.64,Card,Delivered,Profit
ORD04489,2026-08-26,CUST0244,Electronics,Laptop,5.0,0.15,233750.0,24787.76,UPI,Delivered,Profit
ORD04490,2025-09-13,CUST0442,Furniture,Cabinet,3.0,0.0,39000.0,9600.0,Card,Shipped,Profit
ORD04491,2026-01-30,CUST0586,Office Supplies,Stapler,1.0,0.05,332.5,111.82,UPI,Delivered,Profit
ORD04492,2026-08-18,CUST0342,Electronics,Monitor,3.0,0.15,45900.0,5172.09,NetBanking,Delivered,Profit
ORD04493,2025-10-24,CUST0123,Office Supplies,Paper,3.0,0.1,1215.0,262.42,NetBanking,Delivered,Profit
ORD04494,2026-08-26,CUST0324,Electronics,Keyboard,5.0,0.2,10000.0,2278.83,UPI,Shipped,Profit
ORD04495,2025-07-16,CUST0402,Furniture,Bookshelf,1.0,0.1,9900.0,-4911.41,UPI,Cancelled,Loss
ORD04496,2026-05-14,CUST0119,Office Supplies,Printer,15.0,0.1,189000.0,-46983.72,NetBanking,Returned,Loss
ORD04497,2026-04-07,CUST0431,Furniture,Bookshelf,1.0,0.3,7700.0,181.35,Cash on Delivery,Delivered,Profit
ORD04498,2026-07-06,CUST0531,Accessories,Webcam,3.0,0.1,11340.0,2832.49,Cash on Delivery,Delivered,Profit
ORD04499,2025-12-21,CUST0089,Electronics,Laptop,1.0,0.05,52250.0,7489.76,UPI,Delivered,Profit
ORD04500,2026-07-27,CUST0122,Accessories,Backpack,3.0,0.0,6600.0,2250.0,UPI,Delivered,Profit
ORD04501,2025-08-13,CUST0061,Electronics,Laptop,4.0,0.1,198000.0,21767.75,UPI,Delivered,Profit
ORD04502,2025-08-04,CUST0396,Electronics,Keyboard,1.0,0.1,2250.0,663.84,Card,Delivered,Profit
ORD04503,2025-12-28,CUST0562,Furniture,Cabinet,3.0,0.0,39000.0,9600.0,NetBanking,Delivered,Profit
ORD04504,2026-06-14,CUST0167,Furniture,Bookshelf,1.0,0.0,11000.0,2600.0,Card,Delivered,Profit
ORD04505,2026-07-14,CUST0233,Accessories,Backpack,3.0,0.1,5940.0,1908.96,UPI,Delivered,Profit
ORD04506,2025-11-22,CUST0541,Electronics,Laptop,4.0,0.1,198000.0,21672.78,Cash on Delivery,Shipped,Profit
ORD04507,2026-01-24,CUST0137,Accessories,Mouse,3.0,0.0,4200.0,1500.0,UPI,Delivered,Profit
ORD04508,2025-10-10,CUST0229,Electronics,Monitor,10.0,0.0,180000.0,35000.0,UPI,Delivered,Profit
ORD04509,2026-04-03,CUST0312,Office Supplies,Printer,1.0,0.1,12600.0,1969.4,Cash on Delivery,Delivered,Profit
ORD04510,2025-12-30,CUST0314,Office Supplies,Stapler,3.0,0.05,997.5,333.1,Cash on Delivery,Delivered,Profit
ORD04511,2026-04-18,CUST0435,Electronics,Headphones,1.0,0.15,3825.0,1109.11,Card,Delivered,Profit
ORD04512,2026-02-13,CUST0046,Office Supplies,Stapler,6.0,0.1,1890.0,-436.73,NetBanking,Cancelled,Loss
ORD04513,2025-10-07,CUST0572,Accessories,Backpack,2.0,0.05,4180.0,1326.79,Cash on Delivery,Delivered,Profit
ORD04514,2026-03-24,CUST0505,Electronics,Keyboard,1.0,0.1,2250.0,621.25,Card,Delivered,Profit
ORD04515,2025-07-07,CUST0401,Furniture,Bookshelf,6.0,0.0,66000.0,15600.0,NetBanking,Delivered,Profit
ORD04516,2026-08-20,CUST0111,Accessories,Usb Hub,1.0,0.3,1260.0,287.06,UPI,Delivered,Profit
ORD04517,2026-07-20,CUST0083,Accessories,Webcam,1.0,0.0,4200.0,1200.0,Cash on Delivery,Delivered,Profit
ORD04518,2025-12-05,CUST0067,Furniture,Office Chair,1.0,0.15,7650.0,1406.07,UPI,Delivered,Profit
ORD04519,2026-06-17,CUST0160,Electronics,Keyboard,3.0,0.1,6750.0,1890.89,NetBanking,Delivered,Profit
ORD04520,2025-10-13,CUST0228,Office Supplies,Stapler,2.0,0.0,700.0,240.0,Card,Delivered,Profit
ORD04521,2026-06-13,CUST0271,Electronics,Headphones,3.0,0.0,13500.0,4500.0,Card,Delivered,Profit
ORD04522,2026-08-01,CUST0343,Electronics,Keyboard,3.0,0.0,7500.0,2400.0,NetBanking,Delivered,Profit
ORD04523,2026-05-24,CUST0298,Electronics,Headphones,1.0,0.0,4500.0,89.68,Cash on Delivery,Returned,Profit
ORD04524,2025-08-06,CUST0056,Electronics,Headphones,4.0,0.0,18000.0,6000.0,Cash on Delivery,Delivered,Profit
ORD04525,2025-09-26,CUST0244,Electronics,Laptop,4.0,0.15,187000.0,15762.07,NetBanking,Delivered,Profit
ORD04526,2025-10-15,CUST0480,Furniture,Cabinet,1.0,0.2,10400.0,1612.93,Card,Delivered,Profit
ORD04527,2025-11-19,CUST0050,Office Supplies,Printer,4.0,0.1,50400.0,7246.97,Card,Delivered,Profit
ORD04528,2025-08-05,CUST0250,Electronics,Laptop,10.0,0.0,550000.0,90000.0,NetBanking,Delivered,Profit
ORD04529,2026-05-30,CUST0411,Electronics,Laptop,4.0,0.1,198000.0,25408.59,Cash on Delivery,Delivered,Profit
ORD04530,2025-10-04,CUST0130,Electronics,Keyboard,3.0,0.1,6750.0,1897.11,UPI,Delivered,Profit
ORD04531,2026-01-26,CUST0564,Office Supplies,Stapler,1.0,0.1,315.0,97.83,UPI,Delivered,Profit
ORD04532,2025-07-12,CUST0024,Electronics,Keyboard,2.0,0.05,4750.0,1469.55,UPI,Delivered,Profit
ORD04533,2026-05-28,CUST0412,Electronics,Laptop,15.0,0.0,825000.0,135000.0,NetBanking,Delivered,Profit
ORD04534,2026-01-16,CUST0550,Office Supplies,Stapler,2.0,0.2,560.0,171.34,Cash on Delivery,Shipped,Profit
ORD04535,2025-09-17,CUST0214,Office Supplies,Printer,4.0,0.15,47600.0,6156.81,Card,Delivered,Profit
ORD04536,2026-03-30,CUST0314,Accessories,Usb Hub,4.0,0.1,6480.0,2050.73,NetBanking,Delivered,Profit
ORD04537,2025-10-11,CUST0079,Electronics,Headphones,3.0,0.15,11475.0,2838.73,UPI,Delivered,Profit
ORD04538,2025-08-04,CUST0443,Accessories,Mouse,2.0,0.05,2660.0,907.9,NetBanking,Delivered,Profit
ORD04539,2026-01-06,CUST0175,Electronics,Headphones,4.0,0.0,18000.0,6000.0,UPI,Delivered,Profit
ORD04540,2025-11-01,CUST0291,Furniture,Office Chair,1.0,0.15,7650.0,1199.93,Cash on Delivery,Delivered,Profit
ORD04541,2026-07-31,CUST0596,Accessories,Mouse,1.0,0.0,1400.0,500.0,Card,Delivered,Profit
ORD04542,2025-12-22,CUST0378,Furniture,Cabinet,1.0,0.0,13000.0,3200.0,Cash on Delivery,Shipped,Profit
ORD04543,2026-07-29,CUST0241,Office Supplies,Stapler,2.0,0.2,560.0,173.88,Card,Delivered,Profit
ORD04544,2026-04-30,CUST0014,Electronics,Keyboard,1.0,0.1,2250.0,628.56,Cash on Delivery,Delivered,Profit
ORD04545,2026-01-09,CUST0119,Accessories,Backpack,1.0,0.0,2200.0,750.0,UPI,Delivered,Profit
ORD04546,2026-08-17,CUST0351,Office Supplies,Desk Organizer,1.0,0.0,900.0,280.0,Cash on Delivery,Delivered,Profit
ORD04547,2026-04-23,CUST0259,Accessories,Mouse,3.0,0.05,3990.0,1402.1,NetBanking,Delivered,Profit
ORD04548,2025-09-25,CUST0382,Furniture,Desk,1.0,0.0,15000.0,3500.0,UPI,Delivered,Profit
ORD04549,2026-01-15,CUST0289,Electronics,Headphones,3.0,0.15,11475.0,3148.36,UPI,Delivered,Profit
ORD04550,2026-05-14,CUST0528,Accessories,Usb Hub,2.0,0.05,3420.0,1194.81,Cash on Delivery,Delivered,Profit
ORD04551,2025-07-10,CUST0045,Electronics,Headphones,3.0,0.1,12150.0,3452.52,UPI,Delivered,Profit
ORD04552,2026-04-09,CUST0285,Accessories,Usb Hub,1.0,0.05,1710.0,583.84,UPI,Delivered,Profit
ORD04553,2026-05-15,CUST0329,Office Supplies,Paper,2.0,0.15,765.0,155.57,Card,Delivered,Profit
ORD04554,2025-12-16,CUST0155,Electronics,Keyboard,2.0,0.2,4000.0,775.81,Card,Delivered,Profit
ORD04555,2026-04-28,CUST0499,Electronics,Monitor,4.0,0.05,68400.0,-43072.58,NetBanking,Returned,Loss
ORD04556,2025-09-25,CUST0476,Furniture,Bookshelf,3.0,0.0,33000.0,7800.0,Cash on Delivery,Delivered,Profit
ORD04557,2026-01-11,CUST0511,Electronics,Headphones,6.0,0.15,22950.0,6391.34,NetBanking,Shipped,Profit
ORD04558,2026-03-31,CUST0173,Office Supplies,Paper,3.0,0.3,945.0,0.25,NetBanking,Delivered,Profit
ORD04559,2026-04-24,CUST0075,Furniture,Cabinet,6.0,0.1,70200.0,13568.88,UPI,Delivered,Profit
ORD04560,2026-04-25,CUST0139,Furniture,Bookshelf,1.0,0.1,9900.0,1961.6,Card,Delivered,Profit
ORD04561,2025-12-04,CUST0468,Furniture,Desk,5.0,0.1,67500.0,11323.88,Card,Shipped,Profit
ORD04562,2026-03-14,CUST0408,Electronics,Keyboard,5.0,0.1,11250.0,3288.97,UPI,Delivered,Profit
ORD04563,2025-12-20,CUST0306,Furniture,Desk,5.0,0.1,67500.0,12490.35,Cash on Delivery,Delivered,Profit
ORD04564,2026-07-31,CUST0542,Electronics,Monitor,1.0,0.05,17100.0,-1932.32,Card,Returned,Loss
ORD04565,2025-07-12,CUST0161,Office Supplies,Printer,1.0,0.0,14000.0,2800.0,Cash on Delivery,Delivered,Profit
ORD04566,2025-12-28,CUST0392,Electronics,Keyboard,1.0,0.05,2375.0,733.8,UPI,Delivered,Profit
ORD04567,2025-08-17,CUST0415,Office Supplies,Paper,2.0,0.0,900.0,-226.6,UPI,Returned,Loss
ORD04568,2025-07-24,CUST0219,Electronics,Laptop,1.0,0.1,49500.0,6486.2,NetBanking,Delivered,Profit
ORD04569,2025-11-18,CUST0229,Furniture,Office Chair,5.0,0.2,36000.0,6614.13,UPI,Delivered,Profit
ORD04570,2026-01-10,CUST0380,Electronics,Monitor,1.0,0.1,16200.0,2009.43,Card,Shipped,Profit
ORD04571,2025-08-09,CUST0144,Furniture,Desk,2.0,0.1,27000.0,-3336.49,NetBanking,Returned,Loss
ORD04572,2026-02-25,CUST0019,Office Supplies,Paper,2.0,0.2,720.0,138.02,NetBanking,Delivered,Profit
ORD04573,2026-05-28,CUST0208,Office Supplies,Stapler,2.0,0.1,630.0,191.87,Card,Delivered,Profit
ORD04574,2026-08-16,CUST0119,Office Supplies,Printer,2.0,0.2,22400.0,1681.21,UPI,Shipped,Profit
ORD04575,2026-08-17,CUST0393,Furniture,Bookshelf,2.0,0.0,22000.0,5200.0,Card,Shipped,Profit
ORD04576,2026-01-04,CUST0507,Electronics,Keyboard,1.0,0.1,2250.0,672.35,Card,Delivered,Profit
ORD04577,2025-10-14,CUST0420,Furniture,Cabinet,1.0,0.1,11700.0,2234.64,UPI,Delivered,Profit
ORD04578,2026-04-17,CUST0204,Accessories,Mouse,2.0,0.2,2240.0,556.72,UPI,Delivered,Profit
ORD04579,2026-06-05,CUST0103,Furniture,Cabinet,10.0,0.1,117000.0,23796.99,Card,Delivered,Profit
ORD04580,2026-04-26,CUST0455,Office Supplies,Desk Organizer,1.0,0.05,855.0,254.39,UPI,Delivered,Profit
ORD04581,2026-01-17,CUST0495,Electronics,Headphones,1.0,0.0,4500.0,1500.0,Cash on Delivery,Delivered,Profit
ORD04582,2026-04-17,CUST0100,Furniture,Desk,2.0,0.15,25500.0,3555.75,UPI,Delivered,Profit
ORD04583,2025-08-12,CUST0186,Electronics,Monitor,2.0,0.1,32400.0,-11289.39,UPI,Cancelled,Loss
ORD04584,2026-07-14,CUST0107,Electronics,Keyboard,3.0,0.15,6375.0,1767.38,Card,Delivered,Profit
ORD04585,2025-07-05,CUST0191,Accessories,Usb Hub,4.0,0.1,6480.0,2049.3,Cash on Delivery,Delivered,Profit
ORD04586,2025-11-03,CUST0067,Office Supplies,Printer,2.0,0.0,28000.0,5600.0,Card,Delivered,Profit
ORD04587,2025-10-24,CUST0449,Accessories,Webcam,1.0,0.0,4200.0,1200.0,NetBanking,Delivered,Profit
ORD04588,2025-11-25,CUST0475,Accessories,Mouse,4.0,0.1,5040.0,1619.94,NetBanking,Shipped,Profit
ORD04589,2026-01-16,CUST0574,Accessories,Webcam,1.0,0.0,4200.0,1200.0,NetBanking,Delivered,Profit
ORD04590,2025-07-25,CUST0248,Furniture,Bookshelf,1.0,0.0,11000.0,2600.0,UPI,Delivered,Profit
ORD04591,2025-07-28,CUST0487,Office Supplies,Paper,1.0,0.1,405.0,79.43,NetBanking,Delivered,Profit
ORD04592,2026-08-10,CUST0448,Office Supplies,Paper,3.0,0.05,1282.5,278.74,NetBanking,Delivered,Profit
ORD04593,2025-09-20,CUST0489,Electronics,Headphones,5.0,0.1,20250.0,-5231.15,Cash on Delivery,Cancelled,Loss
ORD04594,2025-12-25,CUST0402,Electronics,Headphones,2.0,0.1,8100.0,2391.87,UPI,Shipped,Profit
ORD04595,2025-07-07,CUST0059,Furniture,Cabinet,2.0,0.2,20800.0,3340.9,Cash on Delivery,Delivered,Profit
ORD04596,2026-02-23,CUST0468,Furniture,Desk,2.0,0.2,24000.0,2933.44,UPI,Delivered,Profit
ORD04597,2025-08-07,CUST0335,Electronics,Laptop,4.0,0.15,187000.0,8901.32,UPI,Delivered,Profit
ORD04598,2026-01-28,CUST0362,Furniture,Cabinet,1.0,0.0,13000.0,3200.0,Card,Delivered,Profit
ORD04599,2025-10-30,CUST0170,Office Supplies,Desk Organizer,4.0,0.0,3600.0,1120.0,UPI,Delivered,Profit
ORD04600,2026-06-14,CUST0070,Furniture,Office Chair,2.0,0.1,16200.0,3721.64,UPI,Delivered,Profit
ORD04601,2025-10-03,CUST0203,Office Supplies,Stapler,1.0,0.05,332.5,111.39,Cash on Delivery,Delivered,Profit
ORD04602,2026-04-09,CUST0200,Office Supplies,Stapler,2.0,0.2,560.0,-79.13,NetBanking,Returned,Loss
ORD04603,2025-12-25,CUST0343,Office Supplies,Printer,1.0,0.0,14000.0,2800.0,Cash on Delivery,Delivered,Profit
ORD04604,2025-10-23,CUST0461,Electronics,Keyboard,2.0,0.05,4750.0,-1282.69,UPI,Cancelled,Loss
ORD04605,2026-01-30,CUST0513,Furniture,Office Chair,2.0,0.1,16200.0,3089.67,NetBanking,Delivered,Profit
ORD04606,2025-09-27,CUST0476,Accessories,Backpack,2.0,0.1,3960.0,1170.75,Card,Delivered,Profit
ORD04607,2026-08-28,CUST0128,Office Supplies,Printer,1.0,0.0,14000.0,2800.0,Card,Delivered,Profit
ORD04608,2025-10-14,CUST0416,Office Supplies,Paper,2.0,0.15,765.0,157.6,Cash on Delivery,Delivered,Profit
ORD04609,2026-06-29,CUST0405,Furniture,Bookshelf,3.0,0.05,31350.0,6589.48,NetBanking,Delivered,Profit
ORD04610,2025-11-24,CUST0328,Accessories,Webcam,5.0,0.1,18900.0,4815.24,Cash on Delivery,Delivered,Profit
ORD04611,2026-02-23,CUST0215,Electronics,Headphones,10.0,0.05,42750.0,-14062.9,Card,Cancelled,Loss
ORD04612,2026-08-05,CUST0128,Electronics,Monitor,6.0,0.0,108000.0,21000.0,Cash on Delivery,Delivered,Profit
ORD04613,2025-07-26,CUST0231,Office Supplies,Paper,6.0,0.1,2430.0,-1111.66,Card,Cancelled,Loss
ORD04614,2025-10-22,CUST0422,Electronics,Laptop,1.0,0.3,38500.0,786.96,NetBanking,Delivered,Profit
ORD04615,2025-07-21,CUST0005,Furniture,Cabinet,1.0,0.0,13000.0,3200.0,NetBanking,Delivered,Profit
ORD04616,2025-09-14,CUST0513,Electronics,Laptop,1.0,0.1,49500.0,4637.23,UPI,Delivered,Profit
ORD04617,2026-07-16,CUST0194,Office Supplies,Printer,5.0,0.0,70000.0,14000.0,UPI,Shipped,Profit
ORD04618,2026-05-12,CUST0024,Electronics,Keyboard,1.0,0.1,2250.0,631.52,Card,Delivered,Profit
ORD04619,2025-11-04,CUST0412,Electronics,Headphones,1.0,0.2,3600.0,880.22,NetBanking,Delivered,Profit
ORD04620,2026-07-14,CUST0105,Office Supplies,Printer,1.0,0.1,12600.0,1724.59,Card,Delivered,Profit
ORD04621,2026-01-14,CUST0215,Electronics,Keyboard,1.0,0.05,2375.0,724.84,UPI,Delivered,Profit
ORD04622,2026-07-25,CUST0298,Office Supplies,Paper,1.0,0.2,360.0,49.53,Card,Delivered,Profit
ORD04623,2025-09-06,CUST0278,Furniture,Bookshelf,1.0,0.0,11000.0,2600.0,Card,Delivered,Profit
ORD04624,2025-07-25,CUST0571,Accessories,Usb Hub,1.0,0.15,1530.0,439.56,UPI,Delivered,Profit
ORD04625,2025-07-14,CUST0061,Furniture,Cabinet,1.0,0.05,12350.0,2829.04,Cash on Delivery,Delivered,Profit
ORD04626,2026-03-09,CUST0568,Furniture,Bookshelf,1.0,0.15,9350.0,1403.89,NetBanking,Shipped,Profit
ORD04627,2025-12-14,CUST0594,Furniture,Desk,1.0,0.0,15000.0,3500.0,UPI,Delivered,Profit
ORD04628,2025-11-05,CUST0516,Accessories,Mouse,4.0,0.1,5040.0,1624.88,Cash on Delivery,Delivered,Profit
ORD04629,2025-12-12,CUST0061,Electronics,Monitor,2.0,0.05,34200.0,5755.18,NetBanking,Delivered,Profit
ORD04630,2025-11-27,CUST0398,Office Supplies,Printer,5.0,0.1,63000.0,10258.81,UPI,Shipped,Profit
ORD04631,2026-01-24,CUST0164,Office Supplies,Stapler,2.0,0.1,630.0,188.2,NetBanking,Delivered,Profit
ORD04632,2026-05-07,CUST0217,Office Supplies,Printer,2.0,0.0,28000.0,5600.0,NetBanking,Delivered,Profit
ORD04633,2025-07-18,CUST0023,Office Supplies,Paper,4.0,0.0,1800.0,440.0,Cash on Delivery,Delivered,Profit
ORD04634,2026-05-16,CUST0585,Office Supplies,Printer,6.0,0.1,75600.0,12921.89,NetBanking,Shipped,Profit
ORD04635,2026-06-18,CUST0291,Electronics,Laptop,15.0,0.05,783750.0,102017.21,UPI,Delivered,Profit
ORD04636,2026-06-20,CUST0130,Furniture,Desk,3.0,0.2,36000.0,4044.01,Cash on Delivery,Delivered,Profit
ORD04637,2026-05-20,CUST0396,Electronics,Keyboard,5.0,0.1,11250.0,3224.39,Cash on Delivery,Delivered,Profit
ORD04638,2025-09-18,CUST0102,Accessories,Usb Hub,3.0,0.0,5400.0,1950.0,UPI,Delivered,Profit
ORD04639,2025-10-12,CUST0560,Accessories,Usb Hub,4.0,0.2,5760.0,1710.33,UPI,Delivered,Profit
ORD04640,2026-07-20,CUST0375,Electronics,Monitor,4.0,0.15,61200.0,5860.71,Cash on Delivery,Delivered,Profit
ORD04641,2025-07-19,CUST0438,Furniture,Bookshelf,2.0,0.0,22000.0,-2534.83,NetBanking,Returned,Loss
ORD04642,2025-08-18,CUST0295,Electronics,Headphones,1.0,0.05,4275.0,1392.45,Cash on Delivery,Delivered,Profit
ORD04643,2025-08-22,CUST0457,Office Supplies,Desk Organizer,2.0,0.05,1710.0,512.37,UPI,Delivered,Profit
ORD04644,2026-08-01,CUST0283,Electronics,Laptop,2.0,0.05,104500.0,14388.27,Card,Delivered,Profit
ORD04645,2025-07-07,CUST0331,Accessories,Usb Hub,1.0,0.2,1440.0,474.46,NetBanking,Delivered,Profit
ORD04646,2026-05-25,CUST0271,Furniture,Desk,3.0,0.1,40500.0,7567.37,UPI,Delivered,Profit
ORD04647,2026-06-18,CUST0110,Accessories,Backpack,1.0,0.15,1870.0,479.58,UPI,Shipped,Profit
ORD04648,2025-11-28,CUST0351,Electronics,Monitor,5.0,0.0,90000.0,17500.0,UPI,Delivered,Profit
ORD04649,2026-04-17,CUST0460,Furniture,Cabinet,2.0,0.0,26000.0,6400.0,Card,Delivered,Profit
ORD04650,2025-09-23,CUST0121,Furniture,Desk,1.0,0.1,13500.0,2762.05,Card,Shipped,Profit
ORD04651,2025-08-23,CUST0224,Furniture,Bookshelf,1.0,0.0,11000.0,2600.0,NetBanking,Delivered,Profit
ORD04652,2026-02-24,CUST0193,Electronics,Monitor,2.0,0.1,32400.0,4166.69,NetBanking,Delivered,Profit
ORD04653,2026-03-04,CUST0561,Accessories,Backpack,15.0,0.05,31350.0,10162.78,Cash on Delivery,Delivered,Profit
ORD04654,2025-10-27,CUST0367,Office Supplies,Stapler,3.0,0.05,997.5,322.01,NetBanking,Shipped,Profit
ORD04655,2026-05-23,CUST0265,Furniture,Desk,2.0,0.1,27000.0,4476.2,UPI,Delivered,Profit
ORD04656,2026-03-26,CUST0314,Accessories,Usb Hub,2.0,0.0,3600.0,1300.0,Cash on Delivery,Delivered,Profit
ORD04657,2026-07-30,CUST0598,Electronics,Keyboard,2.0,0.1,4500.0,-1384.72,Card,Cancelled,Loss
ORD04658,2025-10-17,CUST0229,Office Supplies,Printer,5.0,0.0,70000.0,14000.0,UPI,Delivered,Profit
ORD04659,2026-08-21,CUST0125,Office Supplies,Paper,1.0,0.2,360.0,-138.68,UPI,Returned,Loss
ORD04660,2026-01-01,CUST0460,Furniture,Cabinet,2.0,0.0,26000.0,6400.0,NetBanking,Delivered,Profit
ORD04661,2026-07-03,CUST0579,Accessories,Usb Hub,6.0,0.05,10260.0,3604.24,Card,Delivered,Profit
ORD04662,2026-07-09,CUST0360,Electronics,Monitor,3.0,0.0,54000.0,10500.0,NetBanking,Delivered,Profit
ORD04663,2026-06-23,CUST0531,Furniture,Desk,5.0,0.15,63750.0,9695.44,NetBanking,Delivered,Profit
ORD04664,2026-05-19,CUST0021,Accessories,Mouse,2.0,0.05,2660.0,925.38,Card,Delivered,Profit
ORD04665,2025-09-22,CUST0537,Furniture,Office Chair,2.0,0.1,16200.0,3599.76,NetBanking,Delivered,Profit
ORD04666,2026-03-12,CUST0343,Accessories,Mouse,2.0,0.15,2380.0,776.43,Cash on Delivery,Delivered,Profit
ORD04667,2026-05-10,CUST0212,Office Supplies,Paper,1.0,0.1,405.0,82.05,UPI,Delivered,Profit
ORD04668,2026-04-06,CUST0440,Electronics,Keyboard,5.0,0.2,10000.0,2365.56,Cash on Delivery,Delivered,Profit
ORD04669,2026-04-03,CUST0461,Office Supplies,Printer,2.0,0.1,25200.0,3941.61,NetBanking,Delivered,Profit
ORD04670,2025-09-23,CUST0265,Office Supplies,Stapler,1.0,0.0,350.0,120.0,Card,Delivered,Profit
ORD04671,2025-10-03,CUST0214,Electronics,Keyboard,1.0,0.0,2500.0,800.0,NetBanking,Delivered,Profit
ORD04672,2026-01-08,CUST0112,Office Supplies,Desk Organizer,1.0,0.0,900.0,280.0,NetBanking,Delivered,Profit
ORD04673,2026-01-11,CUST0572,Electronics,Monitor,15.0,0.05,256500.0,44841.82,Card,Delivered,Profit
ORD04674,2025-11-18,CUST0056,Office Supplies,Stapler,4.0,0.2,1120.0,338.22,Card,Delivered,Profit
ORD04675,2026-04-30,CUST0083,Accessories,Backpack,2.0,0.15,3740.0,987.36,Cash on Delivery,Delivered,Profit
ORD04676,2026-08-31,CUST0302,Electronics,Laptop,2.0,0.2,88000.0,6418.2,Cash on Delivery,Delivered,Profit
ORD04677,2026-03-18,CUST0355,Office Supplies,Desk Organizer,3.0,0.2,2160.0,445.16,Card,Delivered,Profit
ORD04678,2026-04-13,CUST0415,Office Supplies,Paper,4.0,0.15,1530.0,303.48,Cash on Delivery,Delivered,Profit
ORD04679,2026-02-11,CUST0012,Electronics,Monitor,2.0,0.15,30600.0,4457.79,UPI,Delivered,Profit
ORD04680,2026-08-25,CUST0244,Electronics,Monitor,1.0,0.15,15300.0,1630.69,UPI,Delivered,Profit
ORD04681,2025-12-14,CUST0565,Furniture,Cabinet,1.0,0.1,11700.0,2154.06,Cash on Delivery,Delivered,Profit
ORD04682,2025-10-12,CUST0276,Office Supplies,Desk Organizer,2.0,0.05,1710.0,502.71,Card,Delivered,Profit
ORD04683,2026-06-29,CUST0516,Electronics,Laptop,4.0,0.05,209000.0,30371.17,NetBanking,Delivered,Profit
ORD04684,2026-03-24,CUST0552,Accessories,Backpack,3.0,0.1,5940.0,-2339.94,Card,Returned,Loss
ORD04685,2025-11-27,CUST0173,Office Supplies,Paper,1.0,0.1,405.0,88.35,Card,Shipped,Profit
ORD04686,2026-01-01,CUST0100,Accessories,Usb Hub,2.0,0.0,3600.0,1300.0,Card,Delivered,Profit
ORD04687,2025-08-05,CUST0213,Office Supplies,Desk Organizer,3.0,0.3,1890.0,277.22,UPI,Delivered,Profit
ORD04688,2026-07-04,CUST0354,Accessories,Backpack,4.0,0.15,7480.0,2151.04,UPI,Delivered,Profit
ORD04689,2026-01-21,CUST0315,Electronics,Keyboard,2.0,0.15,4250.0,1258.62,NetBanking,Delivered,Profit
ORD04690,2026-03-20,CUST0516,Accessories,Webcam,5.0,0.2,16800.0,3173.61,Card,Delivered,Profit
ORD04691,2026-05-26,CUST0246,Office Supplies,Paper,3.0,0.0,1350.0,330.0,UPI,Delivered,Profit
ORD04692,2025-09-03,CUST0553,Electronics,Keyboard,2.0,0.05,4750.0,1470.63,UPI,Delivered,Profit
ORD04693,2026-03-06,CUST0426,Furniture,Cabinet,15.0,0.2,156000.0,23310.62,Card,Delivered,Profit
ORD04694,2026-01-22,CUST0483,Accessories,Backpack,4.0,0.15,7480.0,2355.4,Card,Delivered,Profit
ORD04695,2026-04-02,CUST0396,Office Supplies,Stapler,2.0,0.1,630.0,193.35,NetBanking,Delivered,Profit
ORD04696,2026-02-23,CUST0413,Office Supplies,Stapler,3.0,0.0,1050.0,360.0,NetBanking,Delivered,Profit
ORD04697,2026-07-20,CUST0214,Electronics,Headphones,2.0,0.05,8550.0,2660.64,Cash on Delivery,Delivered,Profit
ORD04698,2026-07-30,CUST0489,Office Supplies,Paper,2.0,0.15,765.0,116.96,UPI,Delivered,Profit
ORD04699,2025-07-13,CUST0556,Accessories,Backpack,1.0,0.05,2090.0,674.73,UPI,Delivered,Profit
ORD04700,2025-12-03,CUST0358,Furniture,Bookshelf,1.0,0.0,11000.0,-5499.65,Cash on Delivery,Cancelled,Loss
ORD04701,2025-07-11,CUST0034,Office Supplies,Printer,2.0,0.1,25200.0,3510.84,Cash on Delivery,Shipped,Profit
ORD04702,2026-05-23,CUST0595,Office Supplies,Desk Organizer,1.0,0.0,900.0,280.0,Cash on Delivery,Delivered,Profit
ORD04703,2026-01-27,CUST0586,Office Supplies,Paper,5.0,0.0,2250.0,-1106.02,UPI,Returned,Loss
ORD04704,2026-02-26,CUST0113,Furniture,Bookshelf,2.0,0.15,18700.0,2587.32,UPI,Delivered,Profit
ORD04705,2025-12-12,CUST0573,Furniture,Cabinet,4.0,0.0,52000.0,12800.0,UPI,Delivered,Profit
ORD04706,2026-06-24,CUST0155,Electronics,Keyboard,2.0,0.1,4500.0,1369.42,NetBanking,Delivered,Profit
ORD04707,2025-10-01,CUST0111,Office Supplies,Paper,4.0,0.15,1530.0,-595.76,UPI,Cancelled,Loss
ORD04708,2026-08-16,CUST0560,Furniture,Desk,5.0,0.0,75000.0,17500.0,Card,Delivered,Profit
ORD04709,2026-05-24,CUST0537,Office Supplies,Paper,2.0,0.2,720.0,69.68,UPI,Delivered,Profit
ORD04710,2025-09-17,CUST0169,Electronics,Keyboard,2.0,0.0,5000.0,1600.0,UPI,Shipped,Profit
ORD04711,2025-09-25,CUST0551,Office Supplies,Stapler,6.0,0.2,1680.0,443.56,UPI,Delivered,Profit
ORD04712,2026-05-09,CUST0312,Furniture,Office Chair,1.0,0.2,7200.0,962.81,UPI,Delivered,Profit
ORD04713,2025-12-05,CUST0483,Electronics,Laptop,2.0,0.0,110000.0,18000.0,NetBanking,Delivered,Profit
ORD04714,2026-02-11,CUST0577,Office Supplies,Paper,1.0,0.1,405.0,88.37,Cash on Delivery,Delivered,Profit
ORD04715,2025-10-17,CUST0462,Office Supplies,Stapler,5.0,0.05,1662.5,-411.5,NetBanking,Cancelled,Loss
ORD04716,2026-05-27,CUST0166,Furniture,Cabinet,3.0,0.15,33150.0,6627.04,NetBanking,Delivered,Profit
ORD04717,2026-08-28,CUST0116,Furniture,Office Chair,2.0,0.15,15300.0,2709.33,Cash on Delivery,Delivered,Profit
ORD04718,2025-12-07,CUST0408,Electronics,Laptop,1.0,0.15,46750.0,4434.31,NetBanking,Delivered,Profit
ORD04719,2026-04-06,CUST0214,Office Supplies,Printer,1.0,0.05,13300.0,2253.14,Card,Delivered,Profit
ORD04720,2025-07-24,CUST0299,Electronics,Keyboard,1.0,0.1,2250.0,-737.32,UPI,Cancelled,Loss
ORD04721,2026-03-16,CUST0252,Furniture,Office Chair,1.0,0.1,8100.0,1740.54,NetBanking,Shipped,Profit
ORD04722,2025-10-21,CUST0305,Electronics,Monitor,2.0,0.2,28800.0,3346.05,Card,Delivered,Profit
ORD04723,2026-05-16,CUST0077,Electronics,Headphones,4.0,0.0,18000.0,6000.0,NetBanking,Delivered,Profit
ORD04724,2026-07-11,CUST0100,Furniture,Office Chair,10.0,0.0,90000.0,23000.0,UPI,Delivered,Profit
ORD04725,2026-04-07,CUST0250,Accessories,Webcam,4.0,0.1,15120.0,3692.11,UPI,Delivered,Profit
ORD04726,2026-02-15,CUST0193,Office Supplies,Stapler,4.0,0.1,1260.0,410.11,Cash on Delivery,Delivered,Profit
ORD04727,2026-01-15,CUST0399,Electronics,Headphones,3.0,0.1,12150.0,3598.58,Card,Delivered,Profit
ORD04728,2025-08-29,CUST0396,Accessories,Usb Hub,4.0,0.05,6840.0,2388.08,NetBanking,Shipped,Profit
ORD04729,2025-12-05,CUST0374,Office Supplies,Printer,5.0,0.2,56000.0,-31911.65,Card,Cancelled,Loss
ORD04730,2026-02-04,CUST0491,Accessories,Usb Hub,2.0,0.0,3600.0,1300.0,Cash on Delivery,Delivered,Profit
ORD04731,2026-03-26,CUST0449,Electronics,Monitor,2.0,0.0,36000.0,7000.0,NetBanking,Delivered,Profit
ORD04732,2025-11-10,CUST0152,Electronics,Headphones,5.0,0.0,22500.0,7500.0,Cash on Delivery,Delivered,Profit
ORD04733,2026-04-18,CUST0454,Electronics,Monitor,1.0,0.0,18000.0,3500.0,UPI,Delivered,Profit
ORD04734,2025-12-18,CUST0088,Furniture,Bookshelf,1.0,0.0,11000.0,2600.0,NetBanking,Delivered,Profit
ORD04735,2025-11-22,CUST0444,Electronics,Monitor,1.0,0.1,16200.0,2547.01,Card,Delivered,Profit
ORD04736,2026-08-27,CUST0486,Accessories,Backpack,2.0,0.05,4180.0,1361.02,UPI,Shipped,Profit
ORD04737,2025-07-16,CUST0459,Electronics,Laptop,3.0,0.0,165000.0,27000.0,Cash on Delivery,Delivered,Profit
ORD04738,2025-09-27,CUST0170,Furniture,Office Chair,1.0,0.0,9000.0,2300.0,Card,Delivered,Profit
ORD04739,2026-05-02,CUST0447,Electronics,Monitor,2.0,0.1,32400.0,-20590.85,Card,Returned,Loss
ORD04740,2026-04-19,CUST0120,Accessories,Webcam,4.0,0.1,15120.0,3593.46,NetBanking,Delivered,Profit
ORD04741,2026-05-14,CUST0281,Accessories,Backpack,5.0,0.1,9900.0,3114.52,NetBanking,Shipped,Profit
ORD04742,2026-08-15,CUST0148,Office Supplies,Paper,3.0,0.05,1282.5,298.8,UPI,Delivered,Profit
ORD04743,2025-09-20,CUST0368,Furniture,Bookshelf,2.0,0.05,20900.0,4405.84,UPI,Delivered,Profit
ORD04744,2025-11-06,CUST0235,Accessories,Mouse,5.0,0.2,5600.0,1711.97,NetBanking,Delivered,Profit
ORD04745,2026-04-14,CUST0114,Accessories,Usb Hub,3.0,0.0,5400.0,1950.0,Cash on Delivery,Delivered,Profit
ORD04746,2026-07-22,CUST0052,Accessories,Backpack,5.0,0.15,9350.0,2606.48,Card,Delivered,Profit
ORD04747,2025-08-21,CUST0008,Office Supplies,Paper,2.0,0.15,765.0,157.67,NetBanking,Delivered,Profit
ORD04748,2025-10-27,CUST0284,Office Supplies,Desk Organizer,2.0,0.1,1620.0,444.04,NetBanking,Delivered,Profit
ORD04749,2026-08-31,CUST0503,Accessories,Webcam,6.0,0.1,22680.0,6002.9,Card,Delivered,Profit
ORD04750,2026-05-16,CUST0303,Electronics,Keyboard,4.0,0.1,9000.0,2354.65,Card,Delivered,Profit
ORD04751,2026-08-28,CUST0315,Electronics,Headphones,2.0,0.2,7200.0,1680.46,Cash on Delivery,Delivered,Profit
ORD04752,2026-05-14,CUST0095,Electronics,Monitor,5.0,0.1,81000.0,11925.16,NetBanking,Shipped,Profit
ORD04753,2026-02-26,CUST0516,Office Supplies,Printer,3.0,0.1,37800.0,5533.68,Card,Delivered,Profit
ORD04754,2025-09-08,CUST0568,Office Supplies,Paper,4.0,0.0,1800.0,440.0,Cash on Delivery,Delivered,Profit
ORD04755,2025-09-03,CUST0089,Furniture,Bookshelf,5.0,0.05,52250.0,11168.86,Cash on Delivery,Shipped,Profit
ORD04756,2026-08-06,CUST0434,Office Supplies,Paper,2.0,0.1,810.0,155.17,Cash on Delivery,Delivered,Profit
ORD04757,2026-07-31,CUST0256,Furniture,Bookshelf,1.0,0.1,9900.0,1849.04,NetBanking,Delivered,Profit
ORD04758,2026-06-06,CUST0543,Office Supplies,Stapler,1.0,0.05,332.5,105.64,UPI,Shipped,Profit
ORD04759,2026-05-25,CUST0017,Furniture,Bookshelf,10.0,0.05,104500.0,-21283.74,NetBanking,Returned,Loss
ORD04760,2026-07-15,CUST0588,Accessories,Backpack,3.0,0.0,6600.0,2250.0,UPI,Delivered,Profit
ORD04761,2026-01-31,CUST0298,Office Supplies,Stapler,1.0,0.0,350.0,-38.79,Card,Returned,Loss
ORD04762,2025-10-13,CUST0049,Office Supplies,Desk Organizer,3.0,0.0,2700.0,840.0,NetBanking,Delivered,Profit
ORD04763,2025-12-26,CUST0007,Furniture,Office Chair,3.0,0.0,27000.0,6900.0,NetBanking,Delivered,Profit
ORD04764,2026-02-28,CUST0517,Office Supplies,Printer,4.0,0.05,53200.0,8866.88,UPI,Delivered,Profit
ORD04765,2025-08-13,CUST0121,Furniture,Cabinet,4.0,0.0,52000.0,-21028.84,UPI,Cancelled,Loss
ORD04766,2025-10-06,CUST0163,Office Supplies,Printer,4.0,0.05,53200.0,8867.49,UPI,Delivered,Profit
ORD04767,2026-04-03,CUST0573,Office Supplies,Paper,4.0,0.05,1710.0,368.68,Cash on Delivery,Shipped,Profit
ORD04768,2025-11-27,CUST0167,Accessories,Webcam,2.0,0.1,7560.0,-2878.85,Cash on Delivery,Returned,Loss
ORD04769,2025-07-24,CUST0267,Accessories,Usb Hub,1.0,0.3,1260.0,332.16,UPI,Delivered,Profit
ORD04770,2025-09-12,CUST0139,Electronics,Laptop,15.0,0.1,742500.0,94791.6,NetBanking,Delivered,Profit
ORD04771,2025-07-06,CUST0279,Accessories,Webcam,4.0,0.1,15120.0,3444.96,UPI,Delivered,Profit
ORD04772,2025-09-27,CUST0565,Electronics,Keyboard,2.0,0.0,5000.0,1600.0,Cash on Delivery,Delivered,Profit
ORD04773,2026-04-26,CUST0509,Furniture,Desk,1.0,0.1,13500.0,2485.26,Card,Delivered,Profit
ORD04774,2025-08-26,CUST0273,Furniture,Bookshelf,2.0,0.15,18700.0,3526.19,Cash on Delivery,Delivered,Profit
ORD04775,2026-01-28,CUST0202,Furniture,Desk,3.0,0.0,45000.0,10500.0,NetBanking,Delivered,Profit
ORD04776,2026-05-02,CUST0175,Furniture,Bookshelf,4.0,0.15,37400.0,6442.75,UPI,Delivered,Profit
ORD04777,2026-05-10,CUST0185,Office Supplies,Desk Organizer,2.0,0.05,1710.0,497.36,Card,Delivered,Profit
ORD04778,2025-12-03,CUST0531,Electronics,Laptop,3.0,0.15,140250.0,15538.61,Card,Delivered,Profit
ORD04779,2026-05-14,CUST0490,Accessories,Mouse,3.0,0.1,3780.0,1309.19,Card,Shipped,Profit
ORD04780,2025-10-30,CUST0562,Furniture,Bookshelf,1.0,0.1,9900.0,1927.5,UPI,Shipped,Profit
ORD04781,2026-08-11,CUST0439,Office Supplies,Desk Organizer,1.0,0.15,765.0,189.8,Card,Delivered,Profit
ORD04782,2025-07-26,CUST0015,Furniture,Desk,2.0,0.2,24000.0,3840.51,NetBanking,Delivered,Profit
ORD04783,2025-12-01,CUST0209,Electronics,Laptop,1.0,0.0,55000.0,9000.0,Cash on Delivery,Delivered,Profit
ORD04784,2026-03-31,CUST0242,Accessories,Mouse,4.0,0.0,5600.0,2000.0,Card,Delivered,Profit
ORD04785,2025-11-23,CUST0021,Office Supplies,Stapler,1.0,0.05,332.5,111.12,NetBanking,Delivered,Profit
ORD04786,2026-04-07,CUST0312,Furniture,Bookshelf,1.0,0.15,9350.0,1466.76,NetBanking,Delivered,Profit
ORD04787,2026-06-29,CUST0113,Electronics,Laptop,2.0,0.15,93500.0,7090.95,NetBanking,Delivered,Profit
ORD04788,2025-10-08,CUST0441,Furniture,Desk,2.0,0.15,25500.0,4739.11,Cash on Delivery,Delivered,Profit
ORD04789,2025-11-27,CUST0463,Electronics,Monitor,2.0,0.1,32400.0,-5204.92,Cash on Delivery,Returned,Loss
ORD04790,2025-10-17,CUST0015,Accessories,Mouse,2.0,0.05,2660.0,901.98,Card,Delivered,Profit
ORD04791,2026-08-19,CUST0106,Office Supplies,Paper,1.0,0.1,405.0,84.67,UPI,Delivered,Profit
ORD04792,2026-05-18,CUST0304,Furniture,Bookshelf,3.0,0.15,28050.0,3946.63,Card,Delivered,Profit
ORD04793,2026-06-08,CUST0562,Furniture,Bookshelf,1.0,0.15,9350.0,1808.52,UPI,Delivered,Profit
ORD04794,2025-12-18,CUST0155,Electronics,Monitor,2.0,0.05,34200.0,5844.84,Cash on Delivery,Delivered,Profit
ORD04795,2026-01-08,CUST0443,Office Supplies,Stapler,1.0,0.15,297.5,76.47,UPI,Shipped,Profit
ORD04796,2026-02-04,CUST0469,Furniture,Office Chair,3.0,0.15,22950.0,3724.86,NetBanking,Delivered,Profit
ORD04797,2025-08-16,CUST0160,Furniture,Cabinet,5.0,0.15,55250.0,9078.69,UPI,Delivered,Profit
ORD04798,2026-02-03,CUST0015,Office Supplies,Stapler,1.0,0.05,332.5,107.03,NetBanking,Delivered,Profit
ORD04799,2025-11-28,CUST0400,Accessories,Usb Hub,5.0,0.2,7200.0,-858.99,Cash on Delivery,Returned,Loss
ORD04800,2026-07-23,CUST0061,Furniture,Cabinet,4.0,0.15,44200.0,7504.87,Cash on Delivery,Delivered,Profit
ORD04801,2025-11-02,CUST0166,Furniture,Bookshelf,2.0,0.3,15400.0,2094.0,Cash on Delivery,Delivered,Profit
ORD04802,2026-07-14,CUST0183,Furniture,Office Chair,6.0,0.15,45900.0,8567.84,UPI,Delivered,Profit
ORD04803,2025-11-24,CUST0537,Office Supplies,Desk Organizer,1.0,0.0,900.0,-422.37,Cash on Delivery,Cancelled,Loss
ORD04804,2026-06-03,CUST0088,Office Supplies,Paper,1.0,0.0,450.0,110.0,Cash on Delivery,Delivered,Profit
ORD04805,2026-02-23,CUST0075,Accessories,Webcam,1.0,0.05,3990.0,1096.38,Card,Shipped,Profit
ORD04806,2026-06-10,CUST0528,Electronics,Keyboard,3.0,0.05,7125.0,2173.73,NetBanking,Delivered,Profit
ORD04807,2025-09-24,CUST0363,Accessories,Webcam,2.0,0.15,7140.0,1453.5,UPI,Delivered,Profit
ORD04808,2025-10-24,CUST0267,Accessories,Usb Hub,5.0,0.15,7650.0,2331.93,Card,Delivered,Profit
ORD04809,2026-08-27,CUST0493,Accessories,Mouse,1.0,0.3,980.0,301.01,UPI,Delivered,Profit
ORD04810,2026-01-12,CUST0398,Accessories,Webcam,5.0,0.05,19950.0,5492.33,Cash on Delivery,Delivered,Profit
ORD04811,2026-04-20,CUST0251,Electronics,Laptop,1.0,0.15,46750.0,2023.14,Cash on Delivery,Delivered,Profit
ORD04812,2026-02-11,CUST0335,Furniture,Office Chair,1.0,0.1,8100.0,1581.37,Card,Shipped,Profit
ORD04813,2026-01-24,CUST0529,Electronics,Monitor,2.0,0.1,32400.0,5353.14,UPI,Delivered,Profit
ORD04814,2026-01-28,CUST0325,Electronics,Headphones,2.0,0.0,9000.0,3000.0,UPI,Delivered,Profit
ORD04815,2025-09-08,CUST0557,Furniture,Bookshelf,2.0,0.1,19800.0,4028.04,Cash on Delivery,Delivered,Profit
ORD04816,2026-01-16,CUST0291,Accessories,Backpack,1.0,0.05,2090.0,681.11,NetBanking,Delivered,Profit
ORD04817,2025-11-26,CUST0045,Electronics,Headphones,1.0,0.0,4500.0,1500.0,Card,Delivered,Profit
ORD04818,2026-06-22,CUST0017,Electronics,Monitor,1.0,0.3,12600.0,-1029.7,Card,Shipped,Loss
ORD04819,2026-01-18,CUST0386,Accessories,Webcam,3.0,0.05,11970.0,3202.59,Card,Delivered,Profit
ORD04820,2026-08-21,CUST0324,Accessories,Webcam,1.0,0.1,3780.0,879.08,NetBanking,Delivered,Profit
ORD04821,2025-11-29,CUST0210,Furniture,Office Chair,2.0,0.0,18000.0,4600.0,Card,Delivered,Profit
ORD04822,2026-07-25,CUST0268,Electronics,Keyboard,1.0,0.05,2375.0,-941.2,UPI,Cancelled,Loss
ORD04823,2025-08-07,CUST0009,Electronics,Keyboard,5.0,0.05,11875.0,3630.39,Card,Delivered,Profit
ORD04824,2026-07-18,CUST0021,Accessories,Webcam,1.0,0.05,3990.0,1022.48,Card,Delivered,Profit
ORD04825,2025-08-28,CUST0319,Electronics,Monitor,2.0,0.0,36000.0,-9825.01,NetBanking,Cancelled,Loss
ORD04826,2026-03-24,CUST0440,Electronics,Keyboard,3.0,0.1,6750.0,1992.79,Cash on Delivery,Delivered,Profit
ORD04827,2025-10-04,CUST0413,Electronics,Monitor,5.0,0.15,76500.0,9649.16,Cash on Delivery,Shipped,Profit
ORD04828,2026-04-05,CUST0509,Accessories,Mouse,1.0,0.0,1400.0,500.0,UPI,Delivered,Profit
ORD04829,2026-05-01,CUST0106,Furniture,Bookshelf,1.0,0.15,9350.0,-4708.67,NetBanking,Cancelled,Loss
ORD04830,2026-07-29,CUST0213,Furniture,Office Chair,2.0,0.0,18000.0,4600.0,Card,Delivered,Profit
ORD04831,2026-02-10,CUST0564,Electronics,Monitor,2.0,0.05,34200.0,5579.43,Cash on Delivery,Delivered,Profit
ORD04832,2026-01-01,CUST0503,Electronics,Headphones,5.0,0.0,22500.0,7500.0,Cash on Delivery,Delivered,Profit
ORD04833,2025-10-24,CUST0080,Electronics,Laptop,15.0,0.1,742500.0,-466318.83,NetBanking,Returned,Loss
ORD04834,2026-05-25,CUST0325,Electronics,Laptop,1.0,0.1,49500.0,5445.61,Cash on Delivery,Delivered,Profit
ORD04835,2026-03-30,CUST0458,Accessories,Backpack,2.0,0.2,3520.0,1035.78,Card,Delivered,Profit
ORD04836,2025-08-02,CUST0060,Accessories,Webcam,10.0,0.1,37800.0,9227.82,Cash on Delivery,Delivered,Profit
ORD04837,2025-12-14,CUST0330,Electronics,Monitor,3.0,0.1,48600.0,7884.41,Card,Delivered,Profit
ORD04838,2026-06-26,CUST0343,Electronics,Monitor,6.0,0.1,97200.0,13402.56,Card,Delivered,Profit
ORD04839,2025-07-09,CUST0064,Electronics,Keyboard,2.0,0.05,4750.0,1481.54,Card,Delivered,Profit
ORD04840,2026-04-05,CUST0453,Electronics,Headphones,2.0,0.2,7200.0,1937.57,UPI,Delivered,Profit
ORD04841,2026-03-11,CUST0259,Furniture,Desk,1.0,0.05,14250.0,2936.43,Cash on Delivery,Delivered,Profit
ORD04842,2025-10-20,CUST0374,Accessories,Mouse,6.0,0.0,8400.0,3000.0,UPI,Shipped,Profit
ORD04843,2026-05-14,CUST0304,Furniture,Cabinet,3.0,0.1,35100.0,7007.62,Cash on Delivery,Shipped,Profit
ORD04844,2026-06-25,CUST0572,Office Supplies,Stapler,3.0,0.1,945.0,-361.97,UPI,Returned,Loss
ORD04845,2026-02-10,CUST0155,Furniture,Bookshelf,1.0,0.1,9900.0,1821.74,Card,Shipped,Profit
ORD04846,2025-07-10,CUST0157,Office Supplies,Desk Organizer,1.0,0.05,855.0,246.66,NetBanking,Shipped,Profit
ORD04847,2026-08-24,CUST0425,Office Supplies,Desk Organizer,4.0,0.15,3060.0,710.38,UPI,Delivered,Profit
ORD04848,2026-02-15,CUST0065,Furniture,Cabinet,2.0,0.15,22100.0,4642.02,UPI,Delivered,Profit
ORD04849,2026-06-26,CUST0443,Accessories,Usb Hub,3.0,0.3,3780.0,-2033.81,Cash on Delivery,Returned,Loss
ORD04850,2025-08-30,CUST0251,Furniture,Cabinet,1.0,0.05,12350.0,2817.01,Cash on Delivery,Delivered,Profit
ORD04851,2026-05-23,CUST0405,Accessories,Webcam,1.0,0.15,3570.0,691.03,NetBanking,Shipped,Profit
ORD04852,2025-11-01,CUST0349,Office Supplies,Printer,3.0,0.05,39900.0,7069.28,UPI,Delivered,Profit
ORD04853,2026-02-24,CUST0495,Electronics,Headphones,1.0,0.2,3600.0,946.28,UPI,Delivered,Profit
ORD04854,2025-10-19,CUST0557,Electronics,Keyboard,1.0,0.1,2250.0,620.29,NetBanking,Shipped,Profit
ORD04855,2026-02-24,CUST0081,Furniture,Office Chair,1.0,0.15,7650.0,1582.37,UPI,Delivered,Profit
ORD04856,2025-08-27,CUST0132,Furniture,Cabinet,2.0,0.05,24700.0,5693.85,Cash on Delivery,Shipped,Profit
ORD04857,2025-12-17,CUST0489,Furniture,Office Chair,10.0,0.05,85500.0,19301.6,Cash on Delivery,Delivered,Profit
ORD04858,2026-08-30,CUST0049,Office Supplies,Desk Organizer,3.0,0.15,2295.0,-1016.76,UPI,Returned,Loss
ORD04859,2026-04-20,CUST0065,Office Supplies,Desk Organizer,1.0,0.0,900.0,-22.32,UPI,Returned,Loss
ORD04860,2026-05-31,CUST0407,Office Supplies,Desk Organizer,1.0,0.1,810.0,212.15,Cash on Delivery,Delivered,Profit
ORD04861,2025-10-31,CUST0453,Electronics,Keyboard,1.0,0.0,2500.0,800.0,Card,Delivered,Profit
ORD04862,2026-08-18,CUST0258,Accessories,Backpack,6.0,0.2,10560.0,2386.15,UPI,Delivered,Profit
ORD04863,2026-06-06,CUST0403,Furniture,Bookshelf,4.0,0.2,35200.0,3562.53,UPI,Delivered,Profit
ORD04864,2025-10-19,CUST0126,Accessories,Backpack,10.0,0.1,19800.0,6357.09,Card,Shipped,Profit
ORD04865,2025-08-19,CUST0080,Office Supplies,Paper,3.0,0.05,1282.5,277.27,UPI,Delivered,Profit
ORD04866,2025-07-31,CUST0432,Office Supplies,Stapler,1.0,0.1,315.0,96.66,Cash on Delivery,Delivered,Profit
ORD04867,2026-07-05,CUST0282,Accessories,Usb Hub,3.0,0.05,5130.0,1791.2,NetBanking,Delivered,Profit
ORD04868,2026-01-26,CUST0215,Office Supplies,Desk Organizer,6.0,0.0,5400.0,1680.0,UPI,Delivered,Profit
ORD04869,2025-09-21,CUST0281,Office Supplies,Stapler,5.0,0.1,1575.0,477.43,NetBanking,Delivered,Profit
ORD04870,2026-06-28,CUST0523,Accessories,Usb Hub,6.0,0.05,10260.0,3555.34,UPI,Delivered,Profit
ORD04871,2026-04-24,CUST0072,Furniture,Desk,2.0,0.1,27000.0,-2583.23,UPI,Returned,Loss
ORD04872,2025-09-07,CUST0303,Electronics,Laptop,4.0,0.05,209000.0,28612.65,Card,Delivered,Profit
ORD04873,2026-06-10,CUST0182,Office Supplies,Stapler,1.0,0.05,332.5,105.62,UPI,Delivered,Profit
ORD04874,2026-04-24,CUST0175,Accessories,Usb Hub,3.0,0.1,4860.0,1530.91,Card,Delivered,Profit
ORD04875,2026-07-02,CUST0314,Furniture,Desk,2.0,0.1,27000.0,5547.19,NetBanking,Delivered,Profit
ORD04876,2026-05-06,CUST0485,Office Supplies,Printer,5.0,0.2,56000.0,-25031.47,NetBanking,Cancelled,Loss
ORD04877,2026-08-08,CUST0160,Office Supplies,Paper,2.0,0.15,765.0,105.88,Cash on Delivery,Delivered,Profit
ORD04878,2025-11-23,CUST0542,Office Supplies,Paper,3.0,0.1,1215.0,241.73,Cash on Delivery,Delivered,Profit
ORD04879,2026-04-29,CUST0342,Accessories,Mouse,4.0,0.05,5320.0,1797.48,Cash on Delivery,Shipped,Profit
ORD04880,2025-09-08,CUST0058,Office Supplies,Paper,3.0,0.1,1215.0,260.06,Cash on Delivery,Delivered,Profit
ORD04881,2025-09-08,CUST0130,Office Supplies,Paper,4.0,0.2,1440.0,230.72,Card,Delivered,Profit
ORD04882,2025-08-17,CUST0235,Electronics,Headphones,1.0,0.05,4275.0,1383.03,NetBanking,Delivered,Profit
ORD04883,2026-07-22,CUST0501,Furniture,Cabinet,1.0,0.15,11050.0,2082.62,Card,Delivered,Profit
ORD04884,2026-03-10,CUST0383,Electronics,Monitor,2.0,0.05,34200.0,5544.23,Card,Delivered,Profit
ORD04885,2026-01-16,CUST0500,Electronics,Monitor,1.0,0.2,14400.0,1876.83,NetBanking,Delivered,Profit
ORD04886,2025-11-02,CUST0430,Office Supplies,Stapler,15.0,0.0,5250.0,1800.0,Cash on Delivery,Shipped,Profit
ORD04887,2025-10-26,CUST0224,Electronics,Keyboard,1.0,0.1,2250.0,590.99,Card,Delivered,Profit
ORD04888,2025-08-18,CUST0291,Accessories,Webcam,1.0,0.15,3570.0,742.36,UPI,Delivered,Profit
ORD04889,2025-09-15,CUST0401,Office Supplies,Paper,4.0,0.2,1440.0,258.78,Card,Delivered,Profit
ORD04890,2026-08-20,CUST0073,Electronics,Laptop,1.0,0.15,46750.0,4685.65,Cash on Delivery,Delivered,Profit
ORD04891,2025-12-16,CUST0238,Furniture,Desk,3.0,0.15,38250.0,6300.69,Cash on Delivery,Delivered,Profit
ORD04892,2025-08-14,CUST0047,Electronics,Laptop,1.0,0.05,52250.0,7074.23,UPI,Delivered,Profit
ORD04893,2025-12-22,CUST0228,Electronics,Headphones,5.0,0.05,21375.0,6777.74,Cash on Delivery,Delivered,Profit
ORD04894,2025-11-27,CUST0166,Electronics,Laptop,1.0,0.15,46750.0,4731.94,UPI,Shipped,Profit
ORD04895,2026-07-27,CUST0083,Office Supplies,Stapler,2.0,0.1,630.0,-24.12,NetBanking,Returned,Loss
ORD04896,2026-02-07,CUST0169,Electronics,Keyboard,6.0,0.0,15000.0,4800.0,Cash on Delivery,Delivered,Profit
ORD04897,2025-11-16,CUST0098,Office Supplies,Stapler,3.0,0.0,1050.0,360.0,NetBanking,Delivered,Profit
ORD04898,2025-10-16,CUST0064,Office Supplies,Desk Organizer,3.0,0.0,2700.0,840.0,Card,Delivered,Profit
ORD04899,2026-06-16,CUST0040,Electronics,Headphones,1.0,0.1,4050.0,1269.83,NetBanking,Delivered,Profit
ORD04900,2026-01-15,CUST0590,Office Supplies,Stapler,6.0,0.1,1890.0,-368.45,NetBanking,Returned,Loss
ORD04901,2026-06-07,CUST0243,Accessories,Mouse,4.0,0.05,5320.0,407.23,Card,Cancelled,Profit
ORD04902,2025-08-20,CUST0284,Furniture,Desk,1.0,0.3,10500.0,1461.15,Cash on Delivery,Shipped,Profit
ORD04903,2025-07-17,CUST0396,Accessories,Webcam,15.0,0.1,56700.0,14605.15,Cash on Delivery,Delivered,Profit
ORD04904,2025-12-17,CUST0341,Office Supplies,Printer,3.0,0.2,33600.0,-10594.55,Cash on Delivery,Returned,Loss
ORD04905,2025-07-05,CUST0537,Office Supplies,Stapler,2.0,0.15,595.0,180.33,NetBanking,Delivered,Profit
ORD04906,2026-03-17,CUST0307,Furniture,Office Chair,2.0,0.15,15300.0,-1382.15,Cash on Delivery,Returned,Loss
ORD04907,2025-08-31,CUST0503,Furniture,Office Chair,1.0,0.2,7200.0,930.11,Cash on Delivery,Delivered,Profit
ORD04908,2025-11-12,CUST0593,Office Supplies,Desk Organizer,2.0,0.05,1710.0,501.93,UPI,Delivered,Profit
ORD04909,2026-05-12,CUST0359,Electronics,Laptop,1.0,0.05,52250.0,6721.29,UPI,Delivered,Profit
ORD04910,2025-07-15,CUST0292,Office Supplies,Desk Organizer,5.0,0.05,4275.0,-1579.42,UPI,Returned,Loss
ORD04911,2026-08-12,CUST0220,Electronics,Monitor,4.0,0.2,57600.0,3296.9,NetBanking,Delivered,Profit
ORD04912,2025-12-10,CUST0410,Accessories,Usb Hub,5.0,0.05,8550.0,2926.6,UPI,Delivered,Profit
ORD04913,2025-10-05,CUST0420,Office Supplies,Desk Organizer,1.0,0.0,900.0,280.0,Cash on Delivery,Delivered,Profit
ORD04914,2026-05-12,CUST0005,Accessories,Webcam,1.0,0.0,4200.0,1200.0,Card,Delivered,Profit
ORD04915,2026-02-07,CUST0025,Electronics,Monitor,5.0,0.15,76500.0,7087.86,Cash on Delivery,Delivered,Profit
ORD04916,2025-08-14,CUST0565,Electronics,Headphones,3.0,0.05,12825.0,-1510.84,Card,Cancelled,Loss
ORD04917,2025-09-24,CUST0393,Electronics,Keyboard,6.0,0.05,14250.0,4199.55,NetBanking,Delivered,Profit
ORD04918,2026-01-06,CUST0132,Electronics,Headphones,1.0,0.3,3150.0,594.88,NetBanking,Shipped,Profit
ORD04919,2025-11-13,CUST0129,Furniture,Desk,4.0,0.15,51000.0,-30213.95,Card,Returned,Loss
ORD04920,2025-11-03,CUST0152,Office Supplies,Paper,3.0,0.15,1147.5,215.48,Cash on Delivery,Delivered,Profit
ORD04921,2026-08-25,CUST0363,Furniture,Office Chair,1.0,0.15,7650.0,1228.21,UPI,Delivered,Profit
ORD04922,2025-08-13,CUST0199,Electronics,Headphones,2.0,0.0,9000.0,-3914.38,Cash on Delivery,Returned,Loss
ORD04923,2026-08-29,CUST0177,Furniture,Cabinet,3.0,0.15,33150.0,4685.28,NetBanking,Delivered,Profit
ORD04924,2025-08-05,CUST0526,Accessories,Backpack,1.0,0.1,1980.0,-792.17,NetBanking,Returned,Loss
ORD04925,2026-05-22,CUST0571,Office Supplies,Printer,4.0,0.05,53200.0,8990.11,UPI,Delivered,Profit
ORD04926,2026-06-27,CUST0478,Office Supplies,Printer,1.0,0.0,14000.0,2800.0,NetBanking,Delivered,Profit
ORD04927,2026-04-01,CUST0561,Office Supplies,Stapler,1.0,0.0,350.0,120.0,Card,Delivered,Profit
ORD04928,2026-06-16,CUST0119,Accessories,Usb Hub,1.0,0.2,1440.0,-579.9,UPI,Cancelled,Loss
ORD04929,2026-06-26,CUST0082,Electronics,Laptop,2.0,0.0,110000.0,18000.0,Cash on Delivery,Delivered,Profit
ORD04930,2025-12-07,CUST0489,Furniture,Bookshelf,6.0,0.15,56100.0,7585.59,Card,Delivered,Profit
ORD04931,2026-03-26,CUST0081,Electronics,Laptop,5.0,0.15,233750.0,13262.13,Cash on Delivery,Delivered,Profit
ORD04932,2026-03-27,CUST0585,Furniture,Bookshelf,2.0,0.15,18700.0,-5514.41,Card,Returned,Loss
ORD04933,2025-12-19,CUST0301,Office Supplies,Paper,2.0,0.3,630.0,-2.22,Card,Delivered,Loss
ORD04934,2026-03-17,CUST0475,Furniture,Office Chair,3.0,0.0,27000.0,6900.0,Cash on Delivery,Shipped,Profit
ORD04935,2026-04-10,CUST0053,Office Supplies,Stapler,1.0,0.1,315.0,100.1,NetBanking,Delivered,Profit
ORD04936,2025-09-14,CUST0550,Furniture,Cabinet,2.0,0.1,23400.0,5114.83,Card,Shipped,Profit
ORD04937,2025-11-04,CUST0167,Office Supplies,Paper,1.0,0.2,360.0,-165.64,UPI,Returned,Loss
ORD04938,2026-04-19,CUST0326,Office Supplies,Stapler,1.0,0.1,315.0,91.89,UPI,Delivered,Profit
ORD04939,2025-07-22,CUST0473,Office Supplies,Stapler,2.0,0.1,630.0,180.88,NetBanking,Delivered,Profit
ORD04940,2026-05-01,CUST0515,Electronics,Headphones,3.0,0.1,12150.0,3852.62,Card,Delivered,Profit
ORD04941,2026-03-18,CUST0289,Furniture,Bookshelf,5.0,0.2,44000.0,-4760.36,Card,Returned,Loss
ORD04942,2026-04-22,CUST0064,Accessories,Webcam,1.0,0.15,3570.0,683.29,UPI,Delivered,Profit
ORD04943,2026-02-11,CUST0425,Furniture,Bookshelf,3.0,0.0,33000.0,7800.0,Card,Delivered,Profit
ORD04944,2026-01-23,CUST0397,Office Supplies,Paper,3.0,0.1,1215.0,237.39,NetBanking,Delivered,Profit
ORD04945,2026-02-16,CUST0151,Office Supplies,Desk Organizer,4.0,0.1,3240.0,858.71,UPI,Delivered,Profit
ORD04946,2026-07-06,CUST0162,Office Supplies,Printer,10.0,0.15,119000.0,14768.7,UPI,Delivered,Profit
ORD04947,2026-07-16,CUST0485,Electronics,Keyboard,3.0,0.1,6750.0,1878.46,NetBanking,Delivered,Profit
ORD04948,2025-08-20,CUST0081,Electronics,Monitor,4.0,0.05,68400.0,11854.46,Card,Delivered,Profit
ORD04949,2025-09-11,CUST0257,Furniture,Cabinet,3.0,0.0,39000.0,9600.0,NetBanking,Delivered,Profit
ORD04950,2025-11-05,CUST0052,Office Supplies,Stapler,10.0,0.1,3150.0,975.04,UPI,Delivered,Profit
ORD04951,2025-08-03,CUST0140,Accessories,Backpack,5.0,0.05,10450.0,81.07,Card,Returned,Profit
ORD04952,2026-08-26,CUST0016,Electronics,Headphones,2.0,0.2,7200.0,1871.88,Card,Delivered,Profit
ORD04953,2026-03-17,CUST0161,Electronics,Keyboard,3.0,0.2,6000.0,1328.9,NetBanking,Delivered,Profit
ORD04954,2026-01-17,CUST0430,Electronics,Laptop,6.0,0.05,313500.0,-101989.48,NetBanking,Returned,Loss
ORD04955,2026-03-28,CUST0299,Accessories,Webcam,1.0,0.1,3780.0,885.69,NetBanking,Shipped,Profit
ORD04956,2025-07-21,CUST0292,Accessories,Backpack,1.0,0.05,2090.0,671.82,Card,Delivered,Profit
ORD04957,2026-06-25,CUST0363,Electronics,Laptop,2.0,0.1,99000.0,11430.44,Card,Delivered,Profit
ORD04958,2025-10-28,CUST0344,Accessories,Usb Hub,6.0,0.15,9180.0,2866.83,Card,Delivered,Profit
ORD04959,2026-07-29,CUST0553,Electronics,Keyboard,1.0,0.15,2125.0,577.65,UPI,Delivered,Profit
ORD04960,2026-05-24,CUST0281,Furniture,Bookshelf,6.0,0.0,66000.0,-34703.21,Cash on Delivery,Returned,Loss
ORD04961,2025-10-26,CUST0335,Electronics,Keyboard,6.0,0.1,13500.0,3858.58,UPI,Delivered,Profit
ORD04962,2026-06-01,CUST0333,Accessories,Webcam,3.0,0.1,11340.0,2712.52,NetBanking,Delivered,Profit
ORD04963,2025-11-08,CUST0471,Electronics,Headphones,2.0,0.05,8550.0,2681.69,Cash on Delivery,Delivered,Profit
ORD04964,2026-07-12,CUST0012,Electronics,Keyboard,1.0,0.0,2500.0,800.0,Cash on Delivery,Shipped,Profit
ORD04965,2025-11-14,CUST0390,Office Supplies,Printer,3.0,0.15,35700.0,4998.8,UPI,Delivered,Profit
ORD04966,2026-07-27,CUST0020,Electronics,Monitor,3.0,0.1,48600.0,6711.56,Card,Delivered,Profit
ORD04967,2025-07-04,CUST0181,Electronics,Laptop,1.0,0.15,46750.0,3616.19,UPI,Shipped,Profit
ORD04968,2025-08-11,CUST0106,Electronics,Headphones,3.0,0.0,13500.0,4500.0,Card,Delivered,Profit
ORD04969,2025-08-03,CUST0062,Office Supplies,Printer,1.0,0.2,11200.0,1455.71,UPI,Delivered,Profit
ORD04970,2025-07-09,CUST0292,Electronics,Laptop,6.0,0.3,231000.0,-10140.14,UPI,Shipped,Loss
ORD04971,2026-04-30,CUST0179,Electronics,Headphones,2.0,0.1,8100.0,2496.93,Cash on Delivery,Delivered,Profit
ORD04972,2025-09-19,CUST0190,Office Supplies,Stapler,5.0,0.05,1662.5,535.11,Card,Delivered,Profit
ORD04973,2026-03-15,CUST0006,Furniture,Desk,2.0,0.1,27000.0,-15053.32,UPI,Cancelled,Loss
ORD04974,2026-08-16,CUST0128,Electronics,Headphones,1.0,0.1,4050.0,1174.8,Cash on Delivery,Delivered,Profit
ORD04975,2026-01-20,CUST0152,Electronics,Keyboard,4.0,0.1,9000.0,2683.62,Card,Delivered,Profit
ORD04976,2026-03-27,CUST0597,Electronics,Laptop,2.0,0.1,99000.0,9402.57,NetBanking,Delivered,Profit
ORD04977,2025-12-30,CUST0229,Accessories,Backpack,1.0,0.0,2200.0,750.0,Card,Delivered,Profit
ORD04978,2026-06-28,CUST0528,Furniture,Office Chair,1.0,0.05,8550.0,-2142.95,UPI,Returned,Loss
ORD04979,2025-11-18,CUST0585,Accessories,Backpack,2.0,0.0,4400.0,1500.0,NetBanking,Delivered,Profit
ORD04980,2026-03-10,CUST0156,Office Supplies,Desk Organizer,3.0,0.05,2565.0,726.13,NetBanking,Delivered,Profit
ORD04981,2026-01-11,CUST0597,Electronics,Headphones,4.0,0.1,16200.0,4641.74,Cash on Delivery,Delivered,Profit
ORD04982,2025-07-05,CUST0086,Electronics,Laptop,2.0,0.2,88000.0,-33162.71,Card,Cancelled,Loss
ORD04983,2026-05-08,CUST0434,Accessories,Usb Hub,5.0,0.1,8100.0,2602.85,NetBanking,Delivered,Profit
ORD04984,2026-01-24,CUST0229,Electronics,Keyboard,2.0,0.1,4500.0,1293.69,NetBanking,Delivered,Profit
ORD04985,2025-08-14,CUST0206,Electronics,Headphones,3.0,0.0,13500.0,4500.0,NetBanking,Delivered,Profit
ORD04986,2026-07-22,CUST0359,Accessories,Mouse,2.0,0.1,2520.0,855.48,UPI,Delivered,Profit
ORD04987,2026-04-23,CUST0535,Accessories,Usb Hub,2.0,0.15,3060.0,988.92,Cash on Delivery,Delivered,Profit
ORD04988,2025-11-04,CUST0140,Office Supplies,Paper,1.0,0.2,360.0,60.15,Cash on Delivery,Delivered,Profit
ORD04989,2025-09-17,CUST0551,Office Supplies,Printer,1.0,0.15,11900.0,-1812.47,NetBanking,Returned,Loss
ORD04990,2025-12-09,CUST0334,Electronics,Keyboard,4.0,0.1,9000.0,2485.62,Cash on Delivery,Delivered,Profit
ORD04991,2025-09-14,CUST0579,Accessories,Mouse,5.0,0.0,7000.0,2500.0,UPI,Delivered,Profit
ORD04992,2026-06-18,CUST0457,Electronics,Laptop,1.0,0.0,55000.0,9000.0,NetBanking,Delivered,Profit
ORD04993,2025-10-15,CUST0165,Electronics,Laptop,4.0,0.1,198000.0,22188.22,UPI,Delivered,Profit
ORD04994,2025-07-25,CUST0383,Office Supplies,Paper,1.0,0.0,450.0,110.0,Cash on Delivery,Shipped,Profit
ORD04995,2026-05-09,CUST0372,Electronics,Headphones,4.0,0.1,16200.0,4568.27,UPI,Delivered,Profit
ORD04996,2025-08-31,CUST0353,Office Supplies,Printer,1.0,0.1,12600.0,1954.02,NetBanking,Delivered,Profit
ORD04997,2025-11-09,CUST0489,Office Supplies,Paper,4.0,0.1,1620.0,295.08,Card,Delivered,Profit
ORD04998,2025-08-23,CUST0175,Electronics,Monitor,3.0,0.15,45900.0,3874.94,Cash on Delivery,Shipped,Profit
ORD04999,2025-10-08,CUST0206,Accessories,Usb Hub,1.0,0.1,1620.0,519.19,UPI,Delivered,Profit
ORD05000,2025-12-15,CUST0063,Electronics,Headphones,1.0,0.0,4500.0,1500.0,Card,Shipped,Profit
